doctor_id,login_hour,session_minutes,records_viewed,downloads,departments_accessed,failed_logins,unknown_device,external_ip,after_hours,export_all,label,created_at
DOC001,9.83,505.0,25,1,1,0,0,0,0,0,normal,2026-07-25 09:26:00
DOC001,9.61,429.0,25,3,1,0,0,0,0,0,normal,2026-07-25 09:53:00
DOC001,9.59,413.0,22,3,1,0,0,0,0,0,normal,2026-07-25 09:23:00
DOC001,10.12,409.0,28,1,1,0,0,0,0,0,normal,2026-07-24 10:02:00
DOC001,10.37,409.0,21,1,1,0,0,0,0,0,normal,2026-07-23 10:31:00
DOC001,9.83,460.0,23,2,1,0,0,0,0,0,normal,2026-07-23 09:16:00
DOC001,10.57,418.0,21,1,1,0,0,0,0,0,normal,2026-07-22 10:52:00
DOC001,10.45,427.0,26,2,1,0,0,0,0,0,normal,2026-07-21 10:25:00
DOC001,9.8,511.0,21,3,1,0,0,0,0,0,normal,2026-07-21 09:52:00
DOC001,9.56,420.0,19,1,1,0,0,0,0,0,normal,2026-07-20 09:11:00
DOC001,10.07,516.0,24,3,1,0,0,0,0,0,normal,2026-07-18 10:34:00
DOC001,9.62,425.0,27,1,1,0,0,0,0,0,normal,2026-07-18 09:51:00
DOC001,10.52,424.0,19,1,1,0,0,0,0,0,normal,2026-07-17 10:23:00
DOC001,9.75,422.0,22,1,1,0,0,0,0,0,normal,2026-07-16 09:11:00
DOC001,10.64,437.0,29,2,1,0,0,0,0,0,normal,2026-07-16 10:20:00
DOC001,10.56,420.0,26,1,1,0,0,0,0,0,normal,2026-07-15 10:53:00
DOC001,9.49,483.0,29,2,1,0,0,0,0,0,normal,2026-07-14 09:24:00
DOC001,9.8,486.0,26,1,1,0,0,0,0,0,normal,2026-07-13 09:05:00
DOC001,10.75,463.0,19,1,1,0,0,0,0,0,normal,2026-07-13 10:39:00
DOC001,10.42,440.0,18,1,1,0,0,0,0,0,normal,2026-07-11 10:38:00
DOC001,10.75,504.0,23,2,1,0,0,0,0,0,normal,2026-07-11 10:12:00
DOC001,10.38,430.0,22,3,1,0,0,0,0,0,normal,2026-07-10 10:45:00
DOC001,10.65,496.0,28,1,1,0,0,0,0,0,normal,2026-07-10 10:35:00
DOC001,9.43,449.0,22,3,1,0,0,0,0,0,normal,2026-07-10 09:29:00
DOC001,10.11,484.0,20,1,1,0,0,0,0,0,normal,2026-07-09 10:37:00
DOC001,10.45,458.0,27,2,1,0,0,0,0,0,normal,2026-07-09 10:04:00
DOC001,10.49,481.0,30,3,1,0,0,0,0,0,normal,2026-07-08 10:22:00
DOC001,9.6,506.0,27,2,1,0,0,0,0,0,normal,2026-07-08 09:50:00
DOC001,9.45,494.0,29,2,1,0,0,0,0,0,normal,2026-07-08 09:34:00
DOC001,10.76,476.0,28,1,1,0,0,0,0,0,normal,2026-07-07 10:37:00
DOC001,10.46,452.0,30,1,1,0,0,0,0,0,normal,2026-07-07 10:13:00
DOC001,10.01,434.0,24,3,1,0,0,0,0,0,normal,2026-07-06 10:04:00
DOC001,10.14,481.0,29,1,1,0,0,0,0,0,normal,2026-07-06 10:34:00
DOC001,9.77,423.0,25,3,1,0,0,0,0,0,normal,2026-07-06 09:42:00
DOC001,10.22,425.0,28,1,1,0,0,0,0,0,normal,2026-07-04 10:22:00
DOC001,9.41,494.0,20,3,1,0,0,0,0,0,normal,2026-07-04 09:56:00
DOC001,10.79,480.0,27,3,1,0,0,0,0,0,normal,2026-07-03 10:23:00
DOC001,10.5,451.0,24,1,1,0,0,0,0,0,normal,2026-07-03 10:05:00
DOC001,9.64,441.0,22,3,1,0,0,0,0,0,normal,2026-07-02 09:27:00
DOC001,10.29,467.0,23,1,1,0,0,0,0,0,normal,2026-07-02 10:20:00
DOC001,10.5,451.0,25,2,1,0,0,0,0,0,normal,2026-07-02 10:00:00
DOC001,10.56,505.0,20,3,1,0,0,0,0,0,normal,2026-07-01 10:21:00
DOC001,9.83,451.0,21,1,1,0,0,0,0,0,normal,2026-07-01 09:52:00
DOC001,9.9,406.0,20,3,1,0,0,0,0,0,normal,2026-06-30 09:40:00
DOC001,9.6,439.0,28,3,1,0,0,0,0,0,normal,2026-06-30 09:21:00
DOC001,10.68,436.0,26,1,1,0,0,0,0,0,normal,2026-06-29 10:21:00
DOC001,10.39,517.0,23,3,1,0,0,0,0,0,normal,2026-06-27 10:34:00
DOC001,10.4,430.0,22,2,1,0,0,0,0,0,normal,2026-06-27 10:57:00
DOC001,9.61,435.0,22,2,1,0,0,0,0,0,normal,2026-06-27 09:52:00
DOC001,10.22,451.0,26,2,1,0,0,0,0,0,normal,2026-06-26 10:09:00
DOC001,9.67,519.0,20,3,1,0,0,0,0,0,normal,2026-06-25 09:32:00
DOC001,10.08,482.0,18,3,1,0,0,0,0,0,normal,2026-06-25 10:26:00
DOC001,9.88,510.0,18,2,1,0,0,0,0,0,normal,2026-06-25 09:34:00
DOC001,9.94,424.0,26,3,1,0,0,0,0,0,normal,2026-06-24 09:46:00
DOC001,10.13,499.0,25,3,1,0,0,0,0,0,normal,2026-06-24 10:26:00
DOC001,10.15,437.0,24,2,1,0,0,0,0,0,normal,2026-06-23 10:07:00
DOC001,10.22,514.0,30,2,1,0,0,0,0,0,normal,2026-06-22 10:41:00
DOC001,10.61,467.0,29,2,1,0,0,0,0,0,normal,2026-06-22 10:16:00
DOC001,10.04,410.0,22,3,1,0,0,0,0,0,normal,2026-06-22 10:16:00
DOC001,10.67,459.0,19,1,1,0,0,0,0,0,normal,2026-06-20 10:35:00
DOC001,9.92,439.0,22,2,1,0,0,0,0,0,normal,2026-06-19 09:48:00
DOC001,9.66,469.0,26,3,1,0,0,0,0,0,normal,2026-06-19 09:09:00
DOC001,10.43,409.0,24,2,1,0,0,0,0,0,normal,2026-06-18 10:19:00
DOC001,10.18,508.0,21,1,1,0,0,0,0,0,normal,2026-06-18 10:48:00
DOC001,9.8,404.0,27,1,1,0,0,0,0,0,normal,2026-06-18 09:39:00
DOC001,10.27,462.0,28,1,1,0,0,0,0,0,normal,2026-06-17 10:47:00
DOC001,10.31,502.0,25,2,1,0,0,0,0,0,normal,2026-06-17 10:00:00
DOC001,10.52,435.0,27,1,1,0,0,0,0,0,normal,2026-06-16 10:11:00
DOC001,9.97,500.0,28,3,1,0,0,0,0,0,normal,2026-06-16 09:25:00
DOC001,10.19,407.0,20,2,1,0,0,0,0,0,normal,2026-06-16 10:36:00
DOC001,10.12,438.0,30,1,1,0,0,0,0,0,normal,2026-06-15 10:35:00
DOC001,9.56,468.0,23,1,1,0,0,0,0,0,normal,2026-06-13 09:19:00
DOC001,10.32,417.0,19,1,1,0,0,0,0,0,normal,2026-06-13 10:31:00
DOC001,10.21,411.0,18,3,1,0,0,0,0,0,normal,2026-06-13 10:22:00
DOC001,10.35,521.0,22,1,1,0,0,0,0,0,normal,2026-06-12 10:54:00
DOC001,10.58,482.0,29,1,1,0,0,0,0,0,normal,2026-06-12 10:35:00
DOC001,10.18,467.0,25,1,1,0,0,0,0,0,normal,2026-06-12 10:59:00
DOC001,10.32,414.0,20,3,1,0,0,0,0,0,normal,2026-06-11 10:02:00
DOC001,10.44,459.0,25,1,1,0,0,0,0,0,normal,2026-06-11 10:59:00
DOC001,10.6,475.0,28,1,1,0,0,0,0,0,normal,2026-06-11 10:42:00
DOC001,10.3,464.0,20,2,1,0,0,0,0,0,normal,2026-06-10 10:07:00
DOC001,10.35,453.0,19,3,1,0,0,0,0,0,normal,2026-06-10 10:22:00
DOC001,9.87,432.0,19,2,1,0,0,0,0,0,normal,2026-06-09 09:34:00
DOC001,10.19,466.0,25,2,1,0,0,0,0,0,normal,2026-06-08 10:48:00
DOC001,10.13,448.0,24,3,1,0,0,0,0,0,normal,2026-06-08 10:10:00
DOC001,10.56,435.0,23,2,1,0,0,0,0,0,normal,2026-06-08 10:14:00
DOC001,9.7,475.0,20,3,1,0,0,0,0,0,normal,2026-06-06 09:05:00
DOC001,9.98,409.0,28,3,1,0,0,0,0,0,normal,2026-06-06 09:51:00
DOC001,9.92,432.0,29,3,1,0,0,0,0,0,normal,2026-06-06 09:30:00
DOC001,10.03,504.0,20,2,1,0,0,0,0,0,normal,2026-06-05 10:06:00
DOC001,10.49,404.0,30,1,1,0,0,0,0,0,normal,2026-06-05 10:44:00
DOC001,9.87,481.0,20,2,1,0,0,0,0,0,normal,2026-06-04 09:49:00
DOC001,10.27,425.0,23,2,1,0,0,0,0,0,normal,2026-06-03 10:50:00
DOC001,9.47,405.0,25,2,1,0,0,0,0,0,normal,2026-06-03 09:40:00
DOC001,9.73,447.0,18,3,1,0,0,0,0,0,normal,2026-06-02 09:16:00
DOC001,10.78,465.0,27,1,1,0,0,0,0,0,normal,2026-06-01 10:20:00
DOC001,10.38,462.0,29,1,1,0,0,0,0,0,normal,2026-05-30 10:06:00
DOC001,9.94,441.0,30,2,1,0,0,0,0,0,normal,2026-05-30 09:31:00
DOC001,10.76,503.0,26,2,1,0,0,0,0,0,normal,2026-05-30 10:07:00
DOC001,9.41,422.0,19,1,1,0,0,0,0,0,normal,2026-05-29 09:20:00
DOC001,9.71,517.0,18,3,1,0,0,0,0,0,normal,2026-05-28 09:18:00
DOC001,9.78,518.0,27,2,1,0,0,0,0,0,normal,2026-05-27 09:57:00
DOC002,8.89,566.0,43,6,1,0,0,0,0,0,normal,2026-07-25 08:46:00
DOC002,8.23,550.0,48,4,1,0,0,0,0,0,normal,2026-07-24 08:47:00
DOC002,8.39,619.0,46,4,1,0,0,0,0,0,normal,2026-07-23 08:44:00
DOC002,8.76,561.0,50,5,1,0,0,0,0,0,normal,2026-07-23 08:31:00
DOC002,8.4,567.0,42,5,1,0,0,0,0,0,normal,2026-07-22 08:26:00
DOC002,8.16,618.0,40,4,1,0,0,0,0,0,normal,2026-07-22 08:47:00
DOC002,9.13,562.0,45,6,1,0,0,0,0,0,normal,2026-07-21 09:25:00
DOC002,8.31,609.0,44,4,1,0,0,0,0,0,normal,2026-07-20 08:37:00
DOC002,8.57,583.0,43,5,1,0,0,0,0,0,normal,2026-07-20 08:27:00
DOC002,8.84,624.0,42,5,1,0,0,0,0,0,normal,2026-07-20 08:07:00
DOC002,9.12,590.0,46,6,1,0,0,0,0,0,normal,2026-07-18 09:41:00
DOC002,9.1,632.0,40,6,1,0,0,0,0,0,normal,2026-07-18 09:05:00
DOC002,8.36,626.0,44,5,1,0,0,0,0,0,normal,2026-07-18 08:04:00
DOC002,8.29,529.0,41,4,1,0,0,0,0,0,normal,2026-07-17 08:53:00
DOC002,8.74,525.0,42,6,1,0,0,0,0,0,normal,2026-07-17 08:19:00
DOC002,8.62,563.0,50,4,1,0,0,0,0,0,normal,2026-07-17 08:58:00
DOC002,8.69,537.0,46,6,1,0,0,0,0,0,normal,2026-07-16 08:59:00
DOC002,9.04,542.0,48,6,1,0,0,0,0,0,normal,2026-07-16 09:58:00
DOC002,8.67,625.0,41,4,1,0,0,0,0,0,normal,2026-07-15 08:40:00
DOC002,8.04,582.0,44,6,1,0,0,0,0,0,normal,2026-07-15 08:26:00
DOC002,8.46,586.0,43,4,1,0,0,0,0,0,normal,2026-07-15 08:38:00
DOC002,8.79,598.0,48,5,1,0,0,0,0,0,normal,2026-07-14 08:42:00
DOC002,8.77,614.0,44,5,1,0,0,0,0,0,normal,2026-07-14 08:28:00
DOC002,8.07,530.0,51,5,1,0,0,0,0,0,normal,2026-07-13 08:09:00
DOC002,8.86,528.0,48,6,1,0,0,0,0,0,normal,2026-07-13 08:27:00
DOC002,8.79,569.0,43,5,1,0,0,0,0,0,normal,2026-07-11 08:46:00
DOC002,8.64,540.0,50,4,1,0,0,0,0,0,normal,2026-07-11 08:48:00
DOC002,8.84,597.0,43,4,1,0,0,0,0,0,normal,2026-07-10 08:58:00
DOC002,9.13,627.0,49,4,1,0,0,0,0,0,normal,2026-07-10 09:47:00
DOC002,8.39,618.0,46,4,1,0,0,0,0,0,normal,2026-07-10 08:29:00
DOC002,8.48,566.0,50,5,1,0,0,0,0,0,normal,2026-07-09 08:35:00
DOC002,7.81,603.0,47,4,1,0,0,0,0,0,normal,2026-07-09 07:06:00
DOC002,8.75,528.0,40,5,1,0,0,0,0,0,normal,2026-07-09 08:20:00
DOC002,8.93,609.0,47,6,1,0,0,0,0,0,normal,2026-07-08 08:52:00
DOC002,9.08,546.0,44,5,1,0,0,0,0,0,normal,2026-07-08 09:38:00
DOC002,9.08,530.0,40,4,1,0,0,0,0,0,normal,2026-07-08 09:16:00
DOC002,8.13,542.0,47,4,1,0,0,0,0,0,normal,2026-07-07 08:09:00
DOC002,8.13,614.0,42,6,1,0,0,0,0,0,normal,2026-07-07 08:39:00
DOC002,8.6,578.0,49,5,1,0,0,0,0,0,normal,2026-07-07 08:28:00
DOC002,8.0,589.0,49,6,1,0,0,0,0,0,normal,2026-07-06 07:28:00
DOC002,8.8,536.0,42,5,1,0,0,0,0,0,normal,2026-07-06 08:56:00
DOC002,8.41,575.0,41,4,1,0,0,0,0,0,normal,2026-07-04 08:54:00
DOC002,8.91,623.0,50,6,1,0,0,0,0,0,normal,2026-07-03 08:19:00
DOC002,7.94,618.0,50,6,1,0,0,0,0,0,normal,2026-07-03 07:46:00
DOC002,9.1,531.0,46,4,1,0,0,0,0,0,normal,2026-07-02 09:09:00
DOC002,7.84,622.0,40,5,1,0,0,0,0,0,normal,2026-07-01 07:07:00
DOC002,8.76,546.0,40,4,1,0,0,0,0,0,normal,2026-07-01 08:13:00
DOC002,8.78,606.0,42,6,1,0,0,0,0,0,normal,2026-07-01 08:59:00
DOC002,8.97,527.0,48,6,1,0,0,0,0,0,normal,2026-06-30 08:58:00
DOC002,8.08,564.0,49,6,1,0,0,0,0,0,normal,2026-06-29 08:46:00
DOC002,8.69,536.0,39,4,1,0,0,0,0,0,normal,2026-06-29 08:35:00
DOC002,8.63,558.0,39,5,1,0,0,0,0,0,normal,2026-06-29 08:52:00
DOC002,8.92,622.0,45,4,1,0,0,0,0,0,normal,2026-06-27 08:41:00
DOC002,7.97,515.0,45,6,1,0,0,0,0,0,normal,2026-06-27 07:15:00
DOC002,8.57,527.0,47,6,1,0,0,0,0,0,normal,2026-06-26 08:17:00
DOC002,7.8,634.0,49,5,1,0,0,0,0,0,normal,2026-06-26 07:19:00
DOC002,9.02,571.0,40,6,1,0,0,0,0,0,normal,2026-06-26 09:41:00
DOC002,9.04,582.0,50,4,1,0,0,0,0,0,normal,2026-06-25 09:16:00
DOC002,8.04,515.0,50,6,1,0,0,0,0,0,normal,2026-06-25 08:12:00
DOC002,8.89,570.0,44,5,1,0,0,0,0,0,normal,2026-06-25 08:58:00
DOC002,8.61,550.0,40,6,1,0,0,0,0,0,normal,2026-06-24 08:30:00
DOC002,8.15,586.0,44,6,1,0,0,0,0,0,normal,2026-06-23 08:41:00
DOC002,7.94,550.0,49,6,1,0,0,0,0,0,normal,2026-06-23 07:09:00
DOC002,8.12,540.0,45,5,1,0,0,0,0,0,normal,2026-06-22 08:53:00
DOC002,9.02,559.0,44,5,1,0,0,0,0,0,normal,2026-06-22 09:38:00
DOC002,7.82,567.0,45,6,1,0,0,0,0,0,normal,2026-06-22 07:46:00
DOC002,7.93,532.0,51,5,1,0,0,0,0,0,normal,2026-06-20 07:19:00
DOC002,8.07,584.0,49,6,1,0,0,0,0,0,normal,2026-06-20 08:32:00
DOC002,7.87,603.0,47,6,1,0,0,0,0,0,normal,2026-06-19 07:35:00
DOC002,8.12,594.0,45,6,1,0,0,0,0,0,normal,2026-06-18 08:35:00
DOC002,8.74,594.0,41,6,1,0,0,0,0,0,normal,2026-06-18 08:29:00
DOC002,8.7,566.0,42,5,1,0,0,0,0,0,normal,2026-06-17 08:29:00
DOC002,8.16,589.0,42,4,1,0,0,0,0,0,normal,2026-06-17 08:29:00
DOC002,7.84,521.0,50,5,1,0,0,0,0,0,normal,2026-06-17 07:54:00
DOC002,8.72,532.0,45,6,1,0,0,0,0,0,normal,2026-06-16 08:40:00
DOC002,9.07,588.0,50,4,1,0,0,0,0,0,normal,2026-06-16 09:29:00
DOC002,8.92,529.0,49,4,1,0,0,0,0,0,normal,2026-06-16 08:31:00
DOC002,8.72,623.0,40,6,1,0,0,0,0,0,normal,2026-06-15 08:43:00
DOC002,9.1,539.0,49,6,1,0,0,0,0,0,normal,2026-06-13 09:12:00
DOC002,7.86,621.0,44,5,1,0,0,0,0,0,normal,2026-06-13 07:35:00
DOC002,8.07,625.0,44,6,1,0,0,0,0,0,normal,2026-06-13 08:03:00
DOC002,8.67,609.0,46,4,1,0,0,0,0,0,normal,2026-06-12 08:48:00
DOC002,8.42,621.0,42,5,1,0,0,0,0,0,normal,2026-06-12 08:08:00
DOC002,8.09,540.0,45,6,1,0,0,0,0,0,normal,2026-06-11 08:16:00
DOC002,8.92,630.0,42,5,1,0,0,0,0,0,normal,2026-06-11 08:00:00
DOC002,8.89,517.0,43,4,1,0,0,0,0,0,normal,2026-06-11 08:25:00
DOC002,8.64,612.0,41,5,1,0,0,0,0,0,normal,2026-06-10 08:27:00
DOC002,8.37,562.0,49,6,1,0,0,0,0,0,normal,2026-06-10 08:51:00
DOC002,8.93,546.0,45,6,1,0,0,0,0,0,normal,2026-06-10 08:41:00
DOC002,8.61,621.0,41,5,1,0,0,0,0,0,normal,2026-06-09 08:19:00
DOC002,8.31,542.0,50,5,1,0,0,0,0,0,normal,2026-06-08 08:42:00
DOC002,9.0,591.0,44,5,1,0,0,0,0,0,normal,2026-06-08 09:54:00
DOC002,7.91,530.0,49,6,1,0,0,0,0,0,normal,2026-06-08 07:24:00
DOC002,8.14,521.0,43,4,1,0,0,0,0,0,normal,2026-06-06 08:20:00
DOC002,8.47,540.0,50,4,1,0,0,0,0,0,normal,2026-06-06 08:45:00
DOC002,8.8,621.0,47,6,1,0,0,0,0,0,normal,2026-06-06 08:27:00
DOC002,8.31,582.0,46,6,1,0,0,0,0,0,normal,2026-06-05 08:23:00
DOC002,7.9,606.0,49,4,1,0,0,0,0,0,normal,2026-06-05 07:53:00
DOC002,8.02,581.0,50,4,1,0,0,0,0,0,normal,2026-06-05 08:53:00
DOC002,8.75,541.0,46,5,1,0,0,0,0,0,normal,2026-06-04 08:54:00
DOC002,8.36,580.0,41,6,1,0,0,0,0,0,normal,2026-06-03 08:10:00
DOC002,9.17,620.0,48,4,1,0,0,0,0,0,normal,2026-06-03 09:52:00
DOC002,8.7,539.0,40,4,1,0,0,0,0,0,normal,2026-06-03 08:34:00
DOC002,8.57,585.0,40,4,1,0,0,0,0,0,normal,2026-06-02 08:54:00
DOC002,8.61,608.0,46,6,1,0,0,0,0,0,normal,2026-06-01 08:21:00
DOC002,8.61,538.0,48,4,1,0,0,0,0,0,normal,2026-05-30 08:35:00
DOC002,7.88,621.0,51,5,1,0,0,0,0,0,normal,2026-05-29 07:59:00
DOC002,8.57,549.0,41,4,1,0,0,0,0,0,normal,2026-05-29 08:29:00
DOC002,8.98,600.0,44,4,1,0,0,0,0,0,normal,2026-05-28 08:51:00
DOC002,8.99,585.0,50,5,1,0,0,0,0,0,normal,2026-05-28 08:54:00
DOC002,7.87,554.0,44,5,1,0,0,0,0,0,normal,2026-05-28 07:33:00
DOC002,8.92,596.0,40,6,1,0,0,0,0,0,normal,2026-05-27 08:14:00
DOC002,9.16,609.0,45,4,1,0,0,0,0,0,normal,2026-05-27 09:35:00
DOC003,8.89,487.0,49,5,1,0,0,0,0,0,normal,2026-07-25 08:13:00
DOC003,9.08,477.0,38,5,1,0,0,0,0,0,normal,2026-07-25 09:45:00
DOC003,8.05,470.0,41,5,1,0,0,0,0,0,normal,2026-07-24 08:57:00
DOC003,9.04,475.0,49,3,1,0,0,0,0,0,normal,2026-07-23 09:01:00
DOC003,8.28,529.0,39,4,1,0,0,0,0,0,normal,2026-07-23 08:01:00
DOC003,8.96,561.0,47,5,1,0,0,0,0,0,normal,2026-07-22 08:32:00
DOC003,8.15,489.0,49,4,1,0,0,0,0,0,normal,2026-07-21 08:49:00
DOC003,8.94,453.0,40,5,1,0,0,0,0,0,normal,2026-07-20 08:33:00
DOC003,7.94,465.0,50,3,1,0,0,0,0,0,normal,2026-07-18 07:11:00
DOC003,8.02,468.0,46,4,1,0,0,0,0,0,normal,2026-07-17 08:52:00
DOC003,8.5,479.0,43,3,1,0,0,0,0,0,normal,2026-07-16 08:05:00
DOC003,8.49,458.0,39,3,1,0,0,0,0,0,normal,2026-07-16 08:55:00
DOC003,8.15,476.0,47,3,1,0,0,0,0,0,normal,2026-07-16 08:15:00
DOC003,8.53,555.0,46,4,1,0,0,0,0,0,normal,2026-07-15 08:30:00
DOC003,9.13,511.0,38,3,1,0,0,0,0,0,normal,2026-07-15 09:20:00
DOC003,8.83,467.0,46,4,1,0,0,0,0,0,normal,2026-07-15 08:41:00
DOC003,7.94,484.0,41,5,1,0,0,0,0,0,normal,2026-07-14 07:51:00
DOC003,8.39,523.0,40,5,1,0,0,0,0,0,normal,2026-07-14 08:39:00
DOC003,8.56,494.0,45,3,1,0,0,0,0,0,normal,2026-07-13 08:43:00
DOC003,8.7,537.0,40,4,1,0,0,0,0,0,normal,2026-07-13 08:38:00
DOC003,9.12,489.0,42,5,1,0,0,0,0,0,normal,2026-07-11 09:09:00
DOC003,7.95,456.0,41,4,1,0,0,0,0,0,normal,2026-07-10 07:21:00
DOC003,8.25,498.0,41,4,1,0,0,0,0,0,normal,2026-07-10 08:54:00
DOC003,9.23,559.0,44,3,1,0,0,0,0,0,normal,2026-07-10 09:47:00
DOC003,8.49,535.0,43,3,1,0,0,0,0,0,normal,2026-07-09 08:02:00
DOC003,9.05,518.0,40,5,1,0,0,0,0,0,normal,2026-07-09 09:04:00
DOC003,8.69,459.0,40,3,1,0,0,0,0,0,normal,2026-07-08 08:14:00
DOC003,8.13,536.0,40,3,1,0,0,0,0,0,normal,2026-07-08 08:30:00
DOC003,8.08,506.0,44,3,1,0,0,0,0,0,normal,2026-07-08 08:34:00
DOC003,8.28,522.0,41,5,1,0,0,0,0,0,normal,2026-07-07 08:39:00
DOC003,9.25,506.0,45,4,1,0,0,0,0,0,normal,2026-07-07 09:13:00
DOC003,8.22,491.0,44,4,1,0,0,0,0,0,normal,2026-07-07 08:05:00
DOC003,7.91,483.0,40,4,1,0,0,0,0,0,normal,2026-07-06 07:52:00
DOC003,8.03,558.0,43,5,1,0,0,0,0,0,normal,2026-07-06 08:36:00
DOC003,8.93,475.0,49,5,1,0,0,0,0,0,normal,2026-07-04 08:07:00
DOC003,8.44,569.0,39,3,1,0,0,0,0,0,normal,2026-07-04 08:47:00
DOC003,8.72,566.0,45,5,1,0,0,0,0,0,normal,2026-07-03 08:50:00
DOC003,8.3,554.0,45,3,1,0,0,0,0,0,normal,2026-07-03 08:15:00
DOC003,8.04,502.0,48,5,1,0,0,0,0,0,normal,2026-07-02 08:52:00
DOC003,8.66,453.0,43,5,1,0,0,0,0,0,normal,2026-07-02 08:07:00
DOC003,9.23,526.0,42,3,1,0,0,0,0,0,normal,2026-07-01 09:14:00
DOC003,7.89,565.0,46,3,1,0,0,0,0,0,normal,2026-07-01 07:44:00
DOC003,7.9,462.0,39,5,1,0,0,0,0,0,normal,2026-07-01 07:46:00
DOC003,7.91,461.0,48,3,1,0,0,0,0,0,normal,2026-06-30 07:47:00
DOC003,7.93,540.0,40,3,1,0,0,0,0,0,normal,2026-06-30 07:09:00
DOC003,8.21,545.0,50,5,1,0,0,0,0,0,normal,2026-06-30 08:47:00
DOC003,9.03,561.0,45,4,1,0,0,0,0,0,normal,2026-06-29 09:04:00
DOC003,8.45,535.0,47,5,1,0,0,0,0,0,normal,2026-06-29 08:39:00
DOC003,8.62,489.0,41,3,1,0,0,0,0,0,normal,2026-06-29 08:25:00
DOC003,9.21,473.0,47,5,1,0,0,0,0,0,normal,2026-06-27 09:10:00
DOC003,8.27,482.0,42,5,1,0,0,0,0,0,normal,2026-06-27 08:32:00
DOC003,8.53,533.0,46,5,1,0,0,0,0,0,normal,2026-06-27 08:07:00
DOC003,8.34,502.0,48,3,1,0,0,0,0,0,normal,2026-06-26 08:49:00
DOC003,9.25,463.0,48,4,1,0,0,0,0,0,normal,2026-06-25 09:23:00
DOC003,8.94,466.0,43,3,1,0,0,0,0,0,normal,2026-06-25 08:46:00
DOC003,8.46,542.0,42,4,1,0,0,0,0,0,normal,2026-06-25 08:18:00
DOC003,8.11,507.0,44,3,1,0,0,0,0,0,normal,2026-06-24 08:47:00
DOC003,8.55,458.0,49,4,1,0,0,0,0,0,normal,2026-06-24 08:17:00
DOC003,8.9,559.0,43,5,1,0,0,0,0,0,normal,2026-06-23 08:01:00
DOC003,8.05,545.0,47,3,1,0,0,0,0,0,normal,2026-06-22 08:12:00
DOC003,8.18,556.0,42,5,1,0,0,0,0,0,normal,2026-06-22 08:39:00
DOC003,8.26,537.0,45,4,1,0,0,0,0,0,normal,2026-06-20 08:08:00
DOC003,9.21,513.0,41,5,1,0,0,0,0,0,normal,2026-06-20 09:58:00
DOC003,8.69,513.0,44,4,1,0,0,0,0,0,normal,2026-06-20 08:47:00
DOC003,7.99,491.0,40,5,1,0,0,0,0,0,normal,2026-06-19 07:53:00
DOC003,9.16,480.0,47,3,1,0,0,0,0,0,normal,2026-06-19 09:58:00
DOC003,8.95,455.0,49,3,1,0,0,0,0,0,normal,2026-06-19 08:40:00
DOC003,8.34,483.0,44,3,1,0,0,0,0,0,normal,2026-06-18 08:02:00
DOC003,8.45,466.0,49,4,1,0,0,0,0,0,normal,2026-06-17 08:22:00
DOC003,8.26,535.0,49,4,1,0,0,0,0,0,normal,2026-06-17 08:41:00
DOC003,9.12,510.0,42,3,1,0,0,0,0,0,normal,2026-06-17 09:30:00
DOC003,8.69,496.0,47,5,1,0,0,0,0,0,normal,2026-06-16 08:32:00
DOC003,9.12,536.0,42,4,1,0,0,0,0,0,normal,2026-06-16 09:50:00
DOC003,9.1,454.0,38,5,1,0,0,0,0,0,normal,2026-06-15 09:19:00
DOC003,8.82,511.0,43,5,1,0,0,0,0,0,normal,2026-06-13 08:06:00
DOC003,8.55,469.0,42,5,1,0,0,0,0,0,normal,2026-06-13 08:12:00
DOC003,9.11,502.0,49,5,1,0,0,0,0,0,normal,2026-06-13 09:47:00
DOC003,8.38,519.0,39,4,1,0,0,0,0,0,normal,2026-06-12 08:07:00
DOC003,7.97,528.0,43,4,1,0,0,0,0,0,normal,2026-06-11 07:53:00
DOC003,8.71,491.0,46,4,1,0,0,0,0,0,normal,2026-06-11 08:08:00
DOC003,8.03,506.0,39,3,1,0,0,0,0,0,normal,2026-06-11 08:15:00
DOC003,8.9,491.0,49,3,1,0,0,0,0,0,normal,2026-06-10 08:17:00
DOC003,8.98,473.0,47,5,1,0,0,0,0,0,normal,2026-06-10 08:24:00
DOC003,9.26,547.0,42,4,1,0,0,0,0,0,normal,2026-06-10 09:54:00
DOC003,8.57,514.0,44,3,1,0,0,0,0,0,normal,2026-06-09 08:21:00
DOC003,8.79,535.0,39,3,1,0,0,0,0,0,normal,2026-06-09 08:14:00
DOC003,8.48,545.0,49,4,1,0,0,0,0,0,normal,2026-06-08 08:07:00
DOC003,8.8,479.0,40,4,1,0,0,0,0,0,normal,2026-06-06 08:28:00
DOC003,8.35,501.0,43,3,1,0,0,0,0,0,normal,2026-06-06 08:38:00
DOC003,8.87,522.0,41,3,1,0,0,0,0,0,normal,2026-06-05 08:02:00
DOC003,8.27,561.0,45,4,1,0,0,0,0,0,normal,2026-06-04 08:29:00
DOC003,8.81,463.0,40,5,1,0,0,0,0,0,normal,2026-06-03 08:13:00
DOC003,9.06,546.0,45,5,1,0,0,0,0,0,normal,2026-06-03 09:02:00
DOC003,8.23,522.0,48,4,1,0,0,0,0,0,normal,2026-06-03 08:48:00
DOC003,8.07,512.0,47,5,1,0,0,0,0,0,normal,2026-06-02 08:15:00
DOC003,8.64,496.0,44,4,1,0,0,0,0,0,normal,2026-06-02 08:28:00
DOC003,8.94,547.0,41,4,1,0,0,0,0,0,normal,2026-06-02 08:01:00
DOC003,8.91,478.0,45,3,1,0,0,0,0,0,normal,2026-06-01 08:47:00
DOC003,8.9,555.0,43,3,1,0,0,0,0,0,normal,2026-06-01 08:01:00
DOC003,8.1,503.0,46,3,1,0,0,0,0,0,normal,2026-06-01 08:58:00
DOC003,8.91,468.0,38,4,1,0,0,0,0,0,normal,2026-05-30 08:14:00
DOC003,8.92,515.0,43,3,1,0,0,0,0,0,normal,2026-05-30 08:57:00
DOC003,9.07,532.0,41,4,1,0,0,0,0,0,normal,2026-05-30 09:23:00
DOC003,8.87,536.0,40,5,1,0,0,0,0,0,normal,2026-05-29 08:46:00
DOC003,8.76,497.0,40,4,1,0,0,0,0,0,normal,2026-05-29 08:49:00
DOC003,8.01,474.0,42,3,1,0,0,0,0,0,normal,2026-05-29 08:53:00
DOC003,8.91,527.0,40,5,1,0,0,0,0,0,normal,2026-05-28 08:32:00
DOC003,9.19,516.0,45,3,1,0,0,0,0,0,normal,2026-05-28 09:04:00
DOC003,9.06,525.0,48,3,1,0,0,0,0,0,normal,2026-05-28 09:59:00
DOC003,8.19,526.0,49,4,1,0,0,0,0,0,normal,2026-05-27 08:54:00
DOC003,7.99,510.0,46,4,1,0,0,0,0,0,normal,2026-05-27 07:54:00
DOC003,9.24,473.0,49,3,1,0,0,0,0,0,normal,2026-05-27 09:48:00
DOC004,7.96,501.0,18,3,1,0,0,0,0,0,normal,2026-07-25 07:20:00
DOC004,8.51,507.0,22,1,1,0,0,0,0,0,normal,2026-07-25 08:47:00
DOC004,8.49,450.0,20,3,1,0,0,0,0,0,normal,2026-07-25 08:43:00
DOC004,8.39,547.0,20,2,1,0,0,0,0,0,normal,2026-07-24 08:03:00
DOC004,8.59,517.0,20,3,1,0,0,0,0,0,normal,2026-07-24 08:52:00
DOC004,8.64,476.0,24,3,1,0,0,0,0,0,normal,2026-07-24 08:21:00
DOC004,8.72,526.0,17,1,1,0,0,0,0,0,normal,2026-07-23 08:13:00
DOC004,8.57,544.0,22,3,1,0,0,0,0,0,normal,2026-07-22 08:13:00
DOC004,7.74,513.0,28,1,1,0,0,0,0,0,normal,2026-07-22 07:03:00
DOC004,7.72,454.0,23,2,1,0,0,0,0,0,normal,2026-07-22 07:26:00
DOC004,8.26,561.0,25,3,1,0,0,0,0,0,normal,2026-07-21 08:10:00
DOC004,8.33,495.0,18,1,1,0,0,0,0,0,normal,2026-07-21 08:46:00
DOC004,7.51,542.0,24,3,1,0,0,0,0,0,normal,2026-07-21 07:46:00
DOC004,7.84,461.0,20,1,1,0,0,0,0,0,normal,2026-07-20 07:44:00
DOC004,7.88,481.0,24,3,1,0,0,0,0,0,normal,2026-07-20 07:03:00
DOC004,7.49,515.0,29,3,1,0,0,0,0,0,normal,2026-07-20 07:12:00
DOC004,7.81,473.0,27,3,1,0,0,0,0,0,normal,2026-07-18 07:14:00
DOC004,8.41,500.0,27,3,1,0,0,0,0,0,normal,2026-07-17 08:20:00
DOC004,7.47,510.0,25,2,1,0,0,0,0,0,normal,2026-07-16 07:02:00
DOC004,7.83,457.0,18,2,1,0,0,0,0,0,normal,2026-07-16 07:09:00
DOC004,8.71,528.0,21,2,1,0,0,0,0,0,normal,2026-07-16 08:01:00
DOC004,8.66,534.0,25,3,1,0,0,0,0,0,normal,2026-07-15 08:23:00
DOC004,7.44,546.0,23,3,1,0,0,0,0,0,normal,2026-07-15 07:52:00
DOC004,7.72,504.0,28,1,1,0,0,0,0,0,normal,2026-07-14 07:55:00
DOC004,7.95,551.0,28,1,1,0,0,0,0,0,normal,2026-07-14 07:03:00
DOC004,7.93,522.0,24,3,1,0,0,0,0,0,normal,2026-07-14 07:52:00
DOC004,7.88,492.0,19,1,1,0,0,0,0,0,normal,2026-07-13 07:08:00
DOC004,7.58,557.0,17,1,1,0,0,0,0,0,normal,2026-07-13 07:16:00
DOC004,7.93,514.0,29,2,1,0,0,0,0,0,normal,2026-07-11 07:04:00
DOC004,8.42,536.0,22,3,1,0,0,0,0,0,normal,2026-07-11 08:13:00
DOC004,7.41,547.0,28,3,1,0,0,0,0,0,normal,2026-07-10 07:36:00
DOC004,7.86,490.0,19,2,1,0,0,0,0,0,normal,2026-07-10 07:34:00
DOC004,7.85,494.0,26,2,1,0,0,0,0,0,normal,2026-07-10 07:37:00
DOC004,8.34,561.0,27,2,1,0,0,0,0,0,normal,2026-07-09 08:10:00
DOC004,7.53,535.0,22,2,1,0,0,0,0,0,normal,2026-07-09 07:02:00
DOC004,7.72,474.0,23,3,1,0,0,0,0,0,normal,2026-07-09 07:25:00
DOC004,7.86,474.0,25,1,1,0,0,0,0,0,normal,2026-07-08 07:04:00
DOC004,8.54,472.0,22,1,1,0,0,0,0,0,normal,2026-07-07 08:45:00
DOC004,7.9,447.0,29,1,1,0,0,0,0,0,normal,2026-07-06 07:24:00
DOC004,8.48,485.0,20,1,1,0,0,0,0,0,normal,2026-07-06 08:16:00
DOC004,7.39,451.0,23,3,1,0,0,0,0,0,normal,2026-07-06 07:44:00
DOC004,8.0,513.0,23,2,1,0,0,0,0,0,normal,2026-07-04 08:09:00
DOC004,8.5,488.0,23,3,1,0,0,0,0,0,normal,2026-07-04 08:38:00
DOC004,7.87,460.0,23,1,1,0,0,0,0,0,normal,2026-07-03 07:21:00
DOC004,7.49,531.0,23,2,1,0,0,0,0,0,normal,2026-07-03 07:12:00
DOC004,7.94,489.0,22,2,1,0,0,0,0,0,normal,2026-07-03 07:19:00
DOC004,8.38,490.0,18,3,1,0,0,0,0,0,normal,2026-07-02 08:37:00
DOC004,8.58,468.0,27,3,1,0,0,0,0,0,normal,2026-07-01 08:44:00
DOC004,7.59,527.0,20,1,1,0,0,0,0,0,normal,2026-07-01 07:12:00
DOC004,7.68,452.0,19,1,1,0,0,0,0,0,normal,2026-06-30 07:10:00
DOC004,8.63,448.0,23,1,1,0,0,0,0,0,normal,2026-06-30 08:29:00
DOC004,7.65,447.0,27,2,1,0,0,0,0,0,normal,2026-06-29 07:47:00
DOC004,7.79,470.0,24,3,1,0,0,0,0,0,normal,2026-06-27 07:29:00
DOC004,7.51,509.0,21,2,1,0,0,0,0,0,normal,2026-06-27 07:15:00
DOC004,8.67,513.0,17,3,1,0,0,0,0,0,normal,2026-06-27 08:30:00
DOC004,7.79,488.0,26,3,1,0,0,0,0,0,normal,2026-06-26 07:14:00
DOC004,7.57,512.0,20,2,1,0,0,0,0,0,normal,2026-06-26 07:14:00
DOC004,7.84,546.0,23,3,1,0,0,0,0,0,normal,2026-06-26 07:51:00
DOC004,8.62,545.0,22,1,1,0,0,0,0,0,normal,2026-06-25 08:19:00
DOC004,7.57,559.0,22,1,1,0,0,0,0,0,normal,2026-06-24 07:01:00
DOC004,8.46,529.0,28,1,1,0,0,0,0,0,normal,2026-06-24 08:17:00
DOC004,8.26,547.0,24,2,1,0,0,0,0,0,normal,2026-06-23 08:05:00
DOC004,8.53,529.0,28,2,1,0,0,0,0,0,normal,2026-06-23 08:55:00
DOC004,7.7,477.0,21,2,1,0,0,0,0,0,normal,2026-06-22 07:28:00
DOC004,8.7,525.0,23,1,1,0,0,0,0,0,normal,2026-06-20 08:25:00
DOC004,8.27,557.0,27,1,1,0,0,0,0,0,normal,2026-06-19 08:13:00
DOC004,8.4,473.0,18,2,1,0,0,0,0,0,normal,2026-06-18 08:58:00
DOC004,7.44,507.0,28,2,1,0,0,0,0,0,normal,2026-06-18 07:39:00
DOC004,8.68,480.0,23,2,1,0,0,0,0,0,normal,2026-06-17 08:46:00
DOC004,7.95,489.0,24,2,1,0,0,0,0,0,normal,2026-06-16 07:20:00
DOC004,8.25,513.0,22,3,1,0,0,0,0,0,normal,2026-06-15 08:25:00
DOC004,8.09,479.0,28,3,1,0,0,0,0,0,normal,2026-06-15 08:22:00
DOC004,8.65,522.0,28,1,1,0,0,0,0,0,normal,2026-06-13 08:47:00
DOC004,8.55,485.0,24,2,1,0,0,0,0,0,normal,2026-06-13 08:59:00
DOC004,8.61,511.0,26,1,1,0,0,0,0,0,normal,2026-06-12 08:58:00
DOC004,7.78,458.0,24,3,1,0,0,0,0,0,normal,2026-06-12 07:54:00
DOC004,8.39,492.0,22,2,1,0,0,0,0,0,normal,2026-06-11 08:30:00
DOC004,7.99,467.0,24,1,1,0,0,0,0,0,normal,2026-06-10 07:58:00
DOC004,8.07,517.0,22,1,1,0,0,0,0,0,normal,2026-06-09 08:14:00
DOC004,7.35,519.0,20,3,1,0,0,0,0,0,normal,2026-06-09 07:18:00
DOC004,8.39,497.0,29,1,1,0,0,0,0,0,normal,2026-06-09 08:44:00
DOC004,8.51,557.0,24,3,1,0,0,0,0,0,normal,2026-06-08 08:44:00
DOC004,7.43,506.0,28,2,1,0,0,0,0,0,normal,2026-06-08 07:29:00
DOC004,7.8,527.0,17,2,1,0,0,0,0,0,normal,2026-06-06 07:50:00
DOC004,8.09,486.0,22,1,1,0,0,0,0,0,normal,2026-06-06 08:09:00
DOC004,7.44,524.0,20,2,1,0,0,0,0,0,normal,2026-06-06 07:00:00
DOC004,8.48,531.0,22,3,1,0,0,0,0,0,normal,2026-06-05 08:16:00
DOC004,7.56,506.0,22,2,1,0,0,0,0,0,normal,2026-06-05 07:00:00
DOC004,8.1,545.0,24,2,1,0,0,0,0,0,normal,2026-06-05 08:01:00
DOC004,7.51,457.0,18,3,1,0,0,0,0,0,normal,2026-06-04 07:11:00
DOC004,8.22,552.0,18,2,1,0,0,0,0,0,normal,2026-06-04 08:29:00
DOC004,7.32,561.0,22,2,1,0,0,0,0,0,normal,2026-06-04 07:07:00
DOC004,8.36,486.0,25,2,1,0,0,0,0,0,normal,2026-06-03 08:59:00
DOC004,7.66,514.0,24,1,1,0,0,0,0,0,normal,2026-06-03 07:45:00
DOC004,8.67,457.0,18,2,1,0,0,0,0,0,normal,2026-06-02 08:24:00
DOC004,8.63,501.0,23,3,1,0,0,0,0,0,normal,2026-06-02 08:49:00
DOC004,8.25,457.0,19,1,1,0,0,0,0,0,normal,2026-06-02 08:00:00
DOC004,8.68,479.0,18,2,1,0,0,0,0,0,normal,2026-06-01 08:01:00
DOC004,7.63,510.0,21,2,1,0,0,0,0,0,normal,2026-06-01 07:11:00
DOC004,7.9,560.0,18,2,1,0,0,0,0,0,normal,2026-06-01 07:56:00
DOC004,8.03,559.0,25,3,1,0,0,0,0,0,normal,2026-05-30 08:02:00
DOC004,8.05,459.0,19,2,1,0,0,0,0,0,normal,2026-05-30 08:03:00
DOC004,8.03,447.0,20,1,1,0,0,0,0,0,normal,2026-05-29 08:10:00
DOC004,8.24,512.0,26,1,1,0,0,0,0,0,normal,2026-05-28 08:58:00
DOC004,8.49,498.0,23,2,1,0,0,0,0,0,normal,2026-05-28 08:43:00
DOC004,8.62,519.0,26,2,1,0,0,0,0,0,normal,2026-05-27 08:21:00
DOC005,9.04,537.0,13,4,1,0,0,0,0,0,normal,2026-07-25 09:40:00
DOC005,8.53,490.0,23,4,1,0,0,0,0,0,normal,2026-07-25 08:27:00
DOC005,8.24,460.0,19,2,1,0,0,0,0,0,normal,2026-07-25 08:52:00
DOC005,8.76,541.0,19,2,1,0,0,0,0,0,normal,2026-07-24 08:40:00
DOC005,8.89,517.0,20,3,1,0,0,0,0,0,normal,2026-07-24 08:19:00
DOC005,8.95,531.0,20,2,1,0,0,0,0,0,normal,2026-07-23 08:01:00
DOC005,8.93,451.0,17,4,1,0,0,0,0,0,normal,2026-07-23 08:25:00
DOC005,8.07,541.0,25,4,1,0,0,0,0,0,normal,2026-07-22 08:17:00
DOC005,8.83,518.0,16,3,1,0,0,0,0,0,normal,2026-07-22 08:31:00
DOC005,8.08,490.0,18,4,1,0,0,0,0,0,normal,2026-07-21 08:02:00
DOC005,8.36,495.0,17,3,1,0,0,0,0,0,normal,2026-07-20 08:35:00
DOC005,8.86,496.0,17,4,1,0,0,0,0,0,normal,2026-07-18 08:31:00
DOC005,9.03,494.0,20,3,1,0,0,0,0,0,normal,2026-07-17 09:04:00
DOC005,8.02,451.0,17,3,1,0,0,0,0,0,normal,2026-07-17 08:44:00
DOC005,7.72,559.0,20,4,1,0,0,0,0,0,normal,2026-07-17 07:37:00
DOC005,8.62,471.0,14,2,1,0,0,0,0,0,normal,2026-07-16 08:26:00
DOC005,8.74,539.0,16,4,1,0,0,0,0,0,normal,2026-07-15 08:22:00
DOC005,8.26,520.0,15,2,1,0,0,0,0,0,normal,2026-07-15 08:44:00
DOC005,7.95,499.0,14,4,1,0,0,0,0,0,normal,2026-07-14 07:15:00
DOC005,8.22,496.0,21,4,1,0,0,0,0,0,normal,2026-07-14 08:24:00
DOC005,7.85,561.0,25,3,1,0,0,0,0,0,normal,2026-07-14 07:16:00
DOC005,7.83,447.0,14,4,1,0,0,0,0,0,normal,2026-07-13 07:37:00
DOC005,7.76,501.0,25,4,1,0,0,0,0,0,normal,2026-07-11 07:20:00
DOC005,8.24,447.0,19,4,1,0,0,0,0,0,normal,2026-07-11 08:08:00
DOC005,8.75,506.0,23,2,1,0,0,0,0,0,normal,2026-07-10 08:53:00
DOC005,7.71,518.0,18,2,1,0,0,0,0,0,normal,2026-07-09 07:25:00
DOC005,9.07,524.0,14,2,1,0,0,0,0,0,normal,2026-07-08 09:19:00
DOC005,8.1,557.0,20,3,1,0,0,0,0,0,normal,2026-07-08 08:03:00
DOC005,7.9,449.0,21,2,1,0,0,0,0,0,normal,2026-07-08 07:01:00
DOC005,7.9,462.0,19,3,1,0,0,0,0,0,normal,2026-07-07 07:18:00
DOC005,8.12,541.0,19,2,1,0,0,0,0,0,normal,2026-07-07 08:39:00
DOC005,8.26,536.0,16,4,1,0,0,0,0,0,normal,2026-07-07 08:52:00
DOC005,8.42,542.0,23,2,1,0,0,0,0,0,normal,2026-07-06 08:00:00
DOC005,8.04,505.0,24,4,1,0,0,0,0,0,normal,2026-07-06 08:53:00
DOC005,8.52,549.0,23,4,1,0,0,0,0,0,normal,2026-07-04 08:00:00
DOC005,8.01,503.0,22,3,1,0,0,0,0,0,normal,2026-07-03 08:17:00
DOC005,8.07,474.0,17,2,1,0,0,0,0,0,normal,2026-07-03 08:12:00
DOC005,8.27,491.0,20,3,1,0,0,0,0,0,normal,2026-07-03 08:12:00
DOC005,8.94,489.0,21,2,1,0,0,0,0,0,normal,2026-07-02 08:18:00
DOC005,8.31,449.0,15,2,1,0,0,0,0,0,normal,2026-07-01 08:33:00
DOC005,8.72,529.0,17,3,1,0,0,0,0,0,normal,2026-06-30 08:48:00
DOC005,7.79,504.0,19,3,1,0,0,0,0,0,normal,2026-06-30 07:56:00
DOC005,9.06,494.0,17,4,1,0,0,0,0,0,normal,2026-06-29 09:10:00
DOC005,8.76,518.0,16,2,1,0,0,0,0,0,normal,2026-06-29 08:13:00
DOC005,7.83,457.0,15,2,1,0,0,0,0,0,normal,2026-06-27 07:21:00
DOC005,8.1,448.0,15,2,1,0,0,0,0,0,normal,2026-06-27 08:09:00
DOC005,8.45,516.0,15,4,1,0,0,0,0,0,normal,2026-06-26 08:39:00
DOC005,8.58,557.0,22,2,1,0,0,0,0,0,normal,2026-06-25 08:48:00
DOC005,8.58,521.0,16,3,1,0,0,0,0,0,normal,2026-06-25 08:26:00
DOC005,8.36,547.0,18,2,1,0,0,0,0,0,normal,2026-06-24 08:38:00
DOC005,7.92,541.0,17,2,1,0,0,0,0,0,normal,2026-06-24 07:56:00
DOC005,8.35,536.0,14,4,1,0,0,0,0,0,normal,2026-06-24 08:51:00
DOC005,8.26,465.0,23,3,1,0,0,0,0,0,normal,2026-06-23 08:55:00
DOC005,8.85,548.0,18,3,1,0,0,0,0,0,normal,2026-06-23 08:12:00
DOC005,8.9,476.0,18,2,1,0,0,0,0,0,normal,2026-06-23 08:46:00
DOC005,8.97,479.0,20,2,1,0,0,0,0,0,normal,2026-06-22 08:39:00
DOC005,7.99,536.0,14,4,1,0,0,0,0,0,normal,2026-06-22 07:21:00
DOC005,8.01,545.0,16,3,1,0,0,0,0,0,normal,2026-06-22 08:44:00
DOC005,8.79,526.0,16,2,1,0,0,0,0,0,normal,2026-06-20 08:38:00
DOC005,8.76,543.0,23,4,1,0,0,0,0,0,normal,2026-06-20 08:57:00
DOC005,8.29,526.0,16,4,1,0,0,0,0,0,normal,2026-06-20 08:43:00
DOC005,8.4,533.0,19,2,1,0,0,0,0,0,normal,2026-06-19 08:22:00
DOC005,8.49,502.0,21,3,1,0,0,0,0,0,normal,2026-06-19 08:18:00
DOC005,8.92,550.0,19,2,1,0,0,0,0,0,normal,2026-06-19 08:58:00
DOC005,7.72,547.0,18,3,1,0,0,0,0,0,normal,2026-06-18 07:04:00
DOC005,8.84,493.0,21,3,1,0,0,0,0,0,normal,2026-06-17 08:12:00
DOC005,8.4,494.0,18,3,1,0,0,0,0,0,normal,2026-06-17 08:52:00
DOC005,8.86,472.0,23,3,1,0,0,0,0,0,normal,2026-06-17 08:08:00
DOC005,7.91,562.0,23,4,1,0,0,0,0,0,normal,2026-06-16 07:51:00
DOC005,8.13,484.0,14,2,1,0,0,0,0,0,normal,2026-06-15 08:48:00
DOC005,7.94,538.0,24,2,1,0,0,0,0,0,normal,2026-06-13 07:00:00
DOC005,7.94,490.0,16,2,1,0,0,0,0,0,normal,2026-06-13 07:38:00
DOC005,8.49,450.0,14,3,1,0,0,0,0,0,normal,2026-06-12 08:43:00
DOC005,8.46,481.0,22,3,1,0,0,0,0,0,normal,2026-06-12 08:20:00
DOC005,7.95,506.0,17,4,1,0,0,0,0,0,normal,2026-06-12 07:35:00
DOC005,7.74,461.0,13,4,1,0,0,0,0,0,normal,2026-06-11 07:44:00
DOC005,9.09,491.0,20,4,1,0,0,0,0,0,normal,2026-06-11 09:10:00
DOC005,8.6,553.0,14,3,1,0,0,0,0,0,normal,2026-06-11 08:32:00
DOC005,8.08,493.0,20,2,1,0,0,0,0,0,normal,2026-06-10 08:00:00
DOC005,8.97,491.0,19,3,1,0,0,0,0,0,normal,2026-06-10 08:58:00
DOC005,7.93,472.0,14,4,1,0,0,0,0,0,normal,2026-06-10 07:16:00
DOC005,8.71,528.0,24,2,1,0,0,0,0,0,normal,2026-06-09 08:01:00
DOC005,8.03,478.0,17,3,1,0,0,0,0,0,normal,2026-06-08 08:08:00
DOC005,8.26,473.0,14,3,1,0,0,0,0,0,normal,2026-06-06 08:17:00
DOC005,8.72,548.0,16,3,1,0,0,0,0,0,normal,2026-06-06 08:28:00
DOC005,9.04,492.0,22,3,1,0,0,0,0,0,normal,2026-06-06 09:46:00
DOC005,8.04,446.0,18,2,1,0,0,0,0,0,normal,2026-06-05 08:06:00
DOC005,7.77,452.0,14,2,1,0,0,0,0,0,normal,2026-06-05 07:18:00
DOC005,8.0,498.0,21,3,1,0,0,0,0,0,normal,2026-06-04 07:02:00
DOC005,8.66,485.0,15,2,1,0,0,0,0,0,normal,2026-06-03 08:50:00
DOC005,7.78,446.0,24,4,1,0,0,0,0,0,normal,2026-06-03 07:30:00
DOC005,9.05,513.0,19,4,1,0,0,0,0,0,normal,2026-06-02 09:22:00
DOC005,8.95,496.0,23,2,1,0,0,0,0,0,normal,2026-06-02 08:55:00
DOC005,9.03,491.0,13,3,1,0,0,0,0,0,normal,2026-06-01 09:56:00
DOC005,8.99,451.0,23,4,1,0,0,0,0,0,normal,2026-06-01 08:20:00
DOC005,8.12,519.0,21,4,1,0,0,0,0,0,normal,2026-06-01 08:18:00
DOC005,8.66,464.0,20,4,1,0,0,0,0,0,normal,2026-05-30 08:18:00
DOC005,8.13,488.0,24,3,1,0,0,0,0,0,normal,2026-05-30 08:41:00
DOC005,8.1,474.0,19,4,1,0,0,0,0,0,normal,2026-05-30 08:10:00
DOC005,8.79,492.0,14,2,1,0,0,0,0,0,normal,2026-05-29 08:35:00
DOC005,8.31,479.0,14,2,1,0,0,0,0,0,normal,2026-05-29 08:38:00
DOC005,8.94,475.0,17,2,1,0,0,0,0,0,normal,2026-05-29 08:33:00
DOC005,8.25,501.0,23,4,1,0,0,0,0,0,normal,2026-05-28 08:22:00
DOC005,8.84,561.0,14,2,1,0,0,0,0,0,normal,2026-05-27 08:40:00
DOC006,7.61,528.0,20,5,1,0,0,0,0,0,normal,2026-07-25 07:50:00
DOC006,8.31,542.0,25,4,1,0,0,0,0,0,normal,2026-07-25 08:30:00
DOC006,8.36,467.0,16,6,1,0,0,0,0,0,normal,2026-07-24 08:28:00
DOC006,8.87,443.0,23,5,1,0,0,0,0,0,normal,2026-07-24 08:43:00
DOC006,8.21,467.0,17,5,1,0,0,0,0,0,normal,2026-07-24 08:57:00
DOC006,7.85,505.0,20,4,1,0,0,0,0,0,normal,2026-07-23 07:16:00
DOC006,7.89,475.0,19,5,1,0,0,0,0,0,normal,2026-07-22 07:19:00
DOC006,8.3,437.0,19,5,1,0,0,0,0,0,normal,2026-07-22 08:58:00
DOC006,8.13,479.0,23,6,1,0,0,0,0,0,normal,2026-07-21 08:25:00
DOC006,7.95,529.0,21,6,1,0,0,0,0,0,normal,2026-07-20 07:37:00
DOC006,8.21,516.0,17,4,1,0,0,0,0,0,normal,2026-07-20 08:30:00
DOC006,7.73,455.0,15,4,1,0,0,0,0,0,normal,2026-07-20 07:56:00
DOC006,8.92,496.0,23,6,1,0,0,0,0,0,normal,2026-07-18 08:33:00
DOC006,7.95,457.0,18,4,1,0,0,0,0,0,normal,2026-07-18 07:21:00
DOC006,8.72,454.0,26,4,1,0,0,0,0,0,normal,2026-07-18 08:43:00
DOC006,8.42,532.0,24,4,1,0,0,0,0,0,normal,2026-07-17 08:05:00
DOC006,8.17,455.0,22,5,1,0,0,0,0,0,normal,2026-07-17 08:07:00
DOC006,7.59,448.0,19,6,1,0,0,0,0,0,normal,2026-07-16 07:07:00
DOC006,8.78,465.0,22,4,1,0,0,0,0,0,normal,2026-07-16 08:01:00
DOC006,8.3,497.0,14,4,1,0,0,0,0,0,normal,2026-07-16 08:26:00
DOC006,8.61,515.0,24,4,1,0,0,0,0,0,normal,2026-07-15 08:31:00
DOC006,8.9,457.0,21,5,1,0,0,0,0,0,normal,2026-07-15 08:28:00
DOC006,8.55,521.0,15,4,1,0,0,0,0,0,normal,2026-07-15 08:16:00
DOC006,7.82,525.0,19,4,1,0,0,0,0,0,normal,2026-07-14 07:55:00
DOC006,7.96,508.0,18,6,1,0,0,0,0,0,normal,2026-07-14 07:11:00
DOC006,7.68,533.0,23,6,1,0,0,0,0,0,normal,2026-07-13 07:40:00
DOC006,8.48,501.0,22,6,1,0,0,0,0,0,normal,2026-07-11 08:03:00
DOC006,8.88,464.0,17,6,1,0,0,0,0,0,normal,2026-07-11 08:12:00
DOC006,7.95,513.0,21,5,1,0,0,0,0,0,normal,2026-07-11 07:02:00
DOC006,8.41,441.0,15,6,1,0,0,0,0,0,normal,2026-07-10 08:22:00
DOC006,7.94,511.0,22,6,1,0,0,0,0,0,normal,2026-07-10 07:53:00
DOC006,8.81,440.0,16,4,1,0,0,0,0,0,normal,2026-07-09 08:36:00
DOC006,7.7,532.0,18,5,1,0,0,0,0,0,normal,2026-07-08 07:05:00
DOC006,7.92,519.0,16,6,1,0,0,0,0,0,normal,2026-07-08 07:36:00
DOC006,8.04,448.0,15,6,1,0,0,0,0,0,normal,2026-07-07 08:48:00
DOC006,8.69,473.0,19,6,1,0,0,0,0,0,normal,2026-07-07 08:10:00
DOC006,7.89,539.0,25,4,1,0,0,0,0,0,normal,2026-07-07 07:03:00
DOC006,7.89,434.0,15,6,1,0,0,0,0,0,normal,2026-07-06 07:12:00
DOC006,8.3,494.0,23,4,1,0,0,0,0,0,normal,2026-07-06 08:51:00
DOC006,7.74,470.0,25,6,1,0,0,0,0,0,normal,2026-07-04 07:35:00
DOC006,8.02,518.0,23,5,1,0,0,0,0,0,normal,2026-07-04 08:41:00
DOC006,7.6,524.0,26,5,1,0,0,0,0,0,normal,2026-07-03 07:45:00
DOC006,8.64,545.0,20,5,1,0,0,0,0,0,normal,2026-07-03 08:02:00
DOC006,8.35,527.0,24,6,1,0,0,0,0,0,normal,2026-07-02 08:19:00
DOC006,8.43,545.0,19,6,1,0,0,0,0,0,normal,2026-07-01 08:25:00
DOC006,8.18,518.0,21,4,1,0,0,0,0,0,normal,2026-07-01 08:01:00
DOC006,8.2,452.0,19,6,1,0,0,0,0,0,normal,2026-06-30 08:00:00
DOC006,8.37,523.0,22,6,1,0,0,0,0,0,normal,2026-06-30 08:27:00
DOC006,8.79,480.0,24,5,1,0,0,0,0,0,normal,2026-06-29 08:07:00
DOC006,8.15,436.0,15,5,1,0,0,0,0,0,normal,2026-06-29 08:23:00
DOC006,8.77,439.0,20,5,1,0,0,0,0,0,normal,2026-06-27 08:56:00
DOC006,8.89,493.0,14,6,1,0,0,0,0,0,normal,2026-06-27 08:03:00
DOC006,8.31,440.0,23,4,1,0,0,0,0,0,normal,2026-06-27 08:26:00
DOC006,8.02,433.0,16,4,1,0,0,0,0,0,normal,2026-06-26 08:54:00
DOC006,8.37,480.0,26,5,1,0,0,0,0,0,normal,2026-06-25 08:02:00
DOC006,8.84,444.0,20,6,1,0,0,0,0,0,normal,2026-06-25 08:31:00
DOC006,7.74,509.0,25,4,1,0,0,0,0,0,normal,2026-06-24 07:44:00
DOC006,7.93,451.0,19,5,1,0,0,0,0,0,normal,2026-06-24 07:44:00
DOC006,8.14,540.0,22,6,1,0,0,0,0,0,normal,2026-06-23 08:28:00
DOC006,7.99,474.0,21,6,1,0,0,0,0,0,normal,2026-06-23 07:16:00
DOC006,8.85,547.0,22,6,1,0,0,0,0,0,normal,2026-06-22 08:49:00
DOC006,8.13,483.0,19,6,1,0,0,0,0,0,normal,2026-06-20 08:14:00
DOC006,7.87,480.0,26,4,1,0,0,0,0,0,normal,2026-06-19 07:15:00
DOC006,7.57,455.0,16,6,1,0,0,0,0,0,normal,2026-06-18 07:17:00
DOC006,8.63,464.0,24,6,1,0,0,0,0,0,normal,2026-06-18 08:48:00
DOC006,8.93,471.0,24,5,1,0,0,0,0,0,normal,2026-06-17 08:34:00
DOC006,7.73,480.0,16,5,1,0,0,0,0,0,normal,2026-06-16 07:56:00
DOC006,7.7,461.0,20,4,1,0,0,0,0,0,normal,2026-06-16 07:58:00
DOC006,8.83,514.0,23,5,1,0,0,0,0,0,normal,2026-06-16 08:44:00
DOC006,8.78,468.0,23,4,1,0,0,0,0,0,normal,2026-06-15 08:22:00
DOC006,8.16,452.0,23,4,1,0,0,0,0,0,normal,2026-06-15 08:35:00
DOC006,7.68,510.0,25,4,1,0,0,0,0,0,normal,2026-06-15 07:00:00
DOC006,8.09,441.0,22,5,1,0,0,0,0,0,normal,2026-06-13 08:00:00
DOC006,8.34,460.0,17,4,1,0,0,0,0,0,normal,2026-06-13 08:54:00
DOC006,7.84,542.0,24,6,1,0,0,0,0,0,normal,2026-06-13 07:51:00
DOC006,8.04,490.0,26,4,1,0,0,0,0,0,normal,2026-06-12 08:25:00
DOC006,7.87,549.0,17,6,1,0,0,0,0,0,normal,2026-06-12 07:01:00
DOC006,8.29,507.0,17,5,1,0,0,0,0,0,normal,2026-06-11 08:19:00
DOC006,8.42,474.0,19,6,1,0,0,0,0,0,normal,2026-06-11 08:59:00
DOC006,8.19,452.0,16,6,1,0,0,0,0,0,normal,2026-06-11 08:04:00
DOC006,8.74,472.0,23,4,1,0,0,0,0,0,normal,2026-06-10 08:33:00
DOC006,8.56,442.0,24,5,1,0,0,0,0,0,normal,2026-06-10 08:43:00
DOC006,7.61,451.0,18,5,1,0,0,0,0,0,normal,2026-06-10 07:50:00
DOC006,8.46,443.0,25,5,1,0,0,0,0,0,normal,2026-06-09 08:41:00
DOC006,8.22,457.0,25,6,1,0,0,0,0,0,normal,2026-06-09 08:18:00
DOC006,8.79,548.0,17,4,1,0,0,0,0,0,normal,2026-06-08 08:38:00
DOC006,8.04,489.0,21,5,1,0,0,0,0,0,normal,2026-06-08 08:56:00
DOC006,8.02,513.0,15,4,1,0,0,0,0,0,normal,2026-06-08 08:49:00
DOC006,8.14,505.0,22,5,1,0,0,0,0,0,normal,2026-06-06 08:14:00
DOC006,7.62,499.0,24,6,1,0,0,0,0,0,normal,2026-06-06 07:56:00
DOC006,8.27,493.0,17,6,1,0,0,0,0,0,normal,2026-06-05 08:59:00
DOC006,8.71,543.0,22,6,1,0,0,0,0,0,normal,2026-06-04 08:13:00
DOC006,8.18,532.0,20,6,1,0,0,0,0,0,normal,2026-06-04 08:04:00
DOC006,7.83,546.0,19,6,1,0,0,0,0,0,normal,2026-06-04 07:22:00
DOC006,8.74,542.0,25,4,1,0,0,0,0,0,normal,2026-06-03 08:47:00
DOC006,7.62,502.0,21,6,1,0,0,0,0,0,normal,2026-06-03 07:11:00
DOC006,8.34,543.0,15,4,1,0,0,0,0,0,normal,2026-06-02 08:49:00
DOC006,8.92,523.0,22,5,1,0,0,0,0,0,normal,2026-06-02 08:35:00
DOC006,8.63,438.0,19,6,1,0,0,0,0,0,normal,2026-06-01 08:01:00
DOC006,7.69,447.0,18,5,1,0,0,0,0,0,normal,2026-05-30 07:26:00
DOC006,8.92,549.0,20,4,1,0,0,0,0,0,normal,2026-05-30 08:04:00
DOC006,8.45,505.0,23,5,1,0,0,0,0,0,normal,2026-05-29 08:06:00
DOC006,8.08,498.0,23,5,1,0,0,0,0,0,normal,2026-05-28 08:50:00
DOC006,8.48,467.0,22,6,1,0,0,0,0,0,normal,2026-05-28 08:41:00
DOC006,8.21,469.0,25,6,1,0,0,0,0,0,normal,2026-05-28 08:08:00
DOC006,7.88,549.0,17,5,1,0,0,0,0,0,normal,2026-05-27 07:10:00
DOC006,7.89,495.0,20,5,1,0,0,0,0,0,normal,2026-05-27 07:09:00
DOC007,8.98,441.0,8,3,1,0,0,0,0,0,normal,2026-07-25 08:48:00
DOC007,8.34,543.0,10,2,1,0,0,0,0,0,normal,2026-07-25 08:39:00
DOC007,8.26,506.0,14,1,1,0,0,0,0,0,normal,2026-07-25 08:54:00
DOC007,8.48,490.0,11,1,1,0,0,0,0,0,normal,2026-07-24 08:26:00
DOC007,8.61,507.0,13,3,1,0,0,0,0,0,normal,2026-07-24 08:46:00
DOC007,7.84,446.0,11,3,1,0,0,0,0,0,normal,2026-07-24 07:45:00
DOC007,9.19,481.0,11,2,1,0,0,0,0,0,normal,2026-07-23 09:05:00
DOC007,8.72,557.0,8,1,1,0,0,0,0,0,normal,2026-07-22 08:31:00
DOC007,8.87,516.0,16,2,1,0,0,0,0,0,normal,2026-07-22 08:45:00
DOC007,8.27,497.0,17,2,1,0,0,0,0,0,normal,2026-07-21 08:54:00
DOC007,8.84,545.0,10,2,1,0,0,0,0,0,normal,2026-07-21 08:08:00
DOC007,9.22,557.0,6,2,1,0,0,0,0,0,normal,2026-07-21 09:22:00
DOC007,8.86,496.0,12,1,1,0,0,0,0,0,normal,2026-07-20 08:27:00
DOC007,8.46,557.0,7,2,1,0,0,0,0,0,normal,2026-07-20 08:14:00
DOC007,8.36,499.0,18,1,1,0,0,0,0,0,normal,2026-07-20 08:55:00
DOC007,7.82,502.0,9,1,1,0,0,0,0,0,normal,2026-07-18 07:51:00
DOC007,8.25,553.0,12,2,1,0,0,0,0,0,normal,2026-07-18 08:36:00
DOC007,8.9,528.0,9,2,1,0,0,0,0,0,normal,2026-07-18 08:48:00
DOC007,7.96,484.0,18,3,1,0,0,0,0,0,normal,2026-07-17 07:18:00
DOC007,9.09,484.0,14,2,1,0,0,0,0,0,normal,2026-07-16 09:15:00
DOC007,9.07,458.0,7,3,1,0,0,0,0,0,normal,2026-07-16 09:51:00
DOC007,8.88,534.0,8,1,1,0,0,0,0,0,normal,2026-07-16 08:43:00
DOC007,8.23,499.0,9,2,1,0,0,0,0,0,normal,2026-07-15 08:44:00
DOC007,8.02,518.0,7,1,1,0,0,0,0,0,normal,2026-07-15 08:42:00
DOC007,8.55,538.0,14,1,1,0,0,0,0,0,normal,2026-07-14 08:02:00
DOC007,7.88,534.0,7,1,1,0,0,0,0,0,normal,2026-07-13 07:42:00
DOC007,7.96,475.0,17,1,1,0,0,0,0,0,normal,2026-07-13 07:36:00
DOC007,8.46,504.0,8,1,1,0,0,0,0,0,normal,2026-07-13 08:50:00
DOC007,8.81,529.0,12,3,1,0,0,0,0,0,normal,2026-07-11 08:32:00
DOC007,8.95,534.0,14,3,1,0,0,0,0,0,normal,2026-07-11 08:29:00
DOC007,8.95,521.0,9,2,1,0,0,0,0,0,normal,2026-07-11 08:03:00
DOC007,8.77,507.0,16,2,1,0,0,0,0,0,normal,2026-07-10 08:10:00
DOC007,8.64,518.0,8,2,1,0,0,0,0,0,normal,2026-07-10 08:21:00
DOC007,9.2,482.0,14,1,1,0,0,0,0,0,normal,2026-07-09 09:01:00
DOC007,9.08,446.0,8,1,1,0,0,0,0,0,normal,2026-07-09 09:10:00
DOC007,8.29,518.0,9,3,1,0,0,0,0,0,normal,2026-07-08 08:45:00
DOC007,8.24,497.0,10,1,1,0,0,0,0,0,normal,2026-07-08 08:42:00
DOC007,8.52,515.0,14,2,1,0,0,0,0,0,normal,2026-07-08 08:05:00
DOC007,7.85,520.0,11,3,1,0,0,0,0,0,normal,2026-07-07 07:15:00
DOC007,8.08,525.0,16,2,1,0,0,0,0,0,normal,2026-07-06 08:42:00
DOC007,9.16,458.0,11,3,1,0,0,0,0,0,normal,2026-07-06 09:23:00
DOC007,8.75,541.0,14,3,1,0,0,0,0,0,normal,2026-07-04 08:06:00
DOC007,8.96,554.0,17,2,1,0,0,0,0,0,normal,2026-07-03 08:38:00
DOC007,7.83,538.0,9,1,1,0,0,0,0,0,normal,2026-07-03 07:14:00
DOC007,8.93,486.0,15,2,1,0,0,0,0,0,normal,2026-07-02 08:45:00
DOC007,8.21,464.0,11,2,1,0,0,0,0,0,normal,2026-07-01 08:40:00
DOC007,9.01,541.0,15,2,1,0,0,0,0,0,normal,2026-07-01 09:23:00
DOC007,7.86,535.0,11,2,1,0,0,0,0,0,normal,2026-07-01 07:46:00
DOC007,8.86,451.0,16,3,1,0,0,0,0,0,normal,2026-06-30 08:19:00
DOC007,8.81,507.0,13,2,1,0,0,0,0,0,normal,2026-06-30 08:00:00
DOC007,7.84,525.0,8,1,1,0,0,0,0,0,normal,2026-06-29 07:10:00
DOC007,7.83,461.0,11,3,1,0,0,0,0,0,normal,2026-06-29 07:21:00
DOC007,9.12,498.0,10,1,1,0,0,0,0,0,normal,2026-06-27 09:46:00
DOC007,8.35,549.0,7,3,1,0,0,0,0,0,normal,2026-06-26 08:27:00
DOC007,8.3,510.0,11,1,1,0,0,0,0,0,normal,2026-06-26 08:06:00
DOC007,8.77,474.0,14,3,1,0,0,0,0,0,normal,2026-06-25 08:12:00
DOC007,8.06,482.0,12,1,1,0,0,0,0,0,normal,2026-06-25 08:50:00
DOC007,8.82,440.0,13,3,1,0,0,0,0,0,normal,2026-06-25 08:28:00
DOC007,9.01,442.0,7,3,1,0,0,0,0,0,normal,2026-06-24 09:14:00
DOC007,8.69,479.0,13,3,1,0,0,0,0,0,normal,2026-06-23 08:50:00
DOC007,7.99,546.0,11,2,1,0,0,0,0,0,normal,2026-06-22 07:41:00
DOC007,9.13,512.0,12,3,1,0,0,0,0,0,normal,2026-06-20 09:00:00
DOC007,8.67,551.0,10,1,1,0,0,0,0,0,normal,2026-06-20 08:33:00
DOC007,9.21,538.0,9,1,1,0,0,0,0,0,normal,2026-06-20 09:50:00
DOC007,8.71,450.0,10,1,1,0,0,0,0,0,normal,2026-06-19 08:16:00
DOC007,9.02,516.0,10,2,1,0,0,0,0,0,normal,2026-06-19 09:43:00
DOC007,8.41,542.0,14,2,1,0,0,0,0,0,normal,2026-06-18 08:18:00
DOC007,8.31,539.0,8,3,1,0,0,0,0,0,normal,2026-06-17 08:26:00
DOC007,8.62,451.0,7,2,1,0,0,0,0,0,normal,2026-06-17 08:56:00
DOC007,8.55,470.0,13,3,1,0,0,0,0,0,normal,2026-06-17 08:47:00
DOC007,8.12,530.0,11,1,1,0,0,0,0,0,normal,2026-06-16 08:37:00
DOC007,8.03,536.0,15,3,1,0,0,0,0,0,normal,2026-06-15 08:49:00
DOC007,8.96,523.0,13,1,1,0,0,0,0,0,normal,2026-06-15 08:06:00
DOC007,8.01,449.0,18,3,1,0,0,0,0,0,normal,2026-06-15 08:55:00
DOC007,8.92,528.0,12,1,1,0,0,0,0,0,normal,2026-06-13 08:21:00
DOC007,8.9,528.0,17,1,1,0,0,0,0,0,normal,2026-06-12 08:56:00
DOC007,8.64,443.0,8,3,1,0,0,0,0,0,normal,2026-06-12 08:53:00
DOC007,7.9,541.0,16,1,1,0,0,0,0,0,normal,2026-06-11 07:54:00
DOC007,9.13,514.0,18,1,1,0,0,0,0,0,normal,2026-06-11 09:03:00
DOC007,8.63,507.0,18,2,1,0,0,0,0,0,normal,2026-06-11 08:16:00
DOC007,8.54,520.0,9,1,1,0,0,0,0,0,normal,2026-06-10 08:06:00
DOC007,8.01,539.0,14,1,1,0,0,0,0,0,normal,2026-06-10 08:02:00
DOC007,8.73,497.0,11,1,1,0,0,0,0,0,normal,2026-06-10 08:49:00
DOC007,9.1,555.0,14,2,1,0,0,0,0,0,normal,2026-06-09 09:45:00
DOC007,9.05,548.0,14,1,1,0,0,0,0,0,normal,2026-06-09 09:34:00
DOC007,8.05,491.0,9,2,1,0,0,0,0,0,normal,2026-06-09 08:42:00
DOC007,8.29,487.0,17,2,1,0,0,0,0,0,normal,2026-06-08 08:19:00
DOC007,8.34,460.0,15,2,1,0,0,0,0,0,normal,2026-06-06 08:04:00
DOC007,8.82,456.0,10,2,1,0,0,0,0,0,normal,2026-06-05 08:44:00
DOC007,8.69,466.0,11,1,1,0,0,0,0,0,normal,2026-06-05 08:30:00
DOC007,9.09,467.0,11,3,1,0,0,0,0,0,normal,2026-06-04 09:47:00
DOC007,8.58,449.0,18,2,1,0,0,0,0,0,normal,2026-06-04 08:15:00
DOC007,9.13,537.0,14,1,1,0,0,0,0,0,normal,2026-06-04 09:14:00
DOC007,8.03,457.0,10,3,1,0,0,0,0,0,normal,2026-06-03 08:16:00
DOC007,8.16,511.0,14,2,1,0,0,0,0,0,normal,2026-06-03 08:30:00
DOC007,8.92,550.0,8,1,1,0,0,0,0,0,normal,2026-06-03 08:28:00
DOC007,8.14,445.0,6,2,1,0,0,0,0,0,normal,2026-06-02 08:41:00
DOC007,8.04,549.0,16,2,1,0,0,0,0,0,normal,2026-06-02 08:03:00
DOC007,8.28,507.0,11,3,1,0,0,0,0,0,normal,2026-06-01 08:24:00
DOC007,7.9,516.0,16,3,1,0,0,0,0,0,normal,2026-06-01 07:14:00
DOC007,8.16,486.0,15,1,1,0,0,0,0,0,normal,2026-05-30 08:16:00
DOC007,7.96,439.0,10,3,1,0,0,0,0,0,normal,2026-05-29 07:01:00
DOC007,8.89,499.0,17,2,1,0,0,0,0,0,normal,2026-05-29 08:12:00
DOC007,7.93,446.0,12,1,1,0,0,0,0,0,normal,2026-05-29 07:57:00
DOC007,9.17,506.0,14,2,1,0,0,0,0,0,normal,2026-05-28 09:30:00
DOC007,8.87,511.0,17,2,1,0,0,0,0,0,normal,2026-05-27 08:55:00
DOC007,8.14,532.0,15,3,1,0,0,0,0,0,normal,2026-05-27 08:19:00
DOC008,8.53,407.0,35,4,1,0,0,0,0,0,normal,2026-07-25 08:03:00
DOC008,8.51,416.0,31,6,1,0,0,0,0,0,normal,2026-07-25 08:10:00
DOC008,8.67,474.0,35,6,1,0,0,0,0,0,normal,2026-07-24 08:08:00
DOC008,8.64,507.0,34,6,1,0,0,0,0,0,normal,2026-07-24 08:26:00
DOC008,7.88,428.0,33,5,1,0,0,0,0,0,normal,2026-07-23 07:15:00
DOC008,7.71,417.0,36,6,1,0,0,0,0,0,normal,2026-07-23 07:41:00
DOC008,8.93,433.0,41,5,1,0,0,0,0,0,normal,2026-07-23 08:35:00
DOC008,8.47,422.0,40,4,1,0,0,0,0,0,normal,2026-07-22 08:07:00
DOC008,7.97,429.0,40,6,1,0,0,0,0,0,normal,2026-07-22 07:34:00
DOC008,8.16,406.0,38,6,1,0,0,0,0,0,normal,2026-07-21 08:41:00
DOC008,9.02,493.0,36,5,1,0,0,0,0,0,normal,2026-07-21 09:33:00
DOC008,8.46,414.0,41,6,1,0,0,0,0,0,normal,2026-07-21 08:16:00
DOC008,8.16,432.0,38,6,1,0,0,0,0,0,normal,2026-07-20 08:39:00
DOC008,7.99,452.0,42,5,1,0,0,0,0,0,normal,2026-07-18 07:38:00
DOC008,7.92,433.0,40,4,1,0,0,0,0,0,normal,2026-07-18 07:32:00
DOC008,8.87,399.0,35,4,1,0,0,0,0,0,normal,2026-07-18 08:26:00
DOC008,8.07,468.0,37,5,1,0,0,0,0,0,normal,2026-07-17 08:46:00
DOC008,7.76,438.0,33,6,1,0,0,0,0,0,normal,2026-07-16 07:57:00
DOC008,7.84,426.0,39,6,1,0,0,0,0,0,normal,2026-07-16 07:13:00
DOC008,8.98,393.0,33,4,1,0,0,0,0,0,normal,2026-07-16 08:48:00
DOC008,8.79,475.0,40,4,1,0,0,0,0,0,normal,2026-07-15 08:22:00
DOC008,8.0,448.0,34,6,1,0,0,0,0,0,normal,2026-07-15 08:40:00
DOC008,7.82,472.0,39,4,1,0,0,0,0,0,normal,2026-07-15 07:39:00
DOC008,8.02,396.0,33,6,1,0,0,0,0,0,normal,2026-07-14 08:54:00
DOC008,8.13,408.0,38,4,1,0,0,0,0,0,normal,2026-07-14 08:30:00
DOC008,7.97,405.0,41,6,1,0,0,0,0,0,normal,2026-07-13 07:40:00
DOC008,8.44,487.0,33,5,1,0,0,0,0,0,normal,2026-07-13 08:46:00
DOC008,8.13,476.0,33,6,1,0,0,0,0,0,normal,2026-07-13 08:21:00
DOC008,8.36,459.0,38,6,1,0,0,0,0,0,normal,2026-07-11 08:13:00
DOC008,8.94,488.0,36,5,1,0,0,0,0,0,normal,2026-07-10 08:57:00
DOC008,8.25,456.0,30,5,1,0,0,0,0,0,normal,2026-07-10 08:13:00
DOC008,8.6,415.0,30,5,1,0,0,0,0,0,normal,2026-07-09 08:23:00
DOC008,8.61,407.0,32,4,1,0,0,0,0,0,normal,2026-07-09 08:12:00
DOC008,8.86,491.0,34,6,1,0,0,0,0,0,normal,2026-07-08 08:57:00
DOC008,7.67,447.0,38,4,1,0,0,0,0,0,normal,2026-07-07 07:19:00
DOC008,8.6,472.0,39,5,1,0,0,0,0,0,normal,2026-07-06 08:02:00
DOC008,8.64,507.0,35,5,1,0,0,0,0,0,normal,2026-07-04 08:00:00
DOC008,7.99,472.0,39,4,1,0,0,0,0,0,normal,2026-07-03 07:31:00
DOC008,7.84,453.0,36,6,1,0,0,0,0,0,normal,2026-07-03 07:06:00
DOC008,8.78,411.0,34,5,1,0,0,0,0,0,normal,2026-07-03 08:54:00
DOC008,7.71,478.0,38,6,1,0,0,0,0,0,normal,2026-07-02 07:55:00
DOC008,8.88,429.0,32,4,1,0,0,0,0,0,normal,2026-07-02 08:05:00
DOC008,7.78,480.0,38,5,1,0,0,0,0,0,normal,2026-07-01 07:59:00
DOC008,8.63,397.0,41,6,1,0,0,0,0,0,normal,2026-07-01 08:02:00
DOC008,8.24,391.0,41,4,1,0,0,0,0,0,normal,2026-07-01 08:50:00
DOC008,7.93,497.0,39,4,1,0,0,0,0,0,normal,2026-06-30 07:17:00
DOC008,7.83,430.0,42,6,1,0,0,0,0,0,normal,2026-06-29 07:24:00
DOC008,8.77,428.0,32,5,1,0,0,0,0,0,normal,2026-06-27 08:46:00
DOC008,8.78,475.0,42,4,1,0,0,0,0,0,normal,2026-06-27 08:56:00
DOC008,8.08,392.0,40,5,1,0,0,0,0,0,normal,2026-06-26 08:13:00
DOC008,7.89,501.0,36,4,1,0,0,0,0,0,normal,2026-06-25 07:16:00
DOC008,8.22,436.0,37,4,1,0,0,0,0,0,normal,2026-06-25 08:14:00
DOC008,7.81,464.0,30,4,1,0,0,0,0,0,normal,2026-06-24 07:27:00
DOC008,9.0,395.0,38,4,1,0,0,0,0,0,normal,2026-06-24 08:34:00
DOC008,7.92,483.0,39,6,1,0,0,0,0,0,normal,2026-06-24 07:48:00
DOC008,8.25,469.0,32,4,1,0,0,0,0,0,normal,2026-06-23 08:15:00
DOC008,8.42,490.0,36,4,1,0,0,0,0,0,normal,2026-06-23 08:52:00
DOC008,8.87,501.0,36,5,1,0,0,0,0,0,normal,2026-06-22 08:48:00
DOC008,8.69,494.0,33,6,1,0,0,0,0,0,normal,2026-06-20 08:01:00
DOC008,8.79,452.0,35,4,1,0,0,0,0,0,normal,2026-06-19 08:36:00
DOC008,7.77,483.0,39,5,1,0,0,0,0,0,normal,2026-06-19 07:15:00
DOC008,8.83,406.0,37,4,1,0,0,0,0,0,normal,2026-06-19 08:15:00
DOC008,7.77,428.0,33,4,1,0,0,0,0,0,normal,2026-06-18 07:17:00
DOC008,8.98,487.0,34,5,1,0,0,0,0,0,normal,2026-06-18 08:37:00
DOC008,8.76,497.0,42,6,1,0,0,0,0,0,normal,2026-06-17 08:22:00
DOC008,8.57,390.0,39,6,1,0,0,0,0,0,normal,2026-06-16 08:38:00
DOC008,8.05,500.0,31,5,1,0,0,0,0,0,normal,2026-06-16 08:55:00
DOC008,7.76,417.0,36,5,1,0,0,0,0,0,normal,2026-06-15 07:13:00
DOC008,8.56,505.0,38,5,1,0,0,0,0,0,normal,2026-06-15 08:20:00
DOC008,8.39,420.0,31,5,1,0,0,0,0,0,normal,2026-06-13 08:36:00
DOC008,8.65,475.0,34,4,1,0,0,0,0,0,normal,2026-06-13 08:10:00
DOC008,8.26,413.0,34,5,1,0,0,0,0,0,normal,2026-06-13 08:14:00
DOC008,7.97,415.0,41,4,1,0,0,0,0,0,normal,2026-06-12 07:15:00
DOC008,8.83,468.0,37,5,1,0,0,0,0,0,normal,2026-06-11 08:27:00
DOC008,8.63,463.0,34,4,1,0,0,0,0,0,normal,2026-06-11 08:06:00
DOC008,8.33,501.0,32,5,1,0,0,0,0,0,normal,2026-06-10 08:44:00
DOC008,8.59,403.0,40,5,1,0,0,0,0,0,normal,2026-06-10 08:13:00
DOC008,8.98,469.0,34,6,1,0,0,0,0,0,normal,2026-06-09 08:02:00
DOC008,7.66,495.0,30,6,1,0,0,0,0,0,normal,2026-06-09 07:48:00
DOC008,8.15,418.0,36,6,1,0,0,0,0,0,normal,2026-06-09 08:30:00
DOC008,8.17,395.0,32,5,1,0,0,0,0,0,normal,2026-06-08 08:36:00
DOC008,8.38,398.0,31,5,1,0,0,0,0,0,normal,2026-06-08 08:58:00
DOC008,8.06,400.0,32,5,1,0,0,0,0,0,normal,2026-06-08 08:26:00
DOC008,7.65,396.0,41,6,1,0,0,0,0,0,normal,2026-06-06 07:21:00
DOC008,8.42,444.0,32,4,1,0,0,0,0,0,normal,2026-06-05 08:38:00
DOC008,8.2,393.0,40,4,1,0,0,0,0,0,normal,2026-06-04 08:59:00
DOC008,8.93,485.0,35,6,1,0,0,0,0,0,normal,2026-06-03 08:30:00
DOC008,8.98,488.0,33,6,1,0,0,0,0,0,normal,2026-06-02 08:46:00
DOC008,8.51,401.0,42,5,1,0,0,0,0,0,normal,2026-06-02 08:45:00
DOC008,8.89,486.0,39,6,1,0,0,0,0,0,normal,2026-06-02 08:04:00
DOC008,8.06,500.0,36,4,1,0,0,0,0,0,normal,2026-06-01 08:15:00
DOC008,8.46,447.0,31,4,1,0,0,0,0,0,normal,2026-06-01 08:45:00
DOC008,8.69,487.0,33,4,1,0,0,0,0,0,normal,2026-06-01 08:29:00
DOC008,8.04,432.0,34,6,1,0,0,0,0,0,normal,2026-05-30 08:09:00
DOC008,8.37,501.0,35,6,1,0,0,0,0,0,normal,2026-05-29 08:08:00
DOC008,8.23,390.0,37,4,1,0,0,0,0,0,normal,2026-05-28 08:11:00
DOC008,8.07,419.0,36,6,1,0,0,0,0,0,normal,2026-05-28 08:16:00
DOC008,8.7,414.0,30,6,1,0,0,0,0,0,normal,2026-05-27 08:15:00
DOC008,8.61,455.0,35,4,1,0,0,0,0,0,normal,2026-05-27 08:47:00
DOC008,8.83,406.0,36,6,1,0,0,0,0,0,normal,2026-05-27 08:19:00
DOC009,8.33,578.0,35,3,1,0,0,0,0,0,normal,2026-07-25 08:05:00
DOC009,6.96,538.0,33,3,1,0,0,0,0,0,normal,2026-07-24 06:16:00
DOC009,7.61,546.0,37,3,1,0,0,0,0,0,normal,2026-07-24 07:53:00
DOC009,7.64,587.0,37,3,1,0,0,0,0,0,normal,2026-07-23 07:55:00
DOC009,7.66,500.0,36,4,1,0,0,0,0,0,normal,2026-07-22 07:12:00
DOC009,8.0,613.0,36,4,1,0,0,0,0,0,normal,2026-07-22 07:10:00
DOC009,7.13,506.0,35,5,1,0,0,0,0,0,normal,2026-07-22 07:14:00
DOC009,7.22,577.0,30,3,1,0,0,0,0,0,normal,2026-07-21 07:19:00
DOC009,7.0,609.0,31,3,1,0,0,0,0,0,normal,2026-07-20 06:12:00
DOC009,7.82,589.0,36,3,1,0,0,0,0,0,normal,2026-07-18 07:03:00
DOC009,7.45,504.0,39,5,1,0,0,0,0,0,normal,2026-07-18 07:07:00
DOC009,7.53,589.0,32,5,1,0,0,0,0,0,normal,2026-07-17 07:09:00
DOC009,8.04,559.0,35,3,1,0,0,0,0,0,normal,2026-07-17 08:41:00
DOC009,7.41,525.0,33,4,1,0,0,0,0,0,normal,2026-07-16 07:24:00
DOC009,7.39,573.0,38,3,1,0,0,0,0,0,normal,2026-07-16 07:22:00
DOC009,7.66,508.0,40,4,1,0,0,0,0,0,normal,2026-07-15 07:03:00
DOC009,8.09,561.0,31,5,1,0,0,0,0,0,normal,2026-07-14 08:24:00
DOC009,7.18,573.0,31,5,1,0,0,0,0,0,normal,2026-07-14 07:13:00
DOC009,7.74,584.0,30,5,1,0,0,0,0,0,normal,2026-07-13 07:21:00
DOC009,7.29,584.0,35,4,1,0,0,0,0,0,normal,2026-07-13 07:51:00
DOC009,6.98,516.0,40,3,1,0,0,0,0,0,normal,2026-07-13 06:23:00
DOC009,7.03,549.0,37,4,1,0,0,0,0,0,normal,2026-07-11 07:01:00
DOC009,8.11,570.0,34,5,1,0,0,0,0,0,normal,2026-07-11 08:36:00
DOC009,8.29,607.0,33,3,1,0,0,0,0,0,normal,2026-07-10 08:42:00
DOC009,7.18,499.0,33,4,1,0,0,0,0,0,normal,2026-07-10 07:41:00
DOC009,8.19,533.0,37,5,1,0,0,0,0,0,normal,2026-07-09 08:57:00
DOC009,7.68,538.0,35,4,1,0,0,0,0,0,normal,2026-07-09 07:19:00
DOC009,6.97,580.0,32,3,1,0,0,0,0,0,normal,2026-07-09 06:10:00
DOC009,7.61,604.0,37,5,1,0,0,0,0,0,normal,2026-07-08 07:49:00
DOC009,6.98,523.0,36,3,1,0,0,0,0,0,normal,2026-07-08 06:02:00
DOC009,7.7,582.0,34,3,1,0,0,0,0,0,normal,2026-07-08 07:26:00
DOC009,7.34,507.0,33,3,1,0,0,0,0,0,normal,2026-07-07 07:59:00
DOC009,8.13,508.0,35,5,1,0,0,0,0,0,normal,2026-07-07 08:54:00
DOC009,7.16,604.0,35,4,1,0,0,0,0,0,normal,2026-07-06 07:02:00
DOC009,7.8,508.0,34,5,1,0,0,0,0,0,normal,2026-07-04 07:36:00
DOC009,7.56,581.0,40,5,1,0,0,0,0,0,normal,2026-07-04 07:26:00
DOC009,8.1,546.0,32,4,1,0,0,0,0,0,normal,2026-07-03 08:29:00
DOC009,7.42,550.0,39,5,1,0,0,0,0,0,normal,2026-07-03 07:09:00
DOC009,8.14,500.0,36,3,1,0,0,0,0,0,normal,2026-07-02 08:03:00
DOC009,7.56,528.0,39,4,1,0,0,0,0,0,normal,2026-07-02 07:34:00
DOC009,7.94,527.0,37,5,1,0,0,0,0,0,normal,2026-07-02 07:42:00
DOC009,7.41,614.0,34,5,1,0,0,0,0,0,normal,2026-07-01 07:26:00
DOC009,6.94,543.0,33,4,1,0,0,0,0,0,normal,2026-07-01 06:05:00
DOC009,7.6,577.0,35,3,1,0,0,0,0,0,normal,2026-06-30 07:09:00
DOC009,7.76,580.0,40,3,1,0,0,0,0,0,normal,2026-06-30 07:17:00
DOC009,7.1,579.0,41,3,1,0,0,0,0,0,normal,2026-06-29 07:25:00
DOC009,7.18,613.0,29,5,1,0,0,0,0,0,normal,2026-06-27 07:57:00
DOC009,7.86,551.0,31,4,1,0,0,0,0,0,normal,2026-06-27 07:19:00
DOC009,7.46,573.0,35,3,1,0,0,0,0,0,normal,2026-06-26 07:56:00
DOC009,7.58,605.0,40,3,1,0,0,0,0,0,normal,2026-06-26 07:36:00
DOC009,7.28,616.0,41,3,1,0,0,0,0,0,normal,2026-06-26 07:08:00
DOC009,7.37,580.0,40,4,1,0,0,0,0,0,normal,2026-06-25 07:12:00
DOC009,7.07,534.0,31,3,1,0,0,0,0,0,normal,2026-06-24 07:09:00
DOC009,7.57,565.0,34,5,1,0,0,0,0,0,normal,2026-06-24 07:39:00
DOC009,7.67,595.0,29,5,1,0,0,0,0,0,normal,2026-06-23 07:31:00
DOC009,7.49,536.0,39,3,1,0,0,0,0,0,normal,2026-06-22 07:55:00
DOC009,7.48,616.0,29,4,1,0,0,0,0,0,normal,2026-06-22 07:40:00
DOC009,7.14,584.0,34,4,1,0,0,0,0,0,normal,2026-06-20 07:09:00
DOC009,8.1,593.0,31,3,1,0,0,0,0,0,normal,2026-06-19 08:35:00
DOC009,6.94,557.0,35,5,1,0,0,0,0,0,normal,2026-06-19 06:11:00
DOC009,7.55,604.0,35,3,1,0,0,0,0,0,normal,2026-06-18 07:20:00
DOC009,7.62,598.0,37,3,1,0,0,0,0,0,normal,2026-06-17 07:02:00
DOC009,7.87,594.0,30,5,1,0,0,0,0,0,normal,2026-06-17 07:43:00
DOC009,7.11,615.0,39,4,1,0,0,0,0,0,normal,2026-06-16 07:39:00
DOC009,7.49,612.0,40,3,1,0,0,0,0,0,normal,2026-06-16 07:03:00
DOC009,7.08,539.0,38,5,1,0,0,0,0,0,normal,2026-06-15 07:12:00
DOC009,7.0,611.0,36,3,1,0,0,0,0,0,normal,2026-06-15 07:13:00
DOC009,7.85,608.0,30,3,1,0,0,0,0,0,normal,2026-06-15 07:37:00
DOC009,7.15,518.0,33,4,1,0,0,0,0,0,normal,2026-06-13 07:17:00
DOC009,8.26,505.0,37,5,1,0,0,0,0,0,normal,2026-06-12 08:13:00
DOC009,8.2,505.0,39,3,1,0,0,0,0,0,normal,2026-06-11 08:49:00
DOC009,7.58,549.0,31,4,1,0,0,0,0,0,normal,2026-06-10 07:28:00
DOC009,7.29,543.0,38,3,1,0,0,0,0,0,normal,2026-06-09 07:31:00
DOC009,8.32,529.0,40,5,1,0,0,0,0,0,normal,2026-06-09 08:59:00
DOC009,7.8,528.0,37,4,1,0,0,0,0,0,normal,2026-06-09 07:40:00
DOC009,7.17,603.0,34,4,1,0,0,0,0,0,normal,2026-06-08 07:33:00
DOC009,6.98,506.0,35,4,1,0,0,0,0,0,normal,2026-06-08 06:18:00
DOC009,7.49,566.0,33,4,1,0,0,0,0,0,normal,2026-06-08 07:34:00
DOC009,7.73,588.0,39,5,1,0,0,0,0,0,normal,2026-06-06 07:15:00
DOC009,7.87,594.0,34,3,1,0,0,0,0,0,normal,2026-06-06 07:46:00
DOC009,7.71,609.0,39,3,1,0,0,0,0,0,normal,2026-06-06 07:43:00
DOC009,8.24,614.0,40,3,1,0,0,0,0,0,normal,2026-06-05 08:12:00
DOC009,8.12,580.0,39,5,1,0,0,0,0,0,normal,2026-06-05 08:33:00
DOC009,7.13,547.0,34,3,1,0,0,0,0,0,normal,2026-06-04 07:49:00
DOC009,7.29,615.0,37,4,1,0,0,0,0,0,normal,2026-06-04 07:49:00
DOC009,7.28,575.0,35,5,1,0,0,0,0,0,normal,2026-06-04 07:45:00
DOC009,8.24,536.0,33,3,1,0,0,0,0,0,normal,2026-06-03 08:13:00
DOC009,7.93,534.0,35,5,1,0,0,0,0,0,normal,2026-06-02 07:04:00
DOC009,7.86,563.0,31,3,1,0,0,0,0,0,normal,2026-06-01 07:08:00
DOC009,7.53,511.0,29,4,1,0,0,0,0,0,normal,2026-06-01 07:22:00
DOC009,8.21,524.0,32,5,1,0,0,0,0,0,normal,2026-05-30 08:41:00
DOC009,7.4,610.0,38,4,1,0,0,0,0,0,normal,2026-05-30 07:09:00
DOC009,7.89,532.0,35,5,1,0,0,0,0,0,normal,2026-05-30 07:37:00
DOC009,7.14,544.0,37,3,1,0,0,0,0,0,normal,2026-05-29 07:07:00
DOC009,7.96,586.0,37,3,1,0,0,0,0,0,normal,2026-05-29 07:10:00
DOC009,8.21,532.0,37,4,1,0,0,0,0,0,normal,2026-05-29 08:34:00
DOC009,7.05,597.0,36,3,1,0,0,0,0,0,normal,2026-05-28 07:11:00
DOC009,7.7,524.0,36,4,1,0,0,0,0,0,normal,2026-05-28 07:20:00
DOC009,7.78,562.0,39,5,1,0,0,0,0,0,normal,2026-05-27 07:01:00
DOC010,9.08,614.0,41,3,1,0,0,0,0,0,normal,2026-07-25 09:37:00
DOC010,8.85,621.0,37,1,1,0,0,0,0,0,normal,2026-07-24 08:41:00
DOC010,9.8,620.0,30,2,1,0,0,0,0,0,normal,2026-07-23 09:53:00
DOC010,8.74,608.0,32,2,1,0,0,0,0,0,normal,2026-07-22 08:52:00
DOC010,9.01,603.0,31,1,1,0,0,0,0,0,normal,2026-07-22 09:41:00
DOC010,8.61,650.0,37,3,1,0,0,0,0,0,normal,2026-07-22 08:19:00
DOC010,8.96,617.0,32,3,1,0,0,0,0,0,normal,2026-07-21 08:40:00
DOC010,9.12,544.0,36,2,1,0,0,0,0,0,normal,2026-07-20 09:40:00
DOC010,9.12,566.0,40,1,1,0,0,0,0,0,normal,2026-07-20 09:01:00
DOC010,9.88,648.0,42,1,1,0,0,0,0,0,normal,2026-07-18 09:27:00
DOC010,9.46,597.0,40,2,1,0,0,0,0,0,normal,2026-07-17 09:23:00
DOC010,9.53,574.0,35,3,1,0,0,0,0,0,normal,2026-07-16 09:17:00
DOC010,9.88,608.0,31,1,1,0,0,0,0,0,normal,2026-07-16 09:40:00
DOC010,9.37,581.0,40,3,1,0,0,0,0,0,normal,2026-07-15 09:20:00
DOC010,9.68,626.0,30,1,1,0,0,0,0,0,normal,2026-07-15 09:17:00
DOC010,8.78,628.0,39,2,1,0,0,0,0,0,normal,2026-07-14 08:56:00
DOC010,9.75,541.0,35,3,1,0,0,0,0,0,normal,2026-07-13 09:55:00
DOC010,9.24,589.0,37,2,1,0,0,0,0,0,normal,2026-07-11 09:46:00
DOC010,9.52,542.0,38,1,1,0,0,0,0,0,normal,2026-07-10 09:26:00
DOC010,9.45,594.0,32,1,1,0,0,0,0,0,normal,2026-07-10 09:41:00
DOC010,9.58,636.0,32,1,1,0,0,0,0,0,normal,2026-07-09 09:05:00
DOC010,9.51,656.0,31,2,1,0,0,0,0,0,normal,2026-07-09 09:00:00
DOC010,8.97,542.0,42,3,1,0,0,0,0,0,normal,2026-07-08 08:08:00
DOC010,9.38,624.0,33,1,1,0,0,0,0,0,normal,2026-07-08 09:07:00
DOC010,9.46,613.0,40,3,1,0,0,0,0,0,normal,2026-07-08 09:38:00
DOC010,8.81,629.0,34,3,1,0,0,0,0,0,normal,2026-07-07 08:10:00
DOC010,9.37,654.0,35,3,1,0,0,0,0,0,normal,2026-07-06 09:51:00
DOC010,9.0,592.0,37,3,1,0,0,0,0,0,normal,2026-07-06 09:02:00
DOC010,9.78,588.0,33,2,1,0,0,0,0,0,normal,2026-07-06 09:03:00
DOC010,8.66,618.0,34,1,1,0,0,0,0,0,normal,2026-07-04 08:10:00
DOC010,9.15,586.0,41,3,1,0,0,0,0,0,normal,2026-07-04 09:44:00
DOC010,8.77,631.0,32,3,1,0,0,0,0,0,normal,2026-07-03 08:46:00
DOC010,9.39,563.0,41,1,1,0,0,0,0,0,normal,2026-07-03 09:49:00
DOC010,9.16,620.0,39,2,1,0,0,0,0,0,normal,2026-07-02 09:52:00
DOC010,8.89,590.0,38,2,1,0,0,0,0,0,normal,2026-07-01 08:45:00
DOC010,9.73,558.0,39,3,1,0,0,0,0,0,normal,2026-07-01 09:37:00
DOC010,9.86,607.0,35,1,1,0,0,0,0,0,normal,2026-07-01 09:41:00
DOC010,9.36,649.0,32,3,1,0,0,0,0,0,normal,2026-06-30 09:03:00
DOC010,9.47,594.0,35,1,1,0,0,0,0,0,normal,2026-06-30 09:45:00
DOC010,8.9,599.0,35,3,1,0,0,0,0,0,normal,2026-06-29 08:11:00
DOC010,9.77,560.0,40,2,1,0,0,0,0,0,normal,2026-06-29 09:12:00
DOC010,9.66,650.0,36,1,1,0,0,0,0,0,normal,2026-06-27 09:23:00
DOC010,9.78,545.0,39,2,1,0,0,0,0,0,normal,2026-06-27 09:16:00
DOC010,9.28,569.0,39,3,1,0,0,0,0,0,normal,2026-06-27 09:31:00
DOC010,9.46,638.0,42,2,1,0,0,0,0,0,normal,2026-06-26 09:06:00
DOC010,9.6,551.0,39,3,1,0,0,0,0,0,normal,2026-06-26 09:24:00
DOC010,9.81,608.0,34,1,1,0,0,0,0,0,normal,2026-06-26 09:48:00
DOC010,9.71,557.0,40,3,1,0,0,0,0,0,normal,2026-06-25 09:19:00
DOC010,9.72,587.0,41,3,1,0,0,0,0,0,normal,2026-06-25 09:56:00
DOC010,8.54,609.0,38,2,1,0,0,0,0,0,normal,2026-06-25 08:35:00
DOC010,9.35,540.0,31,1,1,0,0,0,0,0,normal,2026-06-24 09:29:00
DOC010,8.56,559.0,35,1,1,0,0,0,0,0,normal,2026-06-23 08:43:00
DOC010,8.77,577.0,30,1,1,0,0,0,0,0,normal,2026-06-22 08:45:00
DOC010,8.92,632.0,38,3,1,0,0,0,0,0,normal,2026-06-20 08:58:00
DOC010,8.88,620.0,36,2,1,0,0,0,0,0,normal,2026-06-20 08:01:00
DOC010,8.95,588.0,30,1,1,0,0,0,0,0,normal,2026-06-19 08:33:00
DOC010,9.1,651.0,37,1,1,0,0,0,0,0,normal,2026-06-18 09:54:00
DOC010,9.35,593.0,41,1,1,0,0,0,0,0,normal,2026-06-17 09:40:00
DOC010,9.13,637.0,37,1,1,0,0,0,0,0,normal,2026-06-16 09:46:00
DOC010,9.92,600.0,40,2,1,0,0,0,0,0,normal,2026-06-16 09:17:00
DOC010,9.26,577.0,40,3,1,0,0,0,0,0,normal,2026-06-15 09:55:00
DOC010,9.52,631.0,38,2,1,0,0,0,0,0,normal,2026-06-15 09:29:00
DOC010,9.8,552.0,32,1,1,0,0,0,0,0,normal,2026-06-13 09:47:00
DOC010,9.92,655.0,32,1,1,0,0,0,0,0,normal,2026-06-13 09:00:00
DOC010,9.18,601.0,33,3,1,0,0,0,0,0,normal,2026-06-12 09:08:00
DOC010,8.67,555.0,39,2,1,0,0,0,0,0,normal,2026-06-11 08:17:00
DOC010,9.77,628.0,40,1,1,0,0,0,0,0,normal,2026-06-11 09:07:00
DOC010,8.97,588.0,34,2,1,0,0,0,0,0,normal,2026-06-10 08:13:00
DOC010,9.89,649.0,38,2,1,0,0,0,0,0,normal,2026-06-09 09:30:00
DOC010,9.86,611.0,37,2,1,0,0,0,0,0,normal,2026-06-08 09:16:00
DOC010,8.7,570.0,37,1,1,0,0,0,0,0,normal,2026-06-08 08:14:00
DOC010,9.12,659.0,37,3,1,0,0,0,0,0,normal,2026-06-08 09:11:00
DOC010,8.83,641.0,37,2,1,0,0,0,0,0,normal,2026-06-06 08:44:00
DOC010,9.81,660.0,37,1,1,0,0,0,0,0,normal,2026-06-06 09:12:00
DOC010,8.58,541.0,38,2,1,0,0,0,0,0,normal,2026-06-05 08:24:00
DOC010,9.4,546.0,31,3,1,0,0,0,0,0,normal,2026-06-05 09:27:00
DOC010,9.57,634.0,38,1,1,0,0,0,0,0,normal,2026-06-04 09:35:00
DOC010,9.29,573.0,31,2,1,0,0,0,0,0,normal,2026-06-04 09:57:00
DOC010,8.83,550.0,36,1,1,0,0,0,0,0,normal,2026-06-04 08:27:00
DOC010,9.77,603.0,32,3,1,0,0,0,0,0,normal,2026-06-03 09:52:00
DOC010,9.38,595.0,33,3,1,0,0,0,0,0,normal,2026-06-03 09:48:00
DOC010,9.46,645.0,31,3,1,0,0,0,0,0,normal,2026-06-02 09:38:00
DOC010,9.89,620.0,37,2,1,0,0,0,0,0,normal,2026-06-01 09:41:00
DOC010,9.02,641.0,31,1,1,0,0,0,0,0,normal,2026-06-01 09:43:00
DOC010,9.79,631.0,34,3,1,0,0,0,0,0,normal,2026-05-30 09:04:00
DOC010,9.47,566.0,36,3,1,0,0,0,0,0,normal,2026-05-30 09:37:00
DOC010,9.43,559.0,31,2,1,0,0,0,0,0,normal,2026-05-29 09:17:00
DOC010,9.17,611.0,38,1,1,0,0,0,0,0,normal,2026-05-29 09:49:00
DOC010,9.82,634.0,35,2,1,0,0,0,0,0,normal,2026-05-28 09:56:00
DOC010,8.6,642.0,40,3,1,0,0,0,0,0,normal,2026-05-28 08:42:00
DOC010,8.55,551.0,31,1,1,0,0,0,0,0,normal,2026-05-28 08:55:00
DOC010,8.54,612.0,32,2,1,0,0,0,0,0,normal,2026-05-27 08:11:00
DOC011,9.43,491.0,25,2,1,0,0,0,0,0,normal,2026-07-25 09:24:00
DOC011,9.99,541.0,27,3,1,0,0,0,0,0,normal,2026-07-25 09:14:00
DOC011,9.63,494.0,31,1,1,0,0,0,0,0,normal,2026-07-25 09:57:00
DOC011,8.91,514.0,23,2,1,0,0,0,0,0,normal,2026-07-24 08:14:00
DOC011,10.2,529.0,25,3,1,0,0,0,0,0,normal,2026-07-24 10:08:00
DOC011,9.74,494.0,26,2,1,0,0,0,0,0,normal,2026-07-24 09:44:00
DOC011,9.01,467.0,25,1,1,0,0,0,0,0,normal,2026-07-23 09:06:00
DOC011,8.89,529.0,31,2,1,0,0,0,0,0,normal,2026-07-22 08:53:00
DOC011,9.26,522.0,30,1,1,0,0,0,0,0,normal,2026-07-22 09:13:00
DOC011,9.55,474.0,25,3,1,0,0,0,0,0,normal,2026-07-21 09:01:00
DOC011,8.91,492.0,33,2,1,0,0,0,0,0,normal,2026-07-21 08:12:00
DOC011,9.12,526.0,29,1,1,0,0,0,0,0,normal,2026-07-21 09:09:00
DOC011,9.65,470.0,24,2,1,0,0,0,0,0,normal,2026-07-20 09:22:00
DOC011,9.24,507.0,30,3,1,0,0,0,0,0,normal,2026-07-20 09:20:00
DOC011,9.43,443.0,24,3,1,0,0,0,0,0,normal,2026-07-20 09:51:00
DOC011,10.09,458.0,29,1,1,0,0,0,0,0,normal,2026-07-18 10:02:00
DOC011,9.37,466.0,33,3,1,0,0,0,0,0,normal,2026-07-17 09:53:00
DOC011,9.97,444.0,28,2,1,0,0,0,0,0,normal,2026-07-17 09:36:00
DOC011,10.09,481.0,27,1,1,0,0,0,0,0,normal,2026-07-16 10:49:00
DOC011,10.16,557.0,27,3,1,0,0,0,0,0,normal,2026-07-16 10:24:00
DOC011,9.43,522.0,33,2,1,0,0,0,0,0,normal,2026-07-16 09:01:00
DOC011,10.12,485.0,32,2,1,0,0,0,0,0,normal,2026-07-15 10:44:00
DOC011,8.92,463.0,26,3,1,0,0,0,0,0,normal,2026-07-14 08:47:00
DOC011,9.82,463.0,26,2,1,0,0,0,0,0,normal,2026-07-14 09:53:00
DOC011,9.28,521.0,31,2,1,0,0,0,0,0,normal,2026-07-14 09:21:00
DOC011,9.52,454.0,24,3,1,0,0,0,0,0,normal,2026-07-13 09:03:00
DOC011,10.21,463.0,33,3,1,0,0,0,0,0,normal,2026-07-11 10:55:00
DOC011,9.91,471.0,32,2,1,0,0,0,0,0,normal,2026-07-11 09:59:00
DOC011,9.72,490.0,29,2,1,0,0,0,0,0,normal,2026-07-10 09:23:00
DOC011,9.23,448.0,28,3,1,0,0,0,0,0,normal,2026-07-10 09:00:00
DOC011,9.93,544.0,29,2,1,0,0,0,0,0,normal,2026-07-10 09:53:00
DOC011,9.13,487.0,30,3,1,0,0,0,0,0,normal,2026-07-09 09:49:00
DOC011,9.45,535.0,25,3,1,0,0,0,0,0,normal,2026-07-09 09:50:00
DOC011,10.03,455.0,30,3,1,0,0,0,0,0,normal,2026-07-09 10:07:00
DOC011,9.22,447.0,23,2,1,0,0,0,0,0,normal,2026-07-08 09:41:00
DOC011,9.19,549.0,30,1,1,0,0,0,0,0,normal,2026-07-07 09:37:00
DOC011,8.92,454.0,29,2,1,0,0,0,0,0,normal,2026-07-06 08:27:00
DOC011,9.88,502.0,29,2,1,0,0,0,0,0,normal,2026-07-04 09:57:00
DOC011,8.84,502.0,32,2,1,0,0,0,0,0,normal,2026-07-03 08:23:00
DOC011,9.7,538.0,26,3,1,0,0,0,0,0,normal,2026-07-02 09:27:00
DOC011,9.67,527.0,22,1,1,0,0,0,0,0,normal,2026-07-02 09:09:00
DOC011,9.21,467.0,32,2,1,0,0,0,0,0,normal,2026-07-02 09:09:00
DOC011,9.38,510.0,23,3,1,0,0,0,0,0,normal,2026-07-01 09:47:00
DOC011,8.97,486.0,24,3,1,0,0,0,0,0,normal,2026-06-30 08:44:00
DOC011,8.9,445.0,33,3,1,0,0,0,0,0,normal,2026-06-30 08:47:00
DOC011,9.29,479.0,29,1,1,0,0,0,0,0,normal,2026-06-30 09:52:00
DOC011,8.87,457.0,25,1,1,0,0,0,0,0,normal,2026-06-29 08:46:00
DOC011,9.59,449.0,25,2,1,0,0,0,0,0,normal,2026-06-27 09:54:00
DOC011,9.89,528.0,23,2,1,0,0,0,0,0,normal,2026-06-26 09:35:00
DOC011,10.04,514.0,29,3,1,0,0,0,0,0,normal,2026-06-26 10:28:00
DOC011,10.19,530.0,31,3,1,0,0,0,0,0,normal,2026-06-26 10:37:00
DOC011,9.87,530.0,34,2,1,0,0,0,0,0,normal,2026-06-25 09:11:00
DOC011,10.09,507.0,29,2,1,0,0,0,0,0,normal,2026-06-24 10:09:00
DOC011,8.98,492.0,27,2,1,0,0,0,0,0,normal,2026-06-24 08:47:00
DOC011,10.12,531.0,30,3,1,0,0,0,0,0,normal,2026-06-23 10:33:00
DOC011,9.14,553.0,32,3,1,0,0,0,0,0,normal,2026-06-22 09:26:00
DOC011,10.03,449.0,30,2,1,0,0,0,0,0,normal,2026-06-22 10:18:00
DOC011,9.35,541.0,32,3,1,0,0,0,0,0,normal,2026-06-22 09:09:00
DOC011,8.88,446.0,30,3,1,0,0,0,0,0,normal,2026-06-20 08:30:00
DOC011,9.09,543.0,24,2,1,0,0,0,0,0,normal,2026-06-19 09:24:00
DOC011,9.06,467.0,26,1,1,0,0,0,0,0,normal,2026-06-19 09:34:00
DOC011,9.92,466.0,22,2,1,0,0,0,0,0,normal,2026-06-18 09:00:00
DOC011,9.32,444.0,24,1,1,0,0,0,0,0,normal,2026-06-18 09:52:00
DOC011,9.57,455.0,30,3,1,0,0,0,0,0,normal,2026-06-17 09:02:00
DOC011,10.16,498.0,31,1,1,0,0,0,0,0,normal,2026-06-17 10:50:00
DOC011,9.39,560.0,26,1,1,0,0,0,0,0,normal,2026-06-17 09:58:00
DOC011,10.12,559.0,23,3,1,0,0,0,0,0,normal,2026-06-16 10:32:00
DOC011,9.39,473.0,32,3,1,0,0,0,0,0,normal,2026-06-16 09:34:00
DOC011,9.99,493.0,27,2,1,0,0,0,0,0,normal,2026-06-15 09:47:00
DOC011,9.46,507.0,24,1,1,0,0,0,0,0,normal,2026-06-13 09:29:00
DOC011,9.2,466.0,28,3,1,0,0,0,0,0,normal,2026-06-13 09:35:00
DOC011,8.84,473.0,30,3,1,0,0,0,0,0,normal,2026-06-12 08:32:00
DOC011,10.17,500.0,27,3,1,0,0,0,0,0,normal,2026-06-11 10:33:00
DOC011,9.06,560.0,23,1,1,0,0,0,0,0,normal,2026-06-11 09:47:00
DOC011,9.22,514.0,26,2,1,0,0,0,0,0,normal,2026-06-11 09:50:00
DOC011,9.17,522.0,28,1,1,0,0,0,0,0,normal,2026-06-10 09:46:00
DOC011,9.69,550.0,30,3,1,0,0,0,0,0,normal,2026-06-10 09:01:00
DOC011,9.07,502.0,29,1,1,0,0,0,0,0,normal,2026-06-10 09:30:00
DOC011,9.36,473.0,25,3,1,0,0,0,0,0,normal,2026-06-09 09:24:00
DOC011,10.22,526.0,28,1,1,0,0,0,0,0,normal,2026-06-09 10:04:00
DOC011,10.05,458.0,28,3,1,0,0,0,0,0,normal,2026-06-09 10:13:00
DOC011,9.26,448.0,34,3,1,0,0,0,0,0,normal,2026-06-08 09:20:00
DOC011,10.19,558.0,33,1,1,0,0,0,0,0,normal,2026-06-08 10:21:00
DOC011,9.17,471.0,28,1,1,0,0,0,0,0,normal,2026-06-06 09:08:00
DOC011,9.04,534.0,22,3,1,0,0,0,0,0,normal,2026-06-05 09:52:00
DOC011,9.02,521.0,26,2,1,0,0,0,0,0,normal,2026-06-05 09:20:00
DOC011,10.16,516.0,23,2,1,0,0,0,0,0,normal,2026-06-04 10:31:00
DOC011,9.21,461.0,26,3,1,0,0,0,0,0,normal,2026-06-03 09:09:00
DOC011,9.95,448.0,30,2,1,0,0,0,0,0,normal,2026-06-03 09:20:00
DOC011,9.28,558.0,25,1,1,0,0,0,0,0,normal,2026-06-02 09:35:00
DOC011,9.23,449.0,26,3,1,0,0,0,0,0,normal,2026-06-02 09:47:00
DOC011,10.2,455.0,32,3,1,0,0,0,0,0,normal,2026-06-02 10:07:00
DOC011,9.69,448.0,24,2,1,0,0,0,0,0,normal,2026-06-01 09:10:00
DOC011,9.6,507.0,23,2,1,0,0,0,0,0,normal,2026-06-01 09:49:00
DOC011,9.62,470.0,25,3,1,0,0,0,0,0,normal,2026-06-01 09:54:00
DOC011,10.12,472.0,22,1,1,0,0,0,0,0,normal,2026-05-30 10:47:00
DOC011,8.85,496.0,25,2,1,0,0,0,0,0,normal,2026-05-30 08:02:00
DOC011,9.69,499.0,24,3,1,0,0,0,0,0,normal,2026-05-29 09:54:00
DOC011,9.79,551.0,27,2,1,0,0,0,0,0,normal,2026-05-29 09:43:00
DOC011,9.33,541.0,27,2,1,0,0,0,0,0,normal,2026-05-29 09:21:00
DOC011,10.01,501.0,23,3,1,0,0,0,0,0,normal,2026-05-28 10:14:00
DOC011,9.17,466.0,22,2,1,0,0,0,0,0,normal,2026-05-27 09:21:00
DOC011,9.92,474.0,27,3,1,0,0,0,0,0,normal,2026-05-27 09:54:00
DOC011,9.91,506.0,25,1,1,0,0,0,0,0,normal,2026-05-27 09:48:00
DOC012,8.62,554.0,26,4,1,0,0,0,0,0,normal,2026-07-25 08:39:00
DOC012,8.31,576.0,27,4,1,0,0,0,0,0,normal,2026-07-25 08:18:00
DOC012,8.46,498.0,20,4,1,0,0,0,0,0,normal,2026-07-25 08:43:00
DOC012,8.62,586.0,27,6,1,0,0,0,0,0,normal,2026-07-24 08:39:00
DOC012,8.19,536.0,20,6,1,0,0,0,0,0,normal,2026-07-24 08:18:00
DOC012,8.5,519.0,25,6,1,0,0,0,0,0,normal,2026-07-24 08:06:00
DOC012,8.88,501.0,23,5,1,0,0,0,0,0,normal,2026-07-23 08:22:00
DOC012,9.47,502.0,28,5,1,0,0,0,0,0,normal,2026-07-23 09:12:00
DOC012,9.54,601.0,20,4,1,0,0,0,0,0,normal,2026-07-23 09:01:00
DOC012,9.42,547.0,25,5,1,0,0,0,0,0,normal,2026-07-22 09:45:00
DOC012,8.83,500.0,22,4,1,0,0,0,0,0,normal,2026-07-22 08:15:00
DOC012,8.34,611.0,22,5,1,0,0,0,0,0,normal,2026-07-22 08:08:00
DOC012,9.54,579.0,19,5,1,0,0,0,0,0,normal,2026-07-21 09:56:00
DOC012,9.01,593.0,25,5,1,0,0,0,0,0,normal,2026-07-21 09:26:00
DOC012,9.38,608.0,23,6,1,0,0,0,0,0,normal,2026-07-21 09:11:00
DOC012,9.45,598.0,24,4,1,0,0,0,0,0,normal,2026-07-20 09:49:00
DOC012,8.69,502.0,20,4,1,0,0,0,0,0,normal,2026-07-20 08:46:00
DOC012,8.35,550.0,25,5,1,0,0,0,0,0,normal,2026-07-18 08:06:00
DOC012,9.06,542.0,29,5,1,0,0,0,0,0,normal,2026-07-17 09:08:00
DOC012,8.92,512.0,21,6,1,0,0,0,0,0,normal,2026-07-16 08:11:00
DOC012,8.49,575.0,19,6,1,0,0,0,0,0,normal,2026-07-16 08:04:00
DOC012,9.51,504.0,23,5,1,0,0,0,0,0,normal,2026-07-16 09:02:00
DOC012,8.98,504.0,23,4,1,0,0,0,0,0,normal,2026-07-15 08:12:00
DOC012,8.24,562.0,21,4,1,0,0,0,0,0,normal,2026-07-15 08:45:00
DOC012,8.39,609.0,27,4,1,0,0,0,0,0,normal,2026-07-15 08:46:00
DOC012,8.24,598.0,29,4,1,0,0,0,0,0,normal,2026-07-14 08:57:00
DOC012,9.45,577.0,26,4,1,0,0,0,0,0,normal,2026-07-13 09:55:00
DOC012,8.64,511.0,27,4,1,0,0,0,0,0,normal,2026-07-11 08:08:00
DOC012,9.42,512.0,20,6,1,0,0,0,0,0,normal,2026-07-10 09:10:00
DOC012,9.15,569.0,23,6,1,0,0,0,0,0,normal,2026-07-09 09:33:00
DOC012,8.22,597.0,29,6,1,0,0,0,0,0,normal,2026-07-09 08:54:00
DOC012,9.36,498.0,31,5,1,0,0,0,0,0,normal,2026-07-08 09:46:00
DOC012,8.24,498.0,26,4,1,0,0,0,0,0,normal,2026-07-08 08:34:00
DOC012,9.1,499.0,21,4,1,0,0,0,0,0,normal,2026-07-07 09:34:00
DOC012,8.63,527.0,29,5,1,0,0,0,0,0,normal,2026-07-07 08:06:00
DOC012,9.32,554.0,25,6,1,0,0,0,0,0,normal,2026-07-06 09:43:00
DOC012,8.79,523.0,19,4,1,0,0,0,0,0,normal,2026-07-06 08:58:00
DOC012,9.2,611.0,19,6,1,0,0,0,0,0,normal,2026-07-04 09:46:00
DOC012,9.45,515.0,24,5,1,0,0,0,0,0,normal,2026-07-04 09:20:00
DOC012,9.13,533.0,23,5,1,0,0,0,0,0,normal,2026-07-04 09:41:00
DOC012,8.55,582.0,23,6,1,0,0,0,0,0,normal,2026-07-03 08:28:00
DOC012,9.49,536.0,26,5,1,0,0,0,0,0,normal,2026-07-03 09:24:00
DOC012,8.94,497.0,30,5,1,0,0,0,0,0,normal,2026-07-02 08:33:00
DOC012,9.06,552.0,22,4,1,0,0,0,0,0,normal,2026-07-01 09:04:00
DOC012,8.21,570.0,19,6,1,0,0,0,0,0,normal,2026-07-01 08:26:00
DOC012,8.55,595.0,30,4,1,0,0,0,0,0,normal,2026-06-30 08:59:00
DOC012,8.32,608.0,29,4,1,0,0,0,0,0,normal,2026-06-30 08:51:00
DOC012,8.66,561.0,26,5,1,0,0,0,0,0,normal,2026-06-30 08:39:00
DOC012,9.54,578.0,29,4,1,0,0,0,0,0,normal,2026-06-29 09:39:00
DOC012,9.46,583.0,24,4,1,0,0,0,0,0,normal,2026-06-29 09:06:00
DOC012,9.1,560.0,22,4,1,0,0,0,0,0,normal,2026-06-27 09:21:00
DOC012,8.87,599.0,30,4,1,0,0,0,0,0,normal,2026-06-27 08:21:00
DOC012,9.07,575.0,27,5,1,0,0,0,0,0,normal,2026-06-27 09:04:00
DOC012,8.63,557.0,30,4,1,0,0,0,0,0,normal,2026-06-26 08:10:00
DOC012,8.7,583.0,24,5,1,0,0,0,0,0,normal,2026-06-26 08:01:00
DOC012,8.62,521.0,20,6,1,0,0,0,0,0,normal,2026-06-26 08:15:00
DOC012,8.99,613.0,27,5,1,0,0,0,0,0,normal,2026-06-25 08:47:00
DOC012,9.04,584.0,24,6,1,0,0,0,0,0,normal,2026-06-25 09:32:00
DOC012,8.96,548.0,24,4,1,0,0,0,0,0,normal,2026-06-25 08:32:00
DOC012,9.31,543.0,21,4,1,0,0,0,0,0,normal,2026-06-24 09:41:00
DOC012,8.56,498.0,22,4,1,0,0,0,0,0,normal,2026-06-24 08:04:00
DOC012,9.1,575.0,30,5,1,0,0,0,0,0,normal,2026-06-24 09:32:00
DOC012,8.19,520.0,28,6,1,0,0,0,0,0,normal,2026-06-23 08:42:00
DOC012,8.62,576.0,21,6,1,0,0,0,0,0,normal,2026-06-23 08:18:00
DOC012,9.4,578.0,22,6,1,0,0,0,0,0,normal,2026-06-22 09:14:00
DOC012,9.37,565.0,25,4,1,0,0,0,0,0,normal,2026-06-22 09:15:00
DOC012,9.0,533.0,21,5,1,0,0,0,0,0,normal,2026-06-20 08:01:00
DOC012,8.84,592.0,23,5,1,0,0,0,0,0,normal,2026-06-20 08:45:00
DOC012,9.3,500.0,23,4,1,0,0,0,0,0,normal,2026-06-20 09:46:00
DOC012,9.38,554.0,24,5,1,0,0,0,0,0,normal,2026-06-19 09:33:00
DOC012,8.42,546.0,25,4,1,0,0,0,0,0,normal,2026-06-18 08:58:00
DOC012,8.92,599.0,25,5,1,0,0,0,0,0,normal,2026-06-18 08:09:00
DOC012,9.04,508.0,27,6,1,0,0,0,0,0,normal,2026-06-17 09:00:00
DOC012,9.53,536.0,24,4,1,0,0,0,0,0,normal,2026-06-17 09:16:00
DOC012,9.5,590.0,24,6,1,0,0,0,0,0,normal,2026-06-16 09:25:00
DOC012,9.45,591.0,21,6,1,0,0,0,0,0,normal,2026-06-15 09:04:00
DOC012,8.22,576.0,20,6,1,0,0,0,0,0,normal,2026-06-15 08:43:00
DOC012,8.97,556.0,25,6,1,0,0,0,0,0,normal,2026-06-13 08:05:00
DOC012,9.33,504.0,29,6,1,0,0,0,0,0,normal,2026-06-13 09:28:00
DOC012,8.17,576.0,26,5,1,0,0,0,0,0,normal,2026-06-12 08:02:00
DOC012,8.86,552.0,28,4,1,0,0,0,0,0,normal,2026-06-12 08:45:00
DOC012,8.32,532.0,31,4,1,0,0,0,0,0,normal,2026-06-12 08:16:00
DOC012,8.58,525.0,27,5,1,0,0,0,0,0,normal,2026-06-11 08:56:00
DOC012,9.18,577.0,26,4,1,0,0,0,0,0,normal,2026-06-11 09:59:00
DOC012,9.26,508.0,28,4,1,0,0,0,0,0,normal,2026-06-10 09:25:00
DOC012,9.37,506.0,29,5,1,0,0,0,0,0,normal,2026-06-10 09:55:00
DOC012,8.23,556.0,28,6,1,0,0,0,0,0,normal,2026-06-09 08:34:00
DOC012,9.25,552.0,27,6,1,0,0,0,0,0,normal,2026-06-09 09:44:00
DOC012,9.33,536.0,24,4,1,0,0,0,0,0,normal,2026-06-09 09:47:00
DOC012,8.76,591.0,24,4,1,0,0,0,0,0,normal,2026-06-08 08:45:00
DOC012,8.38,614.0,21,5,1,0,0,0,0,0,normal,2026-06-08 08:27:00
DOC012,8.62,594.0,30,5,1,0,0,0,0,0,normal,2026-06-06 08:38:00
DOC012,8.41,582.0,22,5,1,0,0,0,0,0,normal,2026-06-06 08:02:00
DOC012,9.11,518.0,27,6,1,0,0,0,0,0,normal,2026-06-05 09:56:00
DOC012,9.42,499.0,28,6,1,0,0,0,0,0,normal,2026-06-05 09:34:00
DOC012,9.16,497.0,20,5,1,0,0,0,0,0,normal,2026-06-05 09:04:00
DOC012,8.97,535.0,21,5,1,0,0,0,0,0,normal,2026-06-04 08:30:00
DOC012,9.35,587.0,24,5,1,0,0,0,0,0,normal,2026-06-04 09:42:00
DOC012,8.19,553.0,27,4,1,0,0,0,0,0,normal,2026-06-04 08:45:00
DOC012,8.76,608.0,28,5,1,0,0,0,0,0,normal,2026-06-03 08:07:00
DOC012,8.68,559.0,24,5,1,0,0,0,0,0,normal,2026-06-02 08:50:00
DOC012,9.54,507.0,29,6,1,0,0,0,0,0,normal,2026-06-02 09:01:00
DOC012,8.77,497.0,30,6,1,0,0,0,0,0,normal,2026-06-01 08:53:00
DOC012,9.55,494.0,20,4,1,0,0,0,0,0,normal,2026-06-01 09:31:00
DOC012,8.79,567.0,22,5,1,0,0,0,0,0,normal,2026-05-30 08:14:00
DOC012,9.13,509.0,28,4,1,0,0,0,0,0,normal,2026-05-30 09:47:00
DOC012,8.82,608.0,22,4,1,0,0,0,0,0,normal,2026-05-29 08:22:00
DOC012,8.67,576.0,21,5,1,0,0,0,0,0,normal,2026-05-29 08:43:00
DOC012,9.35,533.0,25,6,1,0,0,0,0,0,normal,2026-05-28 09:46:00
DOC012,9.34,578.0,28,6,1,0,0,0,0,0,normal,2026-05-28 09:08:00
DOC012,9.04,533.0,31,6,1,0,0,0,0,0,normal,2026-05-28 09:53:00
DOC012,8.65,571.0,28,4,1,0,0,0,0,0,normal,2026-05-27 08:43:00
DOC012,9.51,591.0,28,5,1,0,0,0,0,0,normal,2026-05-27 09:53:00
DOC012,8.79,519.0,27,5,1,0,0,0,0,0,normal,2026-05-27 08:05:00
DOC013,9.33,446.0,42,1,1,0,0,0,0,0,normal,2026-07-25 09:35:00
DOC013,10.5,508.0,39,1,1,0,0,0,0,0,normal,2026-07-25 10:03:00
DOC013,9.74,532.0,35,0,1,0,0,0,0,0,normal,2026-07-25 09:25:00
DOC013,9.99,472.0,37,0,1,0,0,0,0,0,normal,2026-07-24 09:42:00
DOC013,9.43,510.0,39,1,1,0,0,0,0,0,normal,2026-07-24 09:34:00
DOC013,9.64,510.0,42,1,1,0,0,0,0,0,normal,2026-07-23 09:30:00
DOC013,9.8,537.0,35,2,1,0,0,0,0,0,normal,2026-07-22 09:43:00
DOC013,10.03,536.0,41,0,1,0,0,0,0,0,normal,2026-07-21 10:00:00
DOC013,9.23,525.0,37,1,1,0,0,0,0,0,normal,2026-07-21 09:37:00
DOC013,9.3,532.0,39,0,1,0,0,0,0,0,normal,2026-07-20 09:50:00
DOC013,9.21,477.0,33,2,1,0,0,0,0,0,normal,2026-07-20 09:44:00
DOC013,9.41,497.0,41,0,1,0,0,0,0,0,normal,2026-07-18 09:07:00
DOC013,10.28,543.0,35,0,1,0,0,0,0,0,normal,2026-07-18 10:19:00
DOC013,9.94,547.0,35,0,1,0,0,0,0,0,normal,2026-07-17 09:05:00
DOC013,9.77,517.0,33,1,1,0,0,0,0,0,normal,2026-07-16 09:11:00
DOC013,10.36,542.0,35,2,1,0,0,0,0,0,normal,2026-07-16 10:01:00
DOC013,9.64,550.0,40,1,1,0,0,0,0,0,normal,2026-07-15 09:49:00
DOC013,10.56,476.0,34,2,1,0,0,0,0,0,normal,2026-07-14 10:30:00
DOC013,10.1,453.0,37,0,1,0,0,0,0,0,normal,2026-07-13 10:48:00
DOC013,10.25,479.0,37,1,1,0,0,0,0,0,normal,2026-07-13 10:32:00
DOC013,10.36,531.0,39,1,1,0,0,0,0,0,normal,2026-07-13 10:02:00
DOC013,10.36,444.0,33,2,1,0,0,0,0,0,normal,2026-07-11 10:37:00
DOC013,9.64,464.0,38,1,1,0,0,0,0,0,normal,2026-07-10 09:47:00
DOC013,9.88,445.0,41,1,1,0,0,0,0,0,normal,2026-07-10 09:41:00
DOC013,9.74,499.0,34,0,1,0,0,0,0,0,normal,2026-07-09 09:53:00
DOC013,9.31,489.0,42,2,1,0,0,0,0,0,normal,2026-07-09 09:50:00
DOC013,9.85,510.0,41,2,1,0,0,0,0,0,normal,2026-07-09 09:34:00
DOC013,10.15,435.0,44,0,1,0,0,0,0,0,normal,2026-07-08 10:04:00
DOC013,9.63,450.0,38,0,1,0,0,0,0,0,normal,2026-07-07 09:14:00
DOC013,9.64,437.0,34,1,1,0,0,0,0,0,normal,2026-07-06 09:58:00
DOC013,10.09,465.0,39,2,1,0,0,0,0,0,normal,2026-07-04 10:46:00
DOC013,9.39,431.0,34,0,1,0,0,0,0,0,normal,2026-07-04 09:46:00
DOC013,9.57,435.0,43,2,1,0,0,0,0,0,normal,2026-07-04 09:41:00
DOC013,10.18,445.0,41,0,1,0,0,0,0,0,normal,2026-07-03 10:35:00
DOC013,9.62,516.0,40,2,1,0,0,0,0,0,normal,2026-07-03 09:36:00
DOC013,10.32,543.0,37,2,1,0,0,0,0,0,normal,2026-07-02 10:36:00
DOC013,9.85,497.0,38,0,1,0,0,0,0,0,normal,2026-07-02 09:52:00
DOC013,10.57,541.0,33,0,1,0,0,0,0,0,normal,2026-07-02 10:21:00
DOC013,9.47,436.0,38,0,1,0,0,0,0,0,normal,2026-07-01 09:57:00
DOC013,9.7,471.0,38,1,1,0,0,0,0,0,normal,2026-06-30 09:15:00
DOC013,9.32,489.0,42,2,1,0,0,0,0,0,normal,2026-06-30 09:57:00
DOC013,10.12,501.0,43,0,1,0,0,0,0,0,normal,2026-06-29 10:26:00
DOC013,10.48,551.0,36,0,1,0,0,0,0,0,normal,2026-06-29 10:37:00
DOC013,9.7,483.0,35,0,1,0,0,0,0,0,normal,2026-06-27 09:18:00
DOC013,10.48,511.0,34,1,1,0,0,0,0,0,normal,2026-06-27 10:47:00
DOC013,9.58,525.0,43,1,1,0,0,0,0,0,normal,2026-06-26 09:05:00
DOC013,10.05,449.0,32,2,1,0,0,0,0,0,normal,2026-06-26 10:56:00
DOC013,10.55,456.0,33,2,1,0,0,0,0,0,normal,2026-06-25 10:52:00
DOC013,9.72,518.0,34,1,1,0,0,0,0,0,normal,2026-06-25 09:10:00
DOC013,10.49,448.0,41,1,1,0,0,0,0,0,normal,2026-06-25 10:25:00
DOC013,10.45,532.0,38,0,1,0,0,0,0,0,normal,2026-06-24 10:03:00
DOC013,9.97,445.0,35,0,1,0,0,0,0,0,normal,2026-06-24 09:59:00
DOC013,10.52,448.0,41,2,1,0,0,0,0,0,normal,2026-06-24 10:51:00
DOC013,9.76,550.0,37,0,1,0,0,0,0,0,normal,2026-06-23 09:14:00
DOC013,9.84,529.0,37,2,1,0,0,0,0,0,normal,2026-06-23 09:59:00
DOC013,9.96,474.0,43,1,1,0,0,0,0,0,normal,2026-06-22 09:29:00
DOC013,9.26,526.0,40,0,1,0,0,0,0,0,normal,2026-06-20 09:12:00
DOC013,9.88,453.0,35,1,1,0,0,0,0,0,normal,2026-06-20 09:06:00
DOC013,10.34,499.0,38,1,1,0,0,0,0,0,normal,2026-06-20 10:01:00
DOC013,10.28,452.0,35,0,1,0,0,0,0,0,normal,2026-06-19 10:05:00
DOC013,10.09,501.0,39,1,1,0,0,0,0,0,normal,2026-06-18 10:35:00
DOC013,9.99,549.0,40,2,1,0,0,0,0,0,normal,2026-06-17 09:23:00
DOC013,10.33,545.0,32,2,1,0,0,0,0,0,normal,2026-06-16 10:35:00
DOC013,10.53,514.0,42,2,1,0,0,0,0,0,normal,2026-06-15 10:20:00
DOC013,10.09,530.0,41,1,1,0,0,0,0,0,normal,2026-06-13 10:51:00
DOC013,9.72,450.0,32,2,1,0,0,0,0,0,normal,2026-06-13 09:28:00
DOC013,10.01,473.0,41,0,1,0,0,0,0,0,normal,2026-06-12 10:28:00
DOC013,10.28,550.0,39,1,1,0,0,0,0,0,normal,2026-06-12 10:33:00
DOC013,10.24,511.0,42,0,1,0,0,0,0,0,normal,2026-06-11 10:04:00
DOC013,10.44,505.0,43,2,1,0,0,0,0,0,normal,2026-06-10 10:25:00
DOC013,9.94,484.0,42,2,1,0,0,0,0,0,normal,2026-06-10 09:48:00
DOC013,10.27,505.0,36,1,1,0,0,0,0,0,normal,2026-06-10 10:36:00
DOC013,10.09,526.0,35,1,1,0,0,0,0,0,normal,2026-06-09 10:09:00
DOC013,9.88,545.0,34,2,1,0,0,0,0,0,normal,2026-06-09 09:29:00
DOC013,10.45,497.0,37,1,1,0,0,0,0,0,normal,2026-06-08 10:33:00
DOC013,10.54,436.0,38,2,1,0,0,0,0,0,normal,2026-06-06 10:08:00
DOC013,9.35,525.0,38,1,1,0,0,0,0,0,normal,2026-06-06 09:07:00
DOC013,9.62,523.0,35,2,1,0,0,0,0,0,normal,2026-06-05 09:44:00
DOC013,9.34,454.0,43,0,1,0,0,0,0,0,normal,2026-06-05 09:42:00
DOC013,10.28,536.0,43,2,1,0,0,0,0,0,normal,2026-06-04 10:46:00
DOC013,10.45,460.0,42,0,1,0,0,0,0,0,normal,2026-06-03 10:07:00
DOC013,10.09,490.0,43,1,1,0,0,0,0,0,normal,2026-06-02 10:44:00
DOC013,9.57,476.0,33,2,1,0,0,0,0,0,normal,2026-06-02 09:23:00
DOC013,10.07,491.0,43,0,1,0,0,0,0,0,normal,2026-06-02 10:53:00
DOC013,9.67,542.0,41,1,1,0,0,0,0,0,normal,2026-06-01 09:21:00
DOC013,10.27,494.0,44,0,1,0,0,0,0,0,normal,2026-06-01 10:06:00
DOC013,10.49,468.0,43,1,1,0,0,0,0,0,normal,2026-06-01 10:46:00
DOC013,10.07,453.0,32,1,1,0,0,0,0,0,normal,2026-05-30 10:28:00
DOC013,10.05,493.0,36,0,1,0,0,0,0,0,normal,2026-05-30 10:20:00
DOC013,9.9,431.0,36,0,1,0,0,0,0,0,normal,2026-05-30 09:06:00
DOC013,10.44,500.0,40,2,1,0,0,0,0,0,normal,2026-05-29 10:40:00
DOC013,10.33,459.0,38,2,1,0,0,0,0,0,normal,2026-05-29 10:10:00
DOC013,9.71,508.0,35,1,1,0,0,0,0,0,normal,2026-05-28 09:46:00
DOC013,9.65,516.0,43,2,1,0,0,0,0,0,normal,2026-05-28 09:15:00
DOC013,9.84,508.0,40,2,1,0,0,0,0,0,normal,2026-05-28 09:44:00
DOC013,9.36,485.0,39,0,1,0,0,0,0,0,normal,2026-05-27 09:38:00
DOC013,10.4,440.0,39,1,1,0,0,0,0,0,normal,2026-05-27 10:35:00
DOC014,9.62,456.0,17,1,1,0,0,0,0,0,normal,2026-07-25 09:29:00
DOC014,9.29,465.0,25,0,1,0,0,0,0,0,normal,2026-07-25 09:40:00
DOC014,9.77,465.0,22,1,1,0,0,0,0,0,normal,2026-07-24 09:23:00
DOC014,9.85,369.0,18,2,1,0,0,0,0,0,normal,2026-07-23 09:21:00
DOC014,9.18,427.0,23,1,1,0,0,0,0,0,normal,2026-07-23 09:19:00
DOC014,9.58,396.0,25,0,1,0,0,0,0,0,normal,2026-07-22 09:59:00
DOC014,9.76,395.0,20,0,1,0,0,0,0,0,normal,2026-07-22 09:26:00
DOC014,8.89,429.0,23,1,1,0,0,0,0,0,normal,2026-07-22 08:13:00
DOC014,10.01,380.0,22,0,1,0,0,0,0,0,normal,2026-07-21 10:57:00
DOC014,9.79,381.0,25,2,1,0,0,0,0,0,normal,2026-07-21 09:52:00
DOC014,9.28,400.0,17,1,1,0,0,0,0,0,normal,2026-07-21 09:19:00
DOC014,8.88,445.0,25,1,1,0,0,0,0,0,normal,2026-07-20 08:44:00
DOC014,9.67,416.0,24,2,1,0,0,0,0,0,normal,2026-07-20 09:10:00
DOC014,8.79,412.0,15,0,1,0,0,0,0,0,normal,2026-07-20 08:03:00
DOC014,9.06,477.0,16,2,1,0,0,0,0,0,normal,2026-07-18 09:47:00
DOC014,10.06,451.0,16,0,1,0,0,0,0,0,normal,2026-07-18 10:42:00
DOC014,8.84,447.0,21,2,1,0,0,0,0,0,normal,2026-07-18 08:46:00
DOC014,9.28,457.0,26,2,1,0,0,0,0,0,normal,2026-07-17 09:55:00
DOC014,9.36,450.0,15,1,1,0,0,0,0,0,normal,2026-07-17 09:28:00
DOC014,9.65,406.0,19,0,1,0,0,0,0,0,normal,2026-07-17 09:19:00
DOC014,9.99,438.0,22,1,1,0,0,0,0,0,normal,2026-07-16 09:40:00
DOC014,8.94,392.0,15,0,1,0,0,0,0,0,normal,2026-07-15 08:51:00
DOC014,9.21,456.0,15,2,1,0,0,0,0,0,normal,2026-07-15 09:45:00
DOC014,9.49,442.0,16,1,1,0,0,0,0,0,normal,2026-07-15 09:58:00
DOC014,9.53,414.0,15,1,1,0,0,0,0,0,normal,2026-07-14 09:32:00
DOC014,9.17,469.0,21,1,1,0,0,0,0,0,normal,2026-07-14 09:32:00
DOC014,9.32,466.0,24,2,1,0,0,0,0,0,normal,2026-07-13 09:41:00
DOC014,9.85,470.0,25,1,1,0,0,0,0,0,normal,2026-07-13 09:15:00
DOC014,8.95,378.0,18,1,1,0,0,0,0,0,normal,2026-07-11 08:32:00
DOC014,8.77,468.0,16,1,1,0,0,0,0,0,normal,2026-07-11 08:04:00
DOC014,9.44,481.0,19,1,1,0,0,0,0,0,normal,2026-07-11 09:51:00
DOC014,9.99,392.0,20,2,1,0,0,0,0,0,normal,2026-07-10 09:53:00
DOC014,9.9,456.0,16,1,1,0,0,0,0,0,normal,2026-07-10 09:20:00
DOC014,9.48,438.0,18,2,1,0,0,0,0,0,normal,2026-07-10 09:35:00
DOC014,10.12,412.0,25,0,1,0,0,0,0,0,normal,2026-07-09 10:19:00
DOC014,9.65,378.0,14,2,1,0,0,0,0,0,normal,2026-07-08 09:25:00
DOC014,9.4,427.0,20,2,1,0,0,0,0,0,normal,2026-07-08 09:01:00
DOC014,10.02,413.0,19,0,1,0,0,0,0,0,normal,2026-07-07 10:38:00
DOC014,9.35,378.0,17,2,1,0,0,0,0,0,normal,2026-07-07 09:39:00
DOC014,9.35,384.0,19,0,1,0,0,0,0,0,normal,2026-07-07 09:46:00
DOC014,9.22,373.0,22,1,1,0,0,0,0,0,normal,2026-07-06 09:57:00
DOC014,10.16,428.0,18,1,1,0,0,0,0,0,normal,2026-07-06 10:18:00
DOC014,10.03,409.0,17,2,1,0,0,0,0,0,normal,2026-07-06 10:40:00
DOC014,9.31,401.0,19,2,1,0,0,0,0,0,normal,2026-07-04 09:16:00
DOC014,9.6,419.0,20,1,1,0,0,0,0,0,normal,2026-07-03 09:26:00
DOC014,9.24,453.0,17,0,1,0,0,0,0,0,normal,2026-07-02 09:31:00
DOC014,10.08,408.0,18,2,1,0,0,0,0,0,normal,2026-07-02 10:43:00
DOC014,9.5,480.0,15,0,1,0,0,0,0,0,normal,2026-07-01 09:20:00
DOC014,9.28,437.0,19,0,1,0,0,0,0,0,normal,2026-06-30 09:19:00
DOC014,9.69,433.0,15,1,1,0,0,0,0,0,normal,2026-06-30 09:59:00
DOC014,9.96,475.0,25,0,1,0,0,0,0,0,normal,2026-06-30 09:09:00
DOC014,9.38,442.0,21,1,1,0,0,0,0,0,normal,2026-06-29 09:38:00
DOC014,9.19,470.0,24,0,1,0,0,0,0,0,normal,2026-06-27 09:58:00
DOC014,9.97,477.0,19,0,1,0,0,0,0,0,normal,2026-06-27 09:35:00
DOC014,9.87,380.0,17,2,1,0,0,0,0,0,normal,2026-06-27 09:44:00
DOC014,9.65,382.0,15,1,1,0,0,0,0,0,normal,2026-06-26 09:24:00
DOC014,10.02,410.0,24,0,1,0,0,0,0,0,normal,2026-06-26 10:23:00
DOC014,9.62,457.0,22,1,1,0,0,0,0,0,normal,2026-06-26 09:20:00
DOC014,8.97,440.0,14,2,1,0,0,0,0,0,normal,2026-06-25 08:33:00
DOC014,9.89,377.0,22,2,1,0,0,0,0,0,normal,2026-06-25 09:51:00
DOC014,9.37,408.0,26,0,1,0,0,0,0,0,normal,2026-06-25 09:38:00
DOC014,9.18,450.0,14,1,1,0,0,0,0,0,normal,2026-06-24 09:11:00
DOC014,8.91,382.0,17,0,1,0,0,0,0,0,normal,2026-06-24 08:40:00
DOC014,9.09,393.0,26,1,1,0,0,0,0,0,normal,2026-06-24 09:25:00
DOC014,8.77,474.0,22,1,1,0,0,0,0,0,normal,2026-06-23 08:58:00
DOC014,9.65,456.0,22,1,1,0,0,0,0,0,normal,2026-06-23 09:56:00
DOC014,10.15,387.0,18,1,1,0,0,0,0,0,normal,2026-06-23 10:28:00
DOC014,9.07,484.0,17,0,1,0,0,0,0,0,normal,2026-06-22 09:13:00
DOC014,9.7,427.0,17,0,1,0,0,0,0,0,normal,2026-06-20 09:06:00
DOC014,9.33,404.0,24,0,1,0,0,0,0,0,normal,2026-06-19 09:56:00
DOC014,9.95,470.0,23,1,1,0,0,0,0,0,normal,2026-06-19 09:48:00
DOC014,9.25,428.0,14,2,1,0,0,0,0,0,normal,2026-06-18 09:51:00
DOC014,9.96,425.0,18,2,1,0,0,0,0,0,normal,2026-06-18 09:48:00
DOC014,9.16,391.0,14,0,1,0,0,0,0,0,normal,2026-06-18 09:55:00
DOC014,8.9,411.0,16,0,1,0,0,0,0,0,normal,2026-06-17 08:17:00
DOC014,8.8,403.0,17,0,1,0,0,0,0,0,normal,2026-06-16 08:20:00
DOC014,9.99,483.0,22,0,1,0,0,0,0,0,normal,2026-06-16 09:44:00
DOC014,9.9,452.0,14,0,1,0,0,0,0,0,normal,2026-06-15 09:15:00
DOC014,9.11,477.0,21,0,1,0,0,0,0,0,normal,2026-06-15 09:51:00
DOC014,8.84,439.0,24,0,1,0,0,0,0,0,normal,2026-06-15 08:11:00
DOC014,9.46,458.0,15,1,1,0,0,0,0,0,normal,2026-06-13 09:03:00
DOC014,8.92,409.0,16,0,1,0,0,0,0,0,normal,2026-06-12 08:04:00
DOC014,9.38,390.0,19,0,1,0,0,0,0,0,normal,2026-06-12 09:24:00
DOC014,9.94,413.0,25,1,1,0,0,0,0,0,normal,2026-06-11 09:47:00
DOC014,9.63,366.0,21,0,1,0,0,0,0,0,normal,2026-06-11 09:40:00
DOC014,9.39,424.0,18,1,1,0,0,0,0,0,normal,2026-06-11 09:40:00
DOC014,9.95,416.0,24,1,1,0,0,0,0,0,normal,2026-06-10 09:01:00
DOC014,8.89,475.0,15,2,1,0,0,0,0,0,normal,2026-06-09 08:45:00
DOC014,9.06,371.0,20,0,1,0,0,0,0,0,normal,2026-06-09 09:19:00
DOC014,8.93,412.0,21,2,1,0,0,0,0,0,normal,2026-06-09 08:48:00
DOC014,9.52,479.0,14,1,1,0,0,0,0,0,normal,2026-06-08 09:43:00
DOC014,9.19,431.0,16,1,1,0,0,0,0,0,normal,2026-06-08 09:43:00
DOC014,10.03,423.0,19,2,1,0,0,0,0,0,normal,2026-06-08 10:49:00
DOC014,9.4,370.0,22,2,1,0,0,0,0,0,normal,2026-06-06 09:09:00
DOC014,10.02,419.0,22,0,1,0,0,0,0,0,normal,2026-06-05 10:50:00
DOC014,9.4,410.0,14,1,1,0,0,0,0,0,normal,2026-06-04 09:13:00
DOC014,9.17,445.0,24,1,1,0,0,0,0,0,normal,2026-06-04 09:53:00
DOC014,9.4,422.0,17,1,1,0,0,0,0,0,normal,2026-06-04 09:48:00
DOC014,10.16,384.0,16,0,1,0,0,0,0,0,normal,2026-06-03 10:18:00
DOC014,9.99,366.0,21,2,1,0,0,0,0,0,normal,2026-06-03 09:34:00
DOC014,9.88,442.0,26,1,1,0,0,0,0,0,normal,2026-06-02 09:58:00
DOC014,9.17,439.0,18,0,1,0,0,0,0,0,normal,2026-06-02 09:25:00
DOC014,9.84,405.0,15,2,1,0,0,0,0,0,normal,2026-06-01 09:13:00
DOC014,9.66,459.0,25,0,1,0,0,0,0,0,normal,2026-05-30 09:52:00
DOC014,8.85,421.0,17,0,1,0,0,0,0,0,normal,2026-05-30 08:33:00
DOC014,9.06,421.0,23,0,1,0,0,0,0,0,normal,2026-05-30 09:53:00
DOC014,9.57,368.0,25,0,1,0,0,0,0,0,normal,2026-05-29 09:53:00
DOC014,10.16,385.0,16,1,1,0,0,0,0,0,normal,2026-05-29 10:11:00
DOC014,9.23,475.0,19,2,1,0,0,0,0,0,normal,2026-05-29 09:29:00
DOC014,9.16,474.0,25,1,1,0,0,0,0,0,normal,2026-05-28 09:06:00
DOC014,8.91,397.0,18,1,1,0,0,0,0,0,normal,2026-05-27 08:28:00
DOC015,9.55,475.0,25,3,1,0,0,0,0,0,normal,2026-07-25 09:42:00
DOC015,10.28,504.0,22,3,1,0,0,0,0,0,normal,2026-07-25 10:46:00
DOC015,9.97,546.0,21,2,1,0,0,0,0,0,normal,2026-07-24 09:58:00
DOC015,10.33,517.0,27,2,1,0,0,0,0,0,normal,2026-07-24 10:00:00
DOC015,9.45,543.0,24,3,1,0,0,0,0,0,normal,2026-07-24 09:14:00
DOC015,9.72,470.0,29,2,1,0,0,0,0,0,normal,2026-07-23 09:42:00
DOC015,9.82,430.0,20,2,1,0,0,0,0,0,normal,2026-07-22 09:32:00
DOC015,9.7,512.0,25,2,1,0,0,0,0,0,normal,2026-07-21 09:45:00
DOC015,10.63,475.0,20,2,1,0,0,0,0,0,normal,2026-07-20 10:32:00
DOC015,10.47,465.0,22,3,1,0,0,0,0,0,normal,2026-07-20 10:28:00
DOC015,9.92,522.0,19,3,1,0,0,0,0,0,normal,2026-07-18 09:09:00
DOC015,10.08,434.0,28,1,1,0,0,0,0,0,normal,2026-07-18 10:18:00
DOC015,9.97,481.0,27,3,1,0,0,0,0,0,normal,2026-07-18 09:34:00
DOC015,9.43,511.0,22,2,1,0,0,0,0,0,normal,2026-07-17 09:06:00
DOC015,10.68,432.0,22,3,1,0,0,0,0,0,normal,2026-07-17 10:09:00
DOC015,9.66,545.0,21,2,1,0,0,0,0,0,normal,2026-07-17 09:37:00
DOC015,9.48,460.0,29,2,1,0,0,0,0,0,normal,2026-07-16 09:14:00
DOC015,9.6,462.0,21,2,1,0,0,0,0,0,normal,2026-07-16 09:34:00
DOC015,10.12,470.0,19,2,1,0,0,0,0,0,normal,2026-07-15 10:28:00
DOC015,10.39,530.0,24,3,1,0,0,0,0,0,normal,2026-07-14 10:09:00
DOC015,10.52,495.0,21,3,1,0,0,0,0,0,normal,2026-07-14 10:27:00
DOC015,9.51,543.0,26,1,1,0,0,0,0,0,normal,2026-07-14 09:48:00
DOC015,9.82,500.0,24,3,1,0,0,0,0,0,normal,2026-07-13 09:09:00
DOC015,9.63,459.0,25,2,1,0,0,0,0,0,normal,2026-07-13 09:33:00
DOC015,9.74,445.0,25,1,1,0,0,0,0,0,normal,2026-07-11 09:06:00
DOC015,10.62,461.0,18,2,1,0,0,0,0,0,normal,2026-07-10 10:02:00
DOC015,9.57,433.0,29,3,1,0,0,0,0,0,normal,2026-07-09 09:12:00
DOC015,10.57,469.0,22,3,1,0,0,0,0,0,normal,2026-07-08 10:51:00
DOC015,9.91,453.0,24,3,1,0,0,0,0,0,normal,2026-07-08 09:00:00
DOC015,9.59,535.0,25,3,1,0,0,0,0,0,normal,2026-07-08 09:32:00
DOC015,9.42,475.0,21,1,1,0,0,0,0,0,normal,2026-07-07 09:14:00
DOC015,9.75,455.0,23,1,1,0,0,0,0,0,normal,2026-07-07 09:31:00
DOC015,9.88,507.0,17,3,1,0,0,0,0,0,normal,2026-07-07 09:33:00
DOC015,9.83,451.0,25,1,1,0,0,0,0,0,normal,2026-07-06 09:41:00
DOC015,10.45,430.0,19,3,1,0,0,0,0,0,normal,2026-07-04 10:03:00
DOC015,10.21,542.0,19,3,1,0,0,0,0,0,normal,2026-07-03 10:29:00
DOC015,9.45,536.0,24,2,1,0,0,0,0,0,normal,2026-07-03 09:13:00
DOC015,10.25,516.0,21,1,1,0,0,0,0,0,normal,2026-07-02 10:22:00
DOC015,10.56,466.0,21,3,1,0,0,0,0,0,normal,2026-07-01 10:27:00
DOC015,10.32,529.0,24,2,1,0,0,0,0,0,normal,2026-06-30 10:32:00
DOC015,9.91,458.0,21,1,1,0,0,0,0,0,normal,2026-06-30 09:21:00
DOC015,10.18,481.0,19,2,1,0,0,0,0,0,normal,2026-06-29 10:01:00
DOC015,10.73,436.0,23,2,1,0,0,0,0,0,normal,2026-06-29 10:53:00
DOC015,10.21,501.0,23,1,1,0,0,0,0,0,normal,2026-06-29 10:41:00
DOC015,10.7,441.0,23,2,1,0,0,0,0,0,normal,2026-06-27 10:18:00
DOC015,10.28,455.0,17,2,1,0,0,0,0,0,normal,2026-06-26 10:36:00
DOC015,10.71,482.0,23,1,1,0,0,0,0,0,normal,2026-06-26 10:26:00
DOC015,10.72,542.0,29,3,1,0,0,0,0,0,normal,2026-06-26 10:21:00
DOC015,10.62,508.0,25,2,1,0,0,0,0,0,normal,2026-06-25 10:21:00
DOC015,9.7,443.0,20,2,1,0,0,0,0,0,normal,2026-06-24 09:57:00
DOC015,9.67,469.0,24,1,1,0,0,0,0,0,normal,2026-06-24 09:53:00
DOC015,10.78,515.0,23,1,1,0,0,0,0,0,normal,2026-06-23 10:37:00
DOC015,10.64,487.0,23,2,1,0,0,0,0,0,normal,2026-06-23 10:56:00
DOC015,9.58,524.0,25,2,1,0,0,0,0,0,normal,2026-06-23 09:40:00
DOC015,10.5,529.0,17,3,1,0,0,0,0,0,normal,2026-06-22 10:35:00
DOC015,9.84,535.0,25,1,1,0,0,0,0,0,normal,2026-06-20 09:13:00
DOC015,10.44,475.0,27,2,1,0,0,0,0,0,normal,2026-06-20 10:58:00
DOC015,10.26,508.0,28,3,1,0,0,0,0,0,normal,2026-06-20 10:01:00
DOC015,9.7,436.0,17,3,1,0,0,0,0,0,normal,2026-06-19 09:29:00
DOC015,10.43,495.0,26,2,1,0,0,0,0,0,normal,2026-06-19 10:58:00
DOC015,9.95,448.0,21,1,1,0,0,0,0,0,normal,2026-06-19 09:58:00
DOC015,9.65,509.0,19,2,1,0,0,0,0,0,normal,2026-06-18 09:54:00
DOC015,10.75,521.0,19,3,1,0,0,0,0,0,normal,2026-06-17 10:56:00
DOC015,9.62,526.0,25,1,1,0,0,0,0,0,normal,2026-06-17 09:48:00
DOC015,10.07,538.0,20,3,1,0,0,0,0,0,normal,2026-06-16 10:45:00
DOC015,9.69,494.0,20,1,1,0,0,0,0,0,normal,2026-06-16 09:20:00
DOC015,10.71,504.0,20,3,1,0,0,0,0,0,normal,2026-06-15 10:12:00
DOC015,10.71,537.0,19,2,1,0,0,0,0,0,normal,2026-06-15 10:15:00
DOC015,10.39,438.0,20,3,1,0,0,0,0,0,normal,2026-06-13 10:22:00
DOC015,10.69,528.0,25,1,1,0,0,0,0,0,normal,2026-06-13 10:55:00
DOC015,9.58,476.0,19,1,1,0,0,0,0,0,normal,2026-06-12 09:26:00
DOC015,9.69,481.0,22,3,1,0,0,0,0,0,normal,2026-06-12 09:17:00
DOC015,10.09,438.0,29,1,1,0,0,0,0,0,normal,2026-06-11 10:59:00
DOC015,10.74,433.0,23,2,1,0,0,0,0,0,normal,2026-06-11 10:40:00
DOC015,9.5,479.0,17,1,1,0,0,0,0,0,normal,2026-06-10 09:32:00
DOC015,10.42,441.0,28,1,1,0,0,0,0,0,normal,2026-06-09 10:17:00
DOC015,9.84,541.0,27,3,1,0,0,0,0,0,normal,2026-06-09 09:57:00
DOC015,9.53,487.0,28,3,1,0,0,0,0,0,normal,2026-06-08 09:23:00
DOC015,9.49,443.0,20,1,1,0,0,0,0,0,normal,2026-06-08 09:20:00
DOC015,10.4,436.0,20,3,1,0,0,0,0,0,normal,2026-06-08 10:34:00
DOC015,10.74,496.0,19,3,1,0,0,0,0,0,normal,2026-06-06 10:25:00
DOC015,9.51,522.0,29,2,1,0,0,0,0,0,normal,2026-06-06 09:57:00
DOC015,10.18,450.0,25,1,1,0,0,0,0,0,normal,2026-06-06 10:39:00
DOC015,9.8,495.0,18,3,1,0,0,0,0,0,normal,2026-06-05 09:31:00
DOC015,9.44,534.0,22,2,1,0,0,0,0,0,normal,2026-06-05 09:10:00
DOC015,9.7,483.0,18,3,1,0,0,0,0,0,normal,2026-06-04 09:32:00
DOC015,10.42,491.0,27,1,1,0,0,0,0,0,normal,2026-06-03 10:41:00
DOC015,9.61,430.0,22,2,1,0,0,0,0,0,normal,2026-06-03 09:32:00
DOC015,10.54,494.0,22,1,1,0,0,0,0,0,normal,2026-06-03 10:37:00
DOC015,9.94,437.0,27,3,1,0,0,0,0,0,normal,2026-06-02 09:05:00
DOC015,9.96,444.0,23,3,1,0,0,0,0,0,normal,2026-06-02 09:19:00
DOC015,10.52,484.0,24,1,1,0,0,0,0,0,normal,2026-06-01 10:48:00
DOC015,10.61,507.0,25,2,1,0,0,0,0,0,normal,2026-06-01 10:58:00
DOC015,9.73,483.0,28,2,1,0,0,0,0,0,normal,2026-06-01 09:13:00
DOC015,10.35,504.0,29,2,1,0,0,0,0,0,normal,2026-05-30 10:48:00
DOC015,9.55,430.0,24,1,1,0,0,0,0,0,normal,2026-05-29 09:52:00
DOC015,9.81,447.0,23,1,1,0,0,0,0,0,normal,2026-05-28 09:05:00
DOC015,10.18,482.0,25,1,1,0,0,0,0,0,normal,2026-05-28 10:53:00
DOC015,10.56,440.0,23,3,1,0,0,0,0,0,normal,2026-05-28 10:54:00
DOC015,10.2,528.0,20,3,1,0,0,0,0,0,normal,2026-05-27 10:37:00
DOC015,10.3,441.0,26,2,1,0,0,0,0,0,normal,2026-05-27 10:18:00
DOC015,10.4,501.0,21,2,1,0,0,0,0,0,normal,2026-05-27 10:55:00
DOC016,9.94,576.0,44,3,1,0,0,0,0,0,normal,2026-07-25 09:59:00
DOC016,9.47,590.0,44,1,1,0,0,0,0,0,normal,2026-07-25 09:05:00
DOC016,10.04,516.0,43,1,1,0,0,0,0,0,normal,2026-07-25 10:14:00
DOC016,9.57,624.0,39,3,1,0,0,0,0,0,normal,2026-07-24 09:14:00
DOC016,10.21,547.0,38,2,1,0,0,0,0,0,normal,2026-07-24 10:31:00
DOC016,9.7,553.0,46,3,1,0,0,0,0,0,normal,2026-07-23 09:38:00
DOC016,9.59,560.0,37,1,1,0,0,0,0,0,normal,2026-07-23 09:10:00
DOC016,9.73,572.0,44,3,1,0,0,0,0,0,normal,2026-07-22 09:08:00
DOC016,9.65,611.0,43,1,1,0,0,0,0,0,normal,2026-07-22 09:05:00
DOC016,9.34,621.0,38,1,1,0,0,0,0,0,normal,2026-07-21 09:58:00
DOC016,9.8,592.0,40,1,1,0,0,0,0,0,normal,2026-07-21 09:28:00
DOC016,10.42,595.0,36,2,1,0,0,0,0,0,normal,2026-07-21 10:51:00
DOC016,10.03,569.0,45,2,1,0,0,0,0,0,normal,2026-07-20 10:10:00
DOC016,10.22,574.0,37,3,1,0,0,0,0,0,normal,2026-07-20 10:27:00
DOC016,9.68,537.0,46,2,1,0,0,0,0,0,normal,2026-07-20 09:35:00
DOC016,9.24,581.0,42,3,1,0,0,0,0,0,normal,2026-07-18 09:41:00
DOC016,10.05,632.0,37,3,1,0,0,0,0,0,normal,2026-07-18 10:22:00
DOC016,10.32,529.0,46,2,1,0,0,0,0,0,normal,2026-07-17 10:21:00
DOC016,9.25,591.0,44,1,1,0,0,0,0,0,normal,2026-07-17 09:25:00
DOC016,10.06,584.0,45,2,1,0,0,0,0,0,normal,2026-07-16 10:52:00
DOC016,9.2,543.0,37,2,1,0,0,0,0,0,normal,2026-07-16 09:27:00
DOC016,9.94,598.0,38,1,1,0,0,0,0,0,normal,2026-07-16 09:03:00
DOC016,10.15,622.0,37,3,1,0,0,0,0,0,normal,2026-07-15 10:04:00
DOC016,9.1,544.0,41,1,1,0,0,0,0,0,normal,2026-07-15 09:54:00
DOC016,9.71,634.0,38,3,1,0,0,0,0,0,normal,2026-07-15 09:43:00
DOC016,10.21,543.0,37,1,1,0,0,0,0,0,normal,2026-07-14 10:46:00
DOC016,10.32,605.0,38,1,1,0,0,0,0,0,normal,2026-07-14 10:24:00
DOC016,9.3,566.0,39,1,1,0,0,0,0,0,normal,2026-07-14 09:23:00
DOC016,9.2,605.0,40,3,1,0,0,0,0,0,normal,2026-07-13 09:48:00
DOC016,9.67,586.0,38,3,1,0,0,0,0,0,normal,2026-07-13 09:27:00
DOC016,9.76,529.0,38,2,1,0,0,0,0,0,normal,2026-07-13 09:36:00
DOC016,9.15,528.0,38,1,1,0,0,0,0,0,normal,2026-07-11 09:05:00
DOC016,9.78,543.0,44,3,1,0,0,0,0,0,normal,2026-07-11 09:28:00
DOC016,9.65,534.0,39,3,1,0,0,0,0,0,normal,2026-07-11 09:47:00
DOC016,10.47,624.0,46,1,1,0,0,0,0,0,normal,2026-07-10 10:07:00
DOC016,10.12,601.0,37,1,1,0,0,0,0,0,normal,2026-07-09 10:39:00
DOC016,9.61,520.0,38,1,1,0,0,0,0,0,normal,2026-07-09 09:13:00
DOC016,10.2,629.0,44,3,1,0,0,0,0,0,normal,2026-07-08 10:07:00
DOC016,10.38,624.0,40,3,1,0,0,0,0,0,normal,2026-07-08 10:11:00
DOC016,10.2,532.0,47,1,1,0,0,0,0,0,normal,2026-07-07 10:43:00
DOC016,10.16,624.0,45,3,1,0,0,0,0,0,normal,2026-07-07 10:26:00
DOC016,9.86,627.0,38,1,1,0,0,0,0,0,normal,2026-07-07 09:50:00
DOC016,9.22,567.0,44,1,1,0,0,0,0,0,normal,2026-07-06 09:53:00
DOC016,9.72,547.0,38,2,1,0,0,0,0,0,normal,2026-07-04 09:57:00
DOC016,10.06,621.0,38,2,1,0,0,0,0,0,normal,2026-07-04 10:33:00
DOC016,9.5,554.0,41,2,1,0,0,0,0,0,normal,2026-07-04 09:16:00
DOC016,10.39,620.0,46,1,1,0,0,0,0,0,normal,2026-07-03 10:33:00
DOC016,9.87,588.0,36,3,1,0,0,0,0,0,normal,2026-07-03 09:08:00
DOC016,10.15,541.0,38,3,1,0,0,0,0,0,normal,2026-07-03 10:49:00
DOC016,9.08,561.0,36,2,1,0,0,0,0,0,normal,2026-07-02 09:53:00
DOC016,9.6,576.0,35,1,1,0,0,0,0,0,normal,2026-07-02 09:13:00
DOC016,10.13,533.0,43,3,1,0,0,0,0,0,normal,2026-07-02 10:02:00
DOC016,9.18,618.0,37,3,1,0,0,0,0,0,normal,2026-07-01 09:41:00
DOC016,10.17,529.0,41,2,1,0,0,0,0,0,normal,2026-06-30 10:18:00
DOC016,9.89,564.0,35,1,1,0,0,0,0,0,normal,2026-06-30 09:01:00
DOC016,9.68,613.0,45,3,1,0,0,0,0,0,normal,2026-06-30 09:01:00
DOC016,9.51,562.0,39,2,1,0,0,0,0,0,normal,2026-06-29 09:59:00
DOC016,9.24,633.0,43,3,1,0,0,0,0,0,normal,2026-06-29 09:10:00
DOC016,9.88,595.0,42,2,1,0,0,0,0,0,normal,2026-06-27 09:29:00
DOC016,10.16,518.0,45,3,1,0,0,0,0,0,normal,2026-06-27 10:26:00
DOC016,9.73,612.0,39,3,1,0,0,0,0,0,normal,2026-06-27 09:40:00
DOC016,9.14,518.0,36,3,1,0,0,0,0,0,normal,2026-06-26 09:27:00
DOC016,9.56,565.0,37,2,1,0,0,0,0,0,normal,2026-06-25 09:49:00
DOC016,9.2,543.0,38,3,1,0,0,0,0,0,normal,2026-06-24 09:45:00
DOC016,10.16,594.0,35,1,1,0,0,0,0,0,normal,2026-06-23 10:35:00
DOC016,9.13,544.0,40,1,1,0,0,0,0,0,normal,2026-06-22 09:35:00
DOC016,10.14,530.0,46,2,1,0,0,0,0,0,normal,2026-06-20 10:22:00
DOC016,9.28,543.0,44,2,1,0,0,0,0,0,normal,2026-06-20 09:53:00
DOC016,10.34,563.0,37,2,1,0,0,0,0,0,normal,2026-06-20 10:23:00
DOC016,10.43,628.0,38,1,1,0,0,0,0,0,normal,2026-06-19 10:55:00
DOC016,9.19,540.0,42,1,1,0,0,0,0,0,normal,2026-06-18 09:29:00
DOC016,9.75,518.0,38,1,1,0,0,0,0,0,normal,2026-06-18 09:07:00
DOC016,10.43,516.0,46,1,1,0,0,0,0,0,normal,2026-06-17 10:24:00
DOC016,10.16,551.0,42,2,1,0,0,0,0,0,normal,2026-06-17 10:46:00
DOC016,9.91,564.0,42,3,1,0,0,0,0,0,normal,2026-06-17 09:49:00
DOC016,9.69,632.0,41,1,1,0,0,0,0,0,normal,2026-06-16 09:10:00
DOC016,9.9,552.0,41,3,1,0,0,0,0,0,normal,2026-06-16 09:45:00
DOC016,10.34,530.0,44,3,1,0,0,0,0,0,normal,2026-06-16 10:55:00
DOC016,9.56,601.0,46,1,1,0,0,0,0,0,normal,2026-06-15 09:38:00
DOC016,9.89,605.0,38,3,1,0,0,0,0,0,normal,2026-06-13 09:38:00
DOC016,9.14,583.0,43,2,1,0,0,0,0,0,normal,2026-06-13 09:49:00
DOC016,10.29,548.0,47,2,1,0,0,0,0,0,normal,2026-06-13 10:43:00
DOC016,9.56,599.0,37,1,1,0,0,0,0,0,normal,2026-06-12 09:57:00
DOC016,9.82,566.0,40,2,1,0,0,0,0,0,normal,2026-06-12 09:38:00
DOC016,9.77,582.0,41,1,1,0,0,0,0,0,normal,2026-06-11 09:55:00
DOC016,9.76,604.0,47,2,1,0,0,0,0,0,normal,2026-06-11 09:34:00
DOC016,10.44,594.0,38,2,1,0,0,0,0,0,normal,2026-06-10 10:32:00
DOC016,9.24,518.0,47,3,1,0,0,0,0,0,normal,2026-06-09 09:31:00
DOC016,9.39,530.0,42,3,1,0,0,0,0,0,normal,2026-06-08 09:08:00
DOC016,9.66,562.0,37,1,1,0,0,0,0,0,normal,2026-06-06 09:52:00
DOC016,9.78,596.0,45,3,1,0,0,0,0,0,normal,2026-06-06 09:59:00
DOC016,9.34,518.0,45,1,1,0,0,0,0,0,normal,2026-06-06 09:29:00
DOC016,9.69,576.0,46,2,1,0,0,0,0,0,normal,2026-06-05 09:27:00
DOC016,9.09,538.0,40,3,1,0,0,0,0,0,normal,2026-06-04 09:54:00
DOC016,9.67,549.0,46,3,1,0,0,0,0,0,normal,2026-06-04 09:14:00
DOC016,9.62,626.0,35,2,1,0,0,0,0,0,normal,2026-06-03 09:12:00
DOC016,10.15,633.0,36,1,1,0,0,0,0,0,normal,2026-06-02 10:20:00
DOC016,10.2,527.0,40,1,1,0,0,0,0,0,normal,2026-06-02 10:46:00
DOC016,9.27,613.0,40,3,1,0,0,0,0,0,normal,2026-06-02 09:51:00
DOC016,9.85,558.0,45,1,1,0,0,0,0,0,normal,2026-06-01 09:08:00
DOC016,9.56,559.0,43,1,1,0,0,0,0,0,normal,2026-06-01 09:13:00
DOC016,9.33,568.0,39,1,1,0,0,0,0,0,normal,2026-06-01 09:28:00
DOC016,9.81,634.0,36,3,1,0,0,0,0,0,normal,2026-05-30 09:07:00
DOC016,9.73,621.0,44,2,1,0,0,0,0,0,normal,2026-05-29 09:29:00
DOC016,9.59,606.0,43,1,1,0,0,0,0,0,normal,2026-05-29 09:56:00
DOC016,9.37,618.0,40,3,1,0,0,0,0,0,normal,2026-05-29 09:06:00
DOC016,10.3,589.0,42,1,1,0,0,0,0,0,normal,2026-05-28 10:26:00
DOC016,9.94,565.0,44,3,1,0,0,0,0,0,normal,2026-05-27 09:47:00
DOC017,9.14,387.0,49,3,1,0,0,0,0,0,normal,2026-07-25 09:49:00
DOC017,8.71,338.0,41,2,1,0,0,0,0,0,normal,2026-07-24 08:57:00
DOC017,8.53,366.0,50,2,1,0,0,0,0,0,normal,2026-07-23 08:57:00
DOC017,8.52,341.0,44,3,1,0,0,0,0,0,normal,2026-07-23 08:57:00
DOC017,8.85,409.0,46,3,1,0,0,0,0,0,normal,2026-07-22 08:42:00
DOC017,9.03,417.0,42,2,1,0,0,0,0,0,normal,2026-07-22 09:37:00
DOC017,9.3,372.0,51,4,1,0,0,0,0,0,normal,2026-07-21 09:55:00
DOC017,8.4,386.0,50,2,1,0,0,0,0,0,normal,2026-07-20 08:53:00
DOC017,8.47,313.0,41,3,1,0,0,0,0,0,normal,2026-07-18 08:32:00
DOC017,8.36,364.0,39,2,1,0,0,0,0,0,normal,2026-07-18 08:09:00
DOC017,8.28,335.0,44,4,1,0,0,0,0,0,normal,2026-07-18 08:32:00
DOC017,9.47,428.0,43,4,1,0,0,0,0,0,normal,2026-07-17 09:05:00
DOC017,8.73,333.0,51,3,1,0,0,0,0,0,normal,2026-07-17 08:39:00
DOC017,8.81,431.0,45,2,1,0,0,0,0,0,normal,2026-07-17 08:32:00
DOC017,9.42,353.0,49,2,1,0,0,0,0,0,normal,2026-07-16 09:22:00
DOC017,9.14,420.0,47,4,1,0,0,0,0,0,normal,2026-07-16 09:59:00
DOC017,9.15,352.0,42,4,1,0,0,0,0,0,normal,2026-07-15 09:04:00
DOC017,8.09,386.0,41,4,1,0,0,0,0,0,normal,2026-07-14 08:59:00
DOC017,8.97,365.0,45,2,1,0,0,0,0,0,normal,2026-07-14 08:04:00
DOC017,8.33,314.0,42,3,1,0,0,0,0,0,normal,2026-07-14 08:29:00
DOC017,9.24,363.0,45,4,1,0,0,0,0,0,normal,2026-07-13 09:34:00
DOC017,8.74,371.0,39,3,1,0,0,0,0,0,normal,2026-07-11 08:43:00
DOC017,8.74,314.0,40,4,1,0,0,0,0,0,normal,2026-07-10 08:19:00
DOC017,9.45,408.0,40,2,1,0,0,0,0,0,normal,2026-07-09 09:18:00
DOC017,9.16,380.0,45,2,1,0,0,0,0,0,normal,2026-07-09 09:33:00
DOC017,9.37,317.0,50,2,1,0,0,0,0,0,normal,2026-07-09 09:02:00
DOC017,8.66,418.0,46,4,1,0,0,0,0,0,normal,2026-07-08 08:37:00
DOC017,8.79,337.0,47,4,1,0,0,0,0,0,normal,2026-07-08 08:09:00
DOC017,8.71,351.0,47,2,1,0,0,0,0,0,normal,2026-07-08 08:42:00
DOC017,9.47,356.0,50,4,1,0,0,0,0,0,normal,2026-07-07 09:33:00
DOC017,8.65,388.0,44,3,1,0,0,0,0,0,normal,2026-07-07 08:54:00
DOC017,9.1,335.0,50,3,1,0,0,0,0,0,normal,2026-07-07 09:55:00
DOC017,8.17,420.0,40,3,1,0,0,0,0,0,normal,2026-07-06 08:26:00
DOC017,9.05,432.0,51,3,1,0,0,0,0,0,normal,2026-07-06 09:00:00
DOC017,8.6,422.0,47,3,1,0,0,0,0,0,normal,2026-07-06 08:36:00
DOC017,9.01,416.0,47,2,1,0,0,0,0,0,normal,2026-07-04 09:00:00
DOC017,9.46,335.0,49,3,1,0,0,0,0,0,normal,2026-07-03 09:47:00
DOC017,8.57,337.0,41,3,1,0,0,0,0,0,normal,2026-07-02 08:16:00
DOC017,8.68,403.0,48,3,1,0,0,0,0,0,normal,2026-07-02 08:47:00
DOC017,8.23,420.0,41,2,1,0,0,0,0,0,normal,2026-07-02 08:40:00
DOC017,9.1,345.0,50,2,1,0,0,0,0,0,normal,2026-07-01 09:22:00
DOC017,8.21,401.0,41,4,1,0,0,0,0,0,normal,2026-06-30 08:12:00
DOC017,9.05,428.0,47,3,1,0,0,0,0,0,normal,2026-06-30 09:20:00
DOC017,9.3,355.0,42,2,1,0,0,0,0,0,normal,2026-06-29 09:07:00
DOC017,8.27,375.0,49,2,1,0,0,0,0,0,normal,2026-06-29 08:54:00
DOC017,9.13,380.0,40,2,1,0,0,0,0,0,normal,2026-06-27 09:33:00
DOC017,9.05,427.0,50,2,1,0,0,0,0,0,normal,2026-06-26 09:47:00
DOC017,9.47,344.0,45,4,1,0,0,0,0,0,normal,2026-06-26 09:59:00
DOC017,9.49,395.0,45,2,1,0,0,0,0,0,normal,2026-06-26 09:07:00
DOC017,8.72,328.0,48,4,1,0,0,0,0,0,normal,2026-06-25 08:51:00
DOC017,8.62,390.0,47,4,1,0,0,0,0,0,normal,2026-06-25 08:20:00
DOC017,8.14,336.0,39,3,1,0,0,0,0,0,normal,2026-06-24 08:53:00
DOC017,8.87,354.0,50,4,1,0,0,0,0,0,normal,2026-06-24 08:09:00
DOC017,8.55,328.0,49,2,1,0,0,0,0,0,normal,2026-06-24 08:15:00
DOC017,8.56,358.0,42,4,1,0,0,0,0,0,normal,2026-06-23 08:33:00
DOC017,9.44,397.0,48,4,1,0,0,0,0,0,normal,2026-06-22 09:17:00
DOC017,9.46,375.0,44,4,1,0,0,0,0,0,normal,2026-06-20 09:03:00
DOC017,8.71,356.0,44,2,1,0,0,0,0,0,normal,2026-06-20 08:08:00
DOC017,8.12,378.0,49,2,1,0,0,0,0,0,normal,2026-06-20 08:02:00
DOC017,9.44,334.0,43,3,1,0,0,0,0,0,normal,2026-06-19 09:20:00
DOC017,9.02,324.0,50,2,1,0,0,0,0,0,normal,2026-06-19 09:10:00
DOC017,9.33,385.0,40,2,1,0,0,0,0,0,normal,2026-06-19 09:31:00
DOC017,9.35,405.0,46,3,1,0,0,0,0,0,normal,2026-06-18 09:05:00
DOC017,9.17,374.0,49,4,1,0,0,0,0,0,normal,2026-06-17 09:00:00
DOC017,8.42,383.0,48,3,1,0,0,0,0,0,normal,2026-06-17 08:49:00
DOC017,8.64,425.0,47,2,1,0,0,0,0,0,normal,2026-06-16 08:14:00
DOC017,9.48,355.0,42,4,1,0,0,0,0,0,normal,2026-06-16 09:56:00
DOC017,9.34,315.0,41,2,1,0,0,0,0,0,normal,2026-06-16 09:49:00
DOC017,9.38,348.0,48,2,1,0,0,0,0,0,normal,2026-06-15 09:49:00
DOC017,8.84,324.0,44,2,1,0,0,0,0,0,normal,2026-06-15 08:12:00
DOC017,8.37,330.0,49,3,1,0,0,0,0,0,normal,2026-06-15 08:22:00
DOC017,9.02,398.0,44,2,1,0,0,0,0,0,normal,2026-06-13 09:49:00
DOC017,8.99,391.0,44,2,1,0,0,0,0,0,normal,2026-06-13 08:12:00
DOC017,8.63,427.0,40,4,1,0,0,0,0,0,normal,2026-06-13 08:00:00
DOC017,8.55,432.0,47,4,1,0,0,0,0,0,normal,2026-06-12 08:12:00
DOC017,8.25,432.0,40,3,1,0,0,0,0,0,normal,2026-06-11 08:15:00
DOC017,9.11,323.0,44,3,1,0,0,0,0,0,normal,2026-06-11 09:04:00
DOC017,8.18,322.0,45,3,1,0,0,0,0,0,normal,2026-06-10 08:14:00
DOC017,8.54,405.0,45,2,1,0,0,0,0,0,normal,2026-06-10 08:29:00
DOC017,8.43,353.0,51,4,1,0,0,0,0,0,normal,2026-06-10 08:56:00
DOC017,8.94,368.0,45,2,1,0,0,0,0,0,normal,2026-06-09 08:24:00
DOC017,8.19,367.0,51,2,1,0,0,0,0,0,normal,2026-06-09 08:39:00
DOC017,9.04,407.0,40,4,1,0,0,0,0,0,normal,2026-06-09 09:45:00
DOC017,8.85,347.0,43,2,1,0,0,0,0,0,normal,2026-06-08 08:15:00
DOC017,9.31,421.0,49,4,1,0,0,0,0,0,normal,2026-06-08 09:35:00
DOC017,8.99,370.0,44,4,1,0,0,0,0,0,normal,2026-06-06 08:18:00
DOC017,8.38,316.0,39,3,1,0,0,0,0,0,normal,2026-06-05 08:41:00
DOC017,8.17,385.0,51,2,1,0,0,0,0,0,normal,2026-06-05 08:45:00
DOC017,8.79,343.0,45,4,1,0,0,0,0,0,normal,2026-06-05 08:58:00
DOC017,8.8,352.0,45,2,1,0,0,0,0,0,normal,2026-06-04 08:58:00
DOC017,9.45,325.0,48,3,1,0,0,0,0,0,normal,2026-06-04 09:39:00
DOC017,9.29,377.0,39,4,1,0,0,0,0,0,normal,2026-06-03 09:51:00
DOC017,9.4,380.0,49,4,1,0,0,0,0,0,normal,2026-06-02 09:23:00
DOC017,9.35,406.0,42,3,1,0,0,0,0,0,normal,2026-06-02 09:02:00
DOC017,9.04,360.0,46,3,1,0,0,0,0,0,normal,2026-06-02 09:24:00
DOC017,8.27,371.0,42,3,1,0,0,0,0,0,normal,2026-06-01 08:46:00
DOC017,8.38,405.0,41,4,1,0,0,0,0,0,normal,2026-06-01 08:49:00
DOC017,8.69,335.0,42,4,1,0,0,0,0,0,normal,2026-06-01 08:25:00
DOC017,9.22,379.0,51,2,1,0,0,0,0,0,normal,2026-05-30 09:46:00
DOC017,8.93,383.0,51,2,1,0,0,0,0,0,normal,2026-05-30 08:17:00
DOC017,9.26,424.0,41,2,1,0,0,0,0,0,normal,2026-05-30 09:01:00
DOC017,9.25,365.0,40,2,1,0,0,0,0,0,normal,2026-05-29 09:27:00
DOC017,8.58,403.0,48,2,1,0,0,0,0,0,normal,2026-05-29 08:53:00
DOC017,9.12,339.0,48,3,1,0,0,0,0,0,normal,2026-05-29 09:59:00
DOC017,8.98,326.0,49,4,1,0,0,0,0,0,normal,2026-05-28 08:12:00
DOC017,8.12,433.0,49,2,1,0,0,0,0,0,normal,2026-05-27 08:27:00
DOC017,8.61,377.0,48,4,1,0,0,0,0,0,normal,2026-05-27 08:42:00
DOC018,8.8,491.0,27,5,1,0,0,0,0,0,normal,2026-07-25 08:20:00
DOC018,9.45,549.0,30,4,1,0,0,0,0,0,normal,2026-07-25 09:55:00
DOC018,9.76,540.0,25,4,1,0,0,0,0,0,normal,2026-07-24 09:35:00
DOC018,9.47,542.0,31,5,1,0,0,0,0,0,normal,2026-07-24 09:19:00
DOC018,9.13,444.0,25,4,1,0,0,0,0,0,normal,2026-07-23 09:31:00
DOC018,8.73,456.0,24,6,1,0,0,0,0,0,normal,2026-07-23 08:10:00
DOC018,9.43,498.0,25,4,1,0,0,0,0,0,normal,2026-07-23 09:55:00
DOC018,9.23,546.0,24,4,1,0,0,0,0,0,normal,2026-07-22 09:54:00
DOC018,9.21,517.0,31,6,1,0,0,0,0,0,normal,2026-07-22 09:49:00
DOC018,9.22,444.0,27,5,1,0,0,0,0,0,normal,2026-07-21 09:06:00
DOC018,9.38,516.0,24,6,1,0,0,0,0,0,normal,2026-07-21 09:30:00
DOC018,9.45,480.0,33,5,1,0,0,0,0,0,normal,2026-07-21 09:32:00
DOC018,9.5,489.0,24,6,1,0,0,0,0,0,normal,2026-07-20 09:36:00
DOC018,9.52,546.0,32,6,1,0,0,0,0,0,normal,2026-07-18 09:20:00
DOC018,8.67,479.0,29,5,1,0,0,0,0,0,normal,2026-07-18 08:20:00
DOC018,9.78,524.0,26,5,1,0,0,0,0,0,normal,2026-07-17 09:48:00
DOC018,9.29,445.0,25,5,1,0,0,0,0,0,normal,2026-07-16 09:56:00
DOC018,9.32,441.0,25,4,1,0,0,0,0,0,normal,2026-07-15 09:07:00
DOC018,9.67,440.0,25,6,1,0,0,0,0,0,normal,2026-07-14 09:21:00
DOC018,9.2,530.0,26,5,1,0,0,0,0,0,normal,2026-07-14 09:10:00
DOC018,8.94,493.0,26,5,1,0,0,0,0,0,normal,2026-07-14 08:48:00
DOC018,9.65,507.0,26,5,1,0,0,0,0,0,normal,2026-07-13 09:19:00
DOC018,9.01,448.0,33,5,1,0,0,0,0,0,normal,2026-07-11 09:39:00
DOC018,8.44,477.0,32,6,1,0,0,0,0,0,normal,2026-07-10 08:24:00
DOC018,9.26,457.0,31,6,1,0,0,0,0,0,normal,2026-07-10 09:06:00
DOC018,8.8,538.0,30,5,1,0,0,0,0,0,normal,2026-07-10 08:26:00
DOC018,9.45,554.0,23,6,1,0,0,0,0,0,normal,2026-07-09 09:56:00
DOC018,9.09,497.0,32,5,1,0,0,0,0,0,normal,2026-07-09 09:18:00
DOC018,9.76,440.0,29,6,1,0,0,0,0,0,normal,2026-07-09 09:17:00
DOC018,9.73,513.0,32,6,1,0,0,0,0,0,normal,2026-07-08 09:17:00
DOC018,9.53,458.0,22,4,1,0,0,0,0,0,normal,2026-07-08 09:21:00
DOC018,8.6,547.0,25,5,1,0,0,0,0,0,normal,2026-07-07 08:56:00
DOC018,8.78,479.0,28,5,1,0,0,0,0,0,normal,2026-07-07 08:42:00
DOC018,8.81,503.0,29,6,1,0,0,0,0,0,normal,2026-07-06 08:48:00
DOC018,9.67,454.0,29,5,1,0,0,0,0,0,normal,2026-07-06 09:34:00
DOC018,9.72,470.0,33,5,1,0,0,0,0,0,normal,2026-07-04 09:31:00
DOC018,9.67,542.0,27,4,1,0,0,0,0,0,normal,2026-07-03 09:14:00
DOC018,9.54,502.0,32,4,1,0,0,0,0,0,normal,2026-07-03 09:43:00
DOC018,9.4,527.0,31,6,1,0,0,0,0,0,normal,2026-07-03 09:35:00
DOC018,9.51,458.0,30,6,1,0,0,0,0,0,normal,2026-07-02 09:05:00
DOC018,9.39,443.0,31,6,1,0,0,0,0,0,normal,2026-07-01 09:55:00
DOC018,9.54,478.0,30,5,1,0,0,0,0,0,normal,2026-07-01 09:51:00
DOC018,8.92,461.0,23,4,1,0,0,0,0,0,normal,2026-06-30 08:10:00
DOC018,8.59,494.0,28,6,1,0,0,0,0,0,normal,2026-06-29 08:10:00
DOC018,9.72,481.0,34,6,1,0,0,0,0,0,normal,2026-06-29 09:01:00
DOC018,8.74,437.0,24,6,1,0,0,0,0,0,normal,2026-06-29 08:01:00
DOC018,9.5,442.0,23,4,1,0,0,0,0,0,normal,2026-06-27 09:59:00
DOC018,9.65,538.0,33,6,1,0,0,0,0,0,normal,2026-06-27 09:07:00
DOC018,9.16,446.0,29,4,1,0,0,0,0,0,normal,2026-06-27 09:35:00
DOC018,8.53,554.0,29,5,1,0,0,0,0,0,normal,2026-06-26 08:04:00
DOC018,8.52,461.0,29,5,1,0,0,0,0,0,normal,2026-06-26 08:22:00
DOC018,9.0,527.0,22,5,1,0,0,0,0,0,normal,2026-06-26 09:35:00
DOC018,8.58,502.0,29,4,1,0,0,0,0,0,normal,2026-06-25 08:32:00
DOC018,8.89,557.0,27,4,1,0,0,0,0,0,normal,2026-06-25 08:56:00
DOC018,8.44,479.0,30,5,1,0,0,0,0,0,normal,2026-06-24 08:12:00
DOC018,9.65,549.0,33,4,1,0,0,0,0,0,normal,2026-06-24 09:46:00
DOC018,8.85,554.0,26,4,1,0,0,0,0,0,normal,2026-06-24 08:24:00
DOC018,9.71,547.0,33,6,1,0,0,0,0,0,normal,2026-06-23 09:54:00
DOC018,8.74,478.0,25,6,1,0,0,0,0,0,normal,2026-06-23 08:38:00
DOC018,8.55,496.0,29,6,1,0,0,0,0,0,normal,2026-06-22 08:12:00
DOC018,9.17,516.0,26,4,1,0,0,0,0,0,normal,2026-06-22 09:22:00
DOC018,9.49,535.0,23,5,1,0,0,0,0,0,normal,2026-06-22 09:19:00
DOC018,9.38,496.0,25,6,1,0,0,0,0,0,normal,2026-06-20 09:07:00
DOC018,9.38,557.0,27,5,1,0,0,0,0,0,normal,2026-06-19 09:50:00
DOC018,8.87,462.0,23,4,1,0,0,0,0,0,normal,2026-06-19 08:18:00
DOC018,9.26,460.0,24,5,1,0,0,0,0,0,normal,2026-06-19 09:52:00
DOC018,8.6,454.0,29,4,1,0,0,0,0,0,normal,2026-06-18 08:52:00
DOC018,9.03,444.0,22,6,1,0,0,0,0,0,normal,2026-06-17 09:42:00
DOC018,9.46,520.0,31,5,1,0,0,0,0,0,normal,2026-06-16 09:49:00
DOC018,9.3,492.0,24,4,1,0,0,0,0,0,normal,2026-06-16 09:37:00
DOC018,9.1,495.0,26,6,1,0,0,0,0,0,normal,2026-06-15 09:55:00
DOC018,8.66,486.0,33,5,1,0,0,0,0,0,normal,2026-06-15 08:48:00
DOC018,9.62,494.0,33,4,1,0,0,0,0,0,normal,2026-06-15 09:45:00
DOC018,9.39,447.0,25,4,1,0,0,0,0,0,normal,2026-06-13 09:22:00
DOC018,8.71,456.0,28,4,1,0,0,0,0,0,normal,2026-06-12 08:34:00
DOC018,8.89,502.0,34,5,1,0,0,0,0,0,normal,2026-06-12 08:09:00
DOC018,9.59,524.0,32,6,1,0,0,0,0,0,normal,2026-06-11 09:20:00
DOC018,9.24,545.0,33,4,1,0,0,0,0,0,normal,2026-06-11 09:55:00
DOC018,9.79,512.0,27,6,1,0,0,0,0,0,normal,2026-06-11 09:34:00
DOC018,8.68,553.0,27,6,1,0,0,0,0,0,normal,2026-06-10 08:05:00
DOC018,8.85,469.0,24,6,1,0,0,0,0,0,normal,2026-06-10 08:03:00
DOC018,8.98,452.0,32,6,1,0,0,0,0,0,normal,2026-06-09 08:29:00
DOC018,9.8,485.0,24,6,1,0,0,0,0,0,normal,2026-06-08 09:17:00
DOC018,9.33,438.0,29,6,1,0,0,0,0,0,normal,2026-06-06 09:52:00
DOC018,8.72,508.0,24,4,1,0,0,0,0,0,normal,2026-06-06 08:31:00
DOC018,8.77,540.0,31,6,1,0,0,0,0,0,normal,2026-06-05 08:52:00
DOC018,8.85,547.0,33,6,1,0,0,0,0,0,normal,2026-06-05 08:40:00
DOC018,8.51,549.0,30,5,1,0,0,0,0,0,normal,2026-06-04 08:45:00
DOC018,8.47,512.0,27,5,1,0,0,0,0,0,normal,2026-06-04 08:24:00
DOC018,9.17,495.0,27,6,1,0,0,0,0,0,normal,2026-06-03 09:27:00
DOC018,9.7,516.0,30,4,1,0,0,0,0,0,normal,2026-06-03 09:39:00
DOC018,8.87,449.0,26,4,1,0,0,0,0,0,normal,2026-06-02 08:46:00
DOC018,8.66,556.0,32,6,1,0,0,0,0,0,normal,2026-06-02 08:57:00
DOC018,8.46,467.0,29,5,1,0,0,0,0,0,normal,2026-06-01 08:16:00
DOC018,8.84,498.0,30,6,1,0,0,0,0,0,normal,2026-05-30 08:00:00
DOC018,8.65,550.0,24,4,1,0,0,0,0,0,normal,2026-05-30 08:12:00
DOC018,9.58,463.0,26,4,1,0,0,0,0,0,normal,2026-05-30 09:53:00
DOC018,8.73,530.0,28,5,1,0,0,0,0,0,normal,2026-05-29 08:45:00
DOC018,9.44,545.0,31,4,1,0,0,0,0,0,normal,2026-05-29 09:03:00
DOC018,8.95,474.0,34,6,1,0,0,0,0,0,normal,2026-05-29 08:14:00
DOC018,9.32,475.0,32,6,1,0,0,0,0,0,normal,2026-05-28 09:47:00
DOC018,9.32,517.0,29,4,1,0,0,0,0,0,normal,2026-05-27 09:28:00
DOC019,8.23,415.0,26,2,1,0,0,0,0,0,normal,2026-07-25 08:08:00
DOC019,9.13,513.0,33,1,1,0,0,0,0,0,normal,2026-07-24 09:50:00
DOC019,9.29,438.0,27,3,1,0,0,0,0,0,normal,2026-07-24 09:19:00
DOC019,8.12,518.0,27,1,1,0,0,0,0,0,normal,2026-07-24 08:41:00
DOC019,8.37,481.0,29,1,1,0,0,0,0,0,normal,2026-07-23 08:03:00
DOC019,7.96,428.0,28,1,1,0,0,0,0,0,normal,2026-07-23 07:36:00
DOC019,8.62,425.0,27,1,1,0,0,0,0,0,normal,2026-07-23 08:11:00
DOC019,8.17,492.0,33,1,1,0,0,0,0,0,normal,2026-07-22 08:41:00
DOC019,8.87,457.0,30,3,1,0,0,0,0,0,normal,2026-07-21 08:49:00
DOC019,8.5,477.0,27,2,1,0,0,0,0,0,normal,2026-07-21 08:30:00
DOC019,9.29,490.0,32,1,1,0,0,0,0,0,normal,2026-07-20 09:15:00
DOC019,8.38,424.0,23,1,1,0,0,0,0,0,normal,2026-07-18 08:57:00
DOC019,9.2,508.0,26,3,1,0,0,0,0,0,normal,2026-07-18 09:38:00
DOC019,8.51,441.0,29,1,1,0,0,0,0,0,normal,2026-07-17 08:54:00
DOC019,8.35,465.0,26,2,1,0,0,0,0,0,normal,2026-07-16 08:26:00
DOC019,8.37,472.0,30,3,1,0,0,0,0,0,normal,2026-07-16 08:59:00
DOC019,8.82,431.0,23,2,1,0,0,0,0,0,normal,2026-07-16 08:44:00
DOC019,8.33,411.0,24,1,1,0,0,0,0,0,normal,2026-07-15 08:12:00
DOC019,8.12,433.0,22,2,1,0,0,0,0,0,normal,2026-07-14 08:56:00
DOC019,8.39,431.0,25,3,1,0,0,0,0,0,normal,2026-07-14 08:58:00
DOC019,8.11,406.0,24,3,1,0,0,0,0,0,normal,2026-07-13 08:46:00
DOC019,8.65,426.0,30,1,1,0,0,0,0,0,normal,2026-07-13 08:51:00
DOC019,8.71,509.0,27,3,1,0,0,0,0,0,normal,2026-07-11 08:02:00
DOC019,8.54,432.0,34,3,1,0,0,0,0,0,normal,2026-07-11 08:00:00
DOC019,8.41,453.0,31,2,1,0,0,0,0,0,normal,2026-07-10 08:20:00
DOC019,8.65,440.0,33,1,1,0,0,0,0,0,normal,2026-07-10 08:02:00
DOC019,9.3,411.0,26,3,1,0,0,0,0,0,normal,2026-07-09 09:28:00
DOC019,8.03,426.0,24,2,1,0,0,0,0,0,normal,2026-07-08 08:15:00
DOC019,8.54,472.0,28,2,1,0,0,0,0,0,normal,2026-07-07 08:19:00
DOC019,8.55,509.0,24,1,1,0,0,0,0,0,normal,2026-07-07 08:47:00
DOC019,8.63,510.0,33,2,1,0,0,0,0,0,normal,2026-07-06 08:54:00
DOC019,8.69,469.0,33,3,1,0,0,0,0,0,normal,2026-07-06 08:58:00
DOC019,8.34,404.0,31,2,1,0,0,0,0,0,normal,2026-07-04 08:59:00
DOC019,9.12,436.0,29,1,1,0,0,0,0,0,normal,2026-07-04 09:02:00
DOC019,9.12,507.0,27,1,1,0,0,0,0,0,normal,2026-07-03 09:00:00
DOC019,8.71,442.0,32,3,1,0,0,0,0,0,normal,2026-07-02 08:35:00
DOC019,8.09,475.0,29,2,1,0,0,0,0,0,normal,2026-07-01 08:13:00
DOC019,8.74,469.0,34,2,1,0,0,0,0,0,normal,2026-07-01 08:16:00
DOC019,9.12,440.0,26,1,1,0,0,0,0,0,normal,2026-07-01 09:27:00
DOC019,8.61,428.0,33,1,1,0,0,0,0,0,normal,2026-06-30 08:53:00
DOC019,8.48,510.0,25,1,1,0,0,0,0,0,normal,2026-06-30 08:30:00
DOC019,9.22,406.0,33,1,1,0,0,0,0,0,normal,2026-06-29 09:22:00
DOC019,8.89,443.0,22,3,1,0,0,0,0,0,normal,2026-06-29 08:48:00
DOC019,8.46,452.0,25,1,1,0,0,0,0,0,normal,2026-06-27 08:17:00
DOC019,8.46,412.0,22,2,1,0,0,0,0,0,normal,2026-06-26 08:42:00
DOC019,9.1,501.0,24,1,1,0,0,0,0,0,normal,2026-06-26 09:29:00
DOC019,8.99,418.0,23,3,1,0,0,0,0,0,normal,2026-06-26 08:19:00
DOC019,9.09,483.0,28,2,1,0,0,0,0,0,normal,2026-06-25 09:04:00
DOC019,9.02,481.0,24,2,1,0,0,0,0,0,normal,2026-06-24 09:00:00
DOC019,9.13,428.0,24,2,1,0,0,0,0,0,normal,2026-06-24 09:14:00
DOC019,8.86,400.0,31,3,1,0,0,0,0,0,normal,2026-06-23 08:28:00
DOC019,9.03,481.0,29,1,1,0,0,0,0,0,normal,2026-06-22 09:54:00
DOC019,8.16,516.0,29,2,1,0,0,0,0,0,normal,2026-06-20 08:11:00
DOC019,8.33,419.0,25,2,1,0,0,0,0,0,normal,2026-06-20 08:26:00
DOC019,7.96,449.0,27,2,1,0,0,0,0,0,normal,2026-06-19 07:20:00
DOC019,8.43,415.0,31,1,1,0,0,0,0,0,normal,2026-06-19 08:23:00
DOC019,8.25,512.0,28,1,1,0,0,0,0,0,normal,2026-06-18 08:18:00
DOC019,8.17,443.0,25,3,1,0,0,0,0,0,normal,2026-06-18 08:41:00
DOC019,8.77,399.0,26,3,1,0,0,0,0,0,normal,2026-06-17 08:02:00
DOC019,8.92,427.0,33,3,1,0,0,0,0,0,normal,2026-06-16 08:31:00
DOC019,8.29,474.0,22,1,1,0,0,0,0,0,normal,2026-06-15 08:07:00
DOC019,8.87,434.0,29,3,1,0,0,0,0,0,normal,2026-06-13 08:37:00
DOC019,8.67,421.0,26,1,1,0,0,0,0,0,normal,2026-06-12 08:47:00
DOC019,8.04,420.0,24,1,1,0,0,0,0,0,normal,2026-06-11 08:24:00
DOC019,9.08,433.0,27,2,1,0,0,0,0,0,normal,2026-06-11 09:18:00
DOC019,8.86,444.0,27,3,1,0,0,0,0,0,normal,2026-06-11 08:46:00
DOC019,9.13,462.0,31,3,1,0,0,0,0,0,normal,2026-06-10 09:46:00
DOC019,8.46,402.0,25,1,1,0,0,0,0,0,normal,2026-06-10 08:24:00
DOC019,8.78,505.0,24,3,1,0,0,0,0,0,normal,2026-06-10 08:50:00
DOC019,7.97,477.0,27,3,1,0,0,0,0,0,normal,2026-06-09 07:24:00
DOC019,8.93,414.0,23,2,1,0,0,0,0,0,normal,2026-06-08 08:31:00
DOC019,9.23,451.0,24,3,1,0,0,0,0,0,normal,2026-06-08 09:13:00
DOC019,8.71,453.0,22,1,1,0,0,0,0,0,normal,2026-06-06 08:09:00
DOC019,8.3,505.0,26,1,1,0,0,0,0,0,normal,2026-06-05 08:21:00
DOC019,8.17,405.0,30,2,1,0,0,0,0,0,normal,2026-06-05 08:17:00
DOC019,8.67,470.0,33,1,1,0,0,0,0,0,normal,2026-06-04 08:25:00
DOC019,8.8,427.0,22,2,1,0,0,0,0,0,normal,2026-06-04 08:52:00
DOC019,8.69,478.0,24,1,1,0,0,0,0,0,normal,2026-06-03 08:24:00
DOC019,8.0,449.0,31,2,1,0,0,0,0,0,normal,2026-06-03 07:45:00
DOC019,8.37,472.0,23,1,1,0,0,0,0,0,normal,2026-06-02 08:00:00
DOC019,8.01,504.0,29,1,1,0,0,0,0,0,normal,2026-06-01 08:03:00
DOC019,7.94,469.0,32,1,1,0,0,0,0,0,normal,2026-05-30 07:01:00
DOC019,8.05,436.0,31,3,1,0,0,0,0,0,normal,2026-05-30 08:23:00
DOC019,9.24,482.0,31,2,1,0,0,0,0,0,normal,2026-05-29 09:07:00
DOC019,7.94,492.0,29,2,1,0,0,0,0,0,normal,2026-05-29 07:07:00
DOC019,8.6,427.0,24,2,1,0,0,0,0,0,normal,2026-05-29 08:07:00
DOC019,7.94,420.0,27,3,1,0,0,0,0,0,normal,2026-05-28 07:34:00
DOC019,8.56,460.0,28,1,1,0,0,0,0,0,normal,2026-05-28 08:27:00
DOC019,8.61,490.0,25,3,1,0,0,0,0,0,normal,2026-05-27 08:45:00
DOC019,8.65,435.0,33,2,1,0,0,0,0,0,normal,2026-05-27 08:45:00
DOC019,8.94,489.0,27,3,1,0,0,0,0,0,normal,2026-05-27 08:18:00
DOC020,8.56,368.0,34,2,1,0,0,0,0,0,normal,2026-07-25 08:51:00
DOC020,8.43,369.0,42,2,1,0,0,0,0,0,normal,2026-07-24 08:36:00
DOC020,9.02,310.0,35,3,1,0,0,0,0,0,normal,2026-07-24 09:31:00
DOC020,9.34,352.0,41,3,1,0,0,0,0,0,normal,2026-07-24 09:34:00
DOC020,9.35,420.0,37,4,1,0,0,0,0,0,normal,2026-07-23 09:47:00
DOC020,9.54,343.0,36,2,1,0,0,0,0,0,normal,2026-07-23 09:58:00
DOC020,8.85,364.0,43,2,1,0,0,0,0,0,normal,2026-07-22 08:28:00
DOC020,8.4,340.0,41,2,1,0,0,0,0,0,normal,2026-07-21 08:28:00
DOC020,9.12,376.0,33,4,1,0,0,0,0,0,normal,2026-07-20 09:45:00
DOC020,9.03,412.0,32,3,1,0,0,0,0,0,normal,2026-07-18 09:16:00
DOC020,9.64,343.0,39,2,1,0,0,0,0,0,normal,2026-07-18 09:37:00
DOC020,9.73,320.0,33,2,1,0,0,0,0,0,normal,2026-07-17 09:09:00
DOC020,8.54,321.0,35,3,1,0,0,0,0,0,normal,2026-07-17 08:35:00
DOC020,8.55,338.0,36,2,1,0,0,0,0,0,normal,2026-07-16 08:13:00
DOC020,8.66,353.0,34,2,1,0,0,0,0,0,normal,2026-07-15 08:41:00
DOC020,8.9,343.0,38,2,1,0,0,0,0,0,normal,2026-07-15 08:11:00
DOC020,8.9,371.0,34,3,1,0,0,0,0,0,normal,2026-07-15 08:57:00
DOC020,9.66,328.0,31,3,1,0,0,0,0,0,normal,2026-07-14 09:59:00
DOC020,8.88,318.0,33,4,1,0,0,0,0,0,normal,2026-07-14 08:45:00
DOC020,9.07,372.0,40,4,1,0,0,0,0,0,normal,2026-07-13 09:24:00
DOC020,9.0,421.0,39,3,1,0,0,0,0,0,normal,2026-07-13 09:58:00
DOC020,8.69,370.0,34,3,1,0,0,0,0,0,normal,2026-07-11 08:39:00
DOC020,9.41,344.0,37,3,1,0,0,0,0,0,normal,2026-07-11 09:05:00
DOC020,9.24,318.0,42,2,1,0,0,0,0,0,normal,2026-07-11 09:39:00
DOC020,8.65,411.0,33,3,1,0,0,0,0,0,normal,2026-07-10 08:45:00
DOC020,9.17,354.0,37,2,1,0,0,0,0,0,normal,2026-07-10 09:03:00
DOC020,9.69,366.0,35,3,1,0,0,0,0,0,normal,2026-07-09 09:55:00
DOC020,8.67,370.0,34,2,1,0,0,0,0,0,normal,2026-07-08 08:34:00
DOC020,8.41,393.0,31,3,1,0,0,0,0,0,normal,2026-07-07 08:28:00
DOC020,8.51,309.0,42,4,1,0,0,0,0,0,normal,2026-07-06 08:59:00
DOC020,9.33,396.0,35,3,1,0,0,0,0,0,normal,2026-07-06 09:40:00
DOC020,9.1,308.0,37,2,1,0,0,0,0,0,normal,2026-07-04 09:46:00
DOC020,8.62,312.0,35,2,1,0,0,0,0,0,normal,2026-07-04 08:25:00
DOC020,8.85,399.0,40,3,1,0,0,0,0,0,normal,2026-07-03 08:56:00
DOC020,9.36,372.0,40,2,1,0,0,0,0,0,normal,2026-07-03 09:07:00
DOC020,9.42,404.0,39,3,1,0,0,0,0,0,normal,2026-07-02 09:42:00
DOC020,9.0,304.0,34,4,1,0,0,0,0,0,normal,2026-07-02 09:52:00
DOC020,8.97,344.0,32,4,1,0,0,0,0,0,normal,2026-07-02 08:25:00
DOC020,8.91,410.0,38,4,1,0,0,0,0,0,normal,2026-07-01 08:41:00
DOC020,8.62,322.0,35,3,1,0,0,0,0,0,normal,2026-07-01 08:22:00
DOC020,8.96,315.0,43,2,1,0,0,0,0,0,normal,2026-06-30 08:45:00
DOC020,9.5,380.0,40,4,1,0,0,0,0,0,normal,2026-06-30 09:28:00
DOC020,9.46,364.0,34,3,1,0,0,0,0,0,normal,2026-06-29 09:21:00
DOC020,8.77,352.0,31,2,1,0,0,0,0,0,normal,2026-06-29 08:44:00
DOC020,9.42,410.0,41,4,1,0,0,0,0,0,normal,2026-06-29 09:34:00
DOC020,9.41,347.0,42,4,1,0,0,0,0,0,normal,2026-06-27 09:29:00
DOC020,9.13,382.0,43,3,1,0,0,0,0,0,normal,2026-06-27 09:01:00
DOC020,8.96,326.0,42,2,1,0,0,0,0,0,normal,2026-06-27 08:58:00
DOC020,8.82,371.0,36,4,1,0,0,0,0,0,normal,2026-06-26 08:15:00
DOC020,8.65,380.0,39,4,1,0,0,0,0,0,normal,2026-06-25 08:37:00
DOC020,9.7,338.0,42,2,1,0,0,0,0,0,normal,2026-06-24 09:06:00
DOC020,8.85,373.0,31,3,1,0,0,0,0,0,normal,2026-06-24 08:34:00
DOC020,8.4,405.0,41,2,1,0,0,0,0,0,normal,2026-06-23 08:28:00
DOC020,9.52,305.0,37,4,1,0,0,0,0,0,normal,2026-06-23 09:57:00
DOC020,9.49,306.0,38,4,1,0,0,0,0,0,normal,2026-06-23 09:52:00
DOC020,9.25,353.0,39,3,1,0,0,0,0,0,normal,2026-06-22 09:44:00
DOC020,9.25,345.0,32,3,1,0,0,0,0,0,normal,2026-06-22 09:29:00
DOC020,8.67,307.0,41,4,1,0,0,0,0,0,normal,2026-06-22 08:01:00
DOC020,9.46,350.0,40,4,1,0,0,0,0,0,normal,2026-06-20 09:27:00
DOC020,8.78,365.0,40,2,1,0,0,0,0,0,normal,2026-06-20 08:30:00
DOC020,9.0,406.0,41,4,1,0,0,0,0,0,normal,2026-06-20 09:48:00
DOC020,8.93,319.0,38,2,1,0,0,0,0,0,normal,2026-06-19 08:18:00
DOC020,9.06,396.0,34,3,1,0,0,0,0,0,normal,2026-06-19 09:28:00
DOC020,9.19,328.0,36,4,1,0,0,0,0,0,normal,2026-06-18 09:50:00
DOC020,9.35,395.0,32,2,1,0,0,0,0,0,normal,2026-06-18 09:06:00
DOC020,8.79,320.0,36,3,1,0,0,0,0,0,normal,2026-06-17 08:20:00
DOC020,9.58,312.0,37,2,1,0,0,0,0,0,normal,2026-06-17 09:17:00
DOC020,9.55,409.0,36,4,1,0,0,0,0,0,normal,2026-06-17 09:14:00
DOC020,9.43,341.0,42,4,1,0,0,0,0,0,normal,2026-06-16 09:39:00
DOC020,9.42,340.0,35,2,1,0,0,0,0,0,normal,2026-06-16 09:03:00
DOC020,8.84,339.0,33,2,1,0,0,0,0,0,normal,2026-06-15 08:06:00
DOC020,9.3,370.0,33,2,1,0,0,0,0,0,normal,2026-06-15 09:10:00
DOC020,9.58,409.0,33,3,1,0,0,0,0,0,normal,2026-06-13 09:36:00
DOC020,9.49,305.0,32,3,1,0,0,0,0,0,normal,2026-06-13 09:44:00
DOC020,8.65,399.0,34,4,1,0,0,0,0,0,normal,2026-06-13 08:27:00
DOC020,9.69,342.0,42,4,1,0,0,0,0,0,normal,2026-06-12 09:09:00
DOC020,8.58,323.0,41,3,1,0,0,0,0,0,normal,2026-06-12 08:18:00
DOC020,9.12,417.0,34,2,1,0,0,0,0,0,normal,2026-06-12 09:04:00
DOC020,9.05,415.0,37,3,1,0,0,0,0,0,normal,2026-06-11 09:26:00
DOC020,9.29,390.0,40,2,1,0,0,0,0,0,normal,2026-06-10 09:09:00
DOC020,9.67,423.0,42,2,1,0,0,0,0,0,normal,2026-06-09 09:29:00
DOC020,9.13,405.0,38,3,1,0,0,0,0,0,normal,2026-06-08 09:38:00
DOC020,9.19,368.0,37,3,1,0,0,0,0,0,normal,2026-06-06 09:15:00
DOC020,9.56,338.0,40,2,1,0,0,0,0,0,normal,2026-06-06 09:49:00
DOC020,9.05,347.0,41,3,1,0,0,0,0,0,normal,2026-06-06 09:32:00
DOC020,9.61,387.0,35,3,1,0,0,0,0,0,normal,2026-06-05 09:35:00
DOC020,8.45,369.0,38,2,1,0,0,0,0,0,normal,2026-06-05 08:29:00
DOC020,9.2,329.0,38,3,1,0,0,0,0,0,normal,2026-06-04 09:06:00
DOC020,8.94,414.0,37,4,1,0,0,0,0,0,normal,2026-06-03 08:24:00
DOC020,8.68,374.0,39,4,1,0,0,0,0,0,normal,2026-06-03 08:19:00
DOC020,9.05,371.0,38,3,1,0,0,0,0,0,normal,2026-06-03 09:25:00
DOC020,9.2,324.0,41,4,1,0,0,0,0,0,normal,2026-06-02 09:04:00
DOC020,8.51,347.0,34,4,1,0,0,0,0,0,normal,2026-06-02 08:15:00
DOC020,9.59,376.0,39,4,1,0,0,0,0,0,normal,2026-06-01 09:56:00
DOC020,8.9,315.0,32,3,1,0,0,0,0,0,normal,2026-05-30 08:11:00
DOC020,8.67,377.0,35,3,1,0,0,0,0,0,normal,2026-05-29 08:02:00
DOC020,8.96,370.0,37,3,1,0,0,0,0,0,normal,2026-05-28 08:18:00
DOC020,8.56,419.0,36,2,1,0,0,0,0,0,normal,2026-05-27 08:42:00
DOC020,9.5,387.0,36,2,1,0,0,0,0,0,normal,2026-05-27 09:39:00
DOC021,9.13,484.0,36,2,1,0,0,0,0,0,normal,2026-07-25 09:05:00
DOC021,8.98,433.0,34,4,1,0,0,0,0,0,normal,2026-07-24 08:09:00
DOC021,9.88,470.0,37,3,1,0,0,0,0,0,normal,2026-07-24 09:33:00
DOC021,9.68,488.0,37,4,1,0,0,0,0,0,normal,2026-07-24 09:38:00
DOC021,9.48,389.0,40,4,1,0,0,0,0,0,normal,2026-07-23 09:49:00
DOC021,9.47,454.0,37,3,1,0,0,0,0,0,normal,2026-07-23 09:09:00
DOC021,8.84,399.0,40,3,1,0,0,0,0,0,normal,2026-07-23 08:41:00
DOC021,9.72,397.0,35,3,1,0,0,0,0,0,normal,2026-07-22 09:59:00
DOC021,9.6,417.0,36,3,1,0,0,0,0,0,normal,2026-07-22 09:06:00
DOC021,9.09,396.0,38,2,1,0,0,0,0,0,normal,2026-07-21 09:05:00
DOC021,9.56,388.0,38,3,1,0,0,0,0,0,normal,2026-07-21 09:31:00
DOC021,9.44,461.0,33,4,1,0,0,0,0,0,normal,2026-07-20 09:43:00
DOC021,9.46,468.0,40,3,1,0,0,0,0,0,normal,2026-07-20 09:21:00
DOC021,9.39,491.0,32,2,1,0,0,0,0,0,normal,2026-07-20 09:16:00
DOC021,9.83,401.0,35,2,1,0,0,0,0,0,normal,2026-07-18 09:34:00
DOC021,9.63,468.0,37,2,1,0,0,0,0,0,normal,2026-07-18 09:34:00
DOC021,10.05,497.0,40,2,1,0,0,0,0,0,normal,2026-07-17 10:31:00
DOC021,9.36,481.0,31,3,1,0,0,0,0,0,normal,2026-07-17 09:39:00
DOC021,8.94,455.0,38,2,1,0,0,0,0,0,normal,2026-07-16 08:31:00
DOC021,9.51,484.0,31,2,1,0,0,0,0,0,normal,2026-07-16 09:21:00
DOC021,8.95,405.0,39,4,1,0,0,0,0,0,normal,2026-07-16 08:07:00
DOC021,8.96,465.0,38,4,1,0,0,0,0,0,normal,2026-07-15 08:48:00
DOC021,9.5,436.0,41,2,1,0,0,0,0,0,normal,2026-07-15 09:19:00
DOC021,9.87,419.0,32,2,1,0,0,0,0,0,normal,2026-07-14 09:33:00
DOC021,9.92,490.0,35,4,1,0,0,0,0,0,normal,2026-07-13 09:47:00
DOC021,9.27,389.0,40,3,1,0,0,0,0,0,normal,2026-07-11 09:10:00
DOC021,8.94,474.0,33,4,1,0,0,0,0,0,normal,2026-07-10 08:48:00
DOC021,10.2,471.0,37,4,1,0,0,0,0,0,normal,2026-07-10 10:17:00
DOC021,9.55,464.0,34,4,1,0,0,0,0,0,normal,2026-07-10 09:24:00
DOC021,10.16,435.0,32,2,1,0,0,0,0,0,normal,2026-07-09 10:24:00
DOC021,9.8,500.0,30,2,1,0,0,0,0,0,normal,2026-07-08 09:59:00
DOC021,9.77,425.0,32,2,1,0,0,0,0,0,normal,2026-07-08 09:02:00
DOC021,9.55,387.0,36,4,1,0,0,0,0,0,normal,2026-07-07 09:34:00
DOC021,10.23,457.0,40,3,1,0,0,0,0,0,normal,2026-07-07 10:22:00
DOC021,9.44,488.0,39,4,1,0,0,0,0,0,normal,2026-07-06 09:14:00
DOC021,9.71,400.0,32,3,1,0,0,0,0,0,normal,2026-07-06 09:55:00
DOC021,9.14,481.0,38,2,1,0,0,0,0,0,normal,2026-07-04 09:28:00
DOC021,9.63,474.0,41,3,1,0,0,0,0,0,normal,2026-07-04 09:34:00
DOC021,8.94,483.0,37,3,1,0,0,0,0,0,normal,2026-07-04 08:46:00
DOC021,9.16,426.0,36,2,1,0,0,0,0,0,normal,2026-07-03 09:08:00
DOC021,9.11,400.0,36,2,1,0,0,0,0,0,normal,2026-07-03 09:32:00
DOC021,10.16,469.0,41,2,1,0,0,0,0,0,normal,2026-07-03 10:03:00
DOC021,9.04,453.0,32,3,1,0,0,0,0,0,normal,2026-07-02 09:03:00
DOC021,9.39,387.0,39,4,1,0,0,0,0,0,normal,2026-07-02 09:36:00
DOC021,10.2,419.0,36,3,1,0,0,0,0,0,normal,2026-07-02 10:43:00
DOC021,9.79,460.0,29,2,1,0,0,0,0,0,normal,2026-07-01 09:20:00
DOC021,10.19,482.0,35,3,1,0,0,0,0,0,normal,2026-07-01 10:48:00
DOC021,9.71,435.0,36,4,1,0,0,0,0,0,normal,2026-06-30 09:08:00
DOC021,9.06,474.0,37,3,1,0,0,0,0,0,normal,2026-06-30 09:12:00
DOC021,10.05,407.0,34,3,1,0,0,0,0,0,normal,2026-06-30 10:25:00
DOC021,9.48,421.0,33,4,1,0,0,0,0,0,normal,2026-06-29 09:04:00
DOC021,9.95,500.0,32,3,1,0,0,0,0,0,normal,2026-06-27 09:52:00
DOC021,9.92,404.0,33,2,1,0,0,0,0,0,normal,2026-06-27 09:27:00
DOC021,9.62,413.0,32,4,1,0,0,0,0,0,normal,2026-06-27 09:06:00
DOC021,9.96,401.0,31,2,1,0,0,0,0,0,normal,2026-06-26 09:51:00
DOC021,8.93,408.0,36,2,1,0,0,0,0,0,normal,2026-06-26 08:29:00
DOC021,9.71,479.0,33,2,1,0,0,0,0,0,normal,2026-06-25 09:26:00
DOC021,9.67,414.0,35,2,1,0,0,0,0,0,normal,2026-06-25 09:45:00
DOC021,8.94,485.0,31,4,1,0,0,0,0,0,normal,2026-06-24 08:18:00
DOC021,9.06,409.0,36,2,1,0,0,0,0,0,normal,2026-06-24 09:56:00
DOC021,9.08,447.0,34,4,1,0,0,0,0,0,normal,2026-06-23 09:38:00
DOC021,8.98,421.0,32,4,1,0,0,0,0,0,normal,2026-06-23 08:30:00
DOC021,9.78,472.0,38,4,1,0,0,0,0,0,normal,2026-06-23 09:01:00
DOC021,9.31,460.0,32,4,1,0,0,0,0,0,normal,2026-06-22 09:57:00
DOC021,9.89,496.0,37,3,1,0,0,0,0,0,normal,2026-06-22 09:15:00
DOC021,10.04,428.0,35,3,1,0,0,0,0,0,normal,2026-06-20 10:42:00
DOC021,9.33,416.0,30,3,1,0,0,0,0,0,normal,2026-06-19 09:38:00
DOC021,9.54,496.0,38,3,1,0,0,0,0,0,normal,2026-06-18 09:21:00
DOC021,9.44,496.0,32,2,1,0,0,0,0,0,normal,2026-06-18 09:02:00
DOC021,9.32,487.0,35,3,1,0,0,0,0,0,normal,2026-06-18 09:44:00
DOC021,9.24,445.0,38,4,1,0,0,0,0,0,normal,2026-06-17 09:42:00
DOC021,8.86,447.0,32,3,1,0,0,0,0,0,normal,2026-06-16 08:49:00
DOC021,9.05,409.0,34,3,1,0,0,0,0,0,normal,2026-06-15 09:32:00
DOC021,8.99,460.0,33,3,1,0,0,0,0,0,normal,2026-06-15 08:27:00
DOC021,9.9,431.0,41,3,1,0,0,0,0,0,normal,2026-06-15 09:59:00
DOC021,9.75,414.0,38,3,1,0,0,0,0,0,normal,2026-06-13 09:42:00
DOC021,9.07,483.0,33,2,1,0,0,0,0,0,normal,2026-06-13 09:23:00
DOC021,9.33,473.0,34,2,1,0,0,0,0,0,normal,2026-06-13 09:58:00
DOC021,8.9,445.0,37,4,1,0,0,0,0,0,normal,2026-06-12 08:01:00
DOC021,9.48,408.0,30,3,1,0,0,0,0,0,normal,2026-06-11 09:33:00
DOC021,9.41,401.0,40,4,1,0,0,0,0,0,normal,2026-06-11 09:56:00
DOC021,9.8,490.0,30,2,1,0,0,0,0,0,normal,2026-06-11 09:28:00
DOC021,10.14,460.0,36,3,1,0,0,0,0,0,normal,2026-06-10 10:24:00
DOC021,9.13,424.0,40,4,1,0,0,0,0,0,normal,2026-06-09 09:44:00
DOC021,9.44,392.0,41,2,1,0,0,0,0,0,normal,2026-06-09 09:55:00
DOC021,9.17,495.0,40,4,1,0,0,0,0,0,normal,2026-06-08 09:45:00
DOC021,9.72,446.0,39,4,1,0,0,0,0,0,normal,2026-06-08 09:39:00
DOC021,9.06,468.0,40,2,1,0,0,0,0,0,normal,2026-06-08 09:25:00
DOC021,9.83,489.0,29,3,1,0,0,0,0,0,normal,2026-06-06 09:55:00
DOC021,9.72,398.0,30,2,1,0,0,0,0,0,normal,2026-06-06 09:54:00
DOC021,9.14,471.0,39,3,1,0,0,0,0,0,normal,2026-06-05 09:50:00
DOC021,9.56,447.0,31,2,1,0,0,0,0,0,normal,2026-06-04 09:26:00
DOC021,9.97,485.0,36,2,1,0,0,0,0,0,normal,2026-06-04 09:27:00
DOC021,9.88,381.0,29,4,1,0,0,0,0,0,normal,2026-06-03 09:01:00
DOC021,9.71,475.0,38,4,1,0,0,0,0,0,normal,2026-06-03 09:39:00
DOC021,9.42,466.0,35,2,1,0,0,0,0,0,normal,2026-06-02 09:22:00
DOC021,9.35,427.0,32,2,1,0,0,0,0,0,normal,2026-06-02 09:42:00
DOC021,9.74,406.0,32,2,1,0,0,0,0,0,normal,2026-06-02 09:18:00
DOC021,8.98,400.0,32,4,1,0,0,0,0,0,normal,2026-06-01 08:46:00
DOC021,9.9,489.0,34,3,1,0,0,0,0,0,normal,2026-05-30 09:43:00
DOC021,10.16,491.0,40,3,1,0,0,0,0,0,normal,2026-05-30 10:25:00
DOC021,10.07,380.0,33,2,1,0,0,0,0,0,normal,2026-05-29 10:51:00
DOC021,9.57,448.0,30,2,1,0,0,0,0,0,normal,2026-05-29 09:52:00
DOC021,9.05,418.0,29,2,1,0,0,0,0,0,normal,2026-05-29 09:21:00
DOC021,9.93,487.0,29,4,1,0,0,0,0,0,normal,2026-05-28 09:08:00
DOC021,9.26,420.0,35,2,1,0,0,0,0,0,normal,2026-05-27 09:57:00
DOC022,9.94,611.0,36,3,1,0,0,0,0,0,normal,2026-07-25 09:37:00
DOC022,9.08,600.0,37,1,1,0,0,0,0,0,normal,2026-07-24 09:09:00
DOC022,9.15,642.0,35,2,1,0,0,0,0,0,normal,2026-07-24 09:15:00
DOC022,8.98,548.0,29,3,1,0,0,0,0,0,normal,2026-07-24 08:16:00
DOC022,10.2,564.0,26,1,1,0,0,0,0,0,normal,2026-07-23 10:46:00
DOC022,10.11,624.0,28,2,1,0,0,0,0,0,normal,2026-07-22 10:03:00
DOC022,10.03,540.0,27,1,1,0,0,0,0,0,normal,2026-07-22 10:36:00
DOC022,9.28,540.0,29,3,1,0,0,0,0,0,normal,2026-07-22 09:20:00
DOC022,9.68,552.0,37,1,1,0,0,0,0,0,normal,2026-07-21 09:43:00
DOC022,9.72,642.0,29,1,1,0,0,0,0,0,normal,2026-07-21 09:44:00
DOC022,8.97,601.0,32,3,1,0,0,0,0,0,normal,2026-07-21 08:28:00
DOC022,9.53,556.0,28,1,1,0,0,0,0,0,normal,2026-07-20 09:07:00
DOC022,9.17,617.0,35,1,1,0,0,0,0,0,normal,2026-07-20 09:37:00
DOC022,9.3,535.0,34,1,1,0,0,0,0,0,normal,2026-07-18 09:40:00
DOC022,9.31,588.0,33,1,1,0,0,0,0,0,normal,2026-07-18 09:45:00
DOC022,8.94,544.0,32,2,1,0,0,0,0,0,normal,2026-07-17 08:23:00
DOC022,9.72,627.0,35,1,1,0,0,0,0,0,normal,2026-07-17 09:21:00
DOC022,10.02,592.0,36,3,1,0,0,0,0,0,normal,2026-07-17 10:48:00
DOC022,9.76,541.0,32,3,1,0,0,0,0,0,normal,2026-07-16 09:08:00
DOC022,8.95,612.0,33,1,1,0,0,0,0,0,normal,2026-07-15 08:42:00
DOC022,9.61,540.0,29,2,1,0,0,0,0,0,normal,2026-07-15 09:38:00
DOC022,9.01,626.0,34,1,1,0,0,0,0,0,normal,2026-07-15 09:54:00
DOC022,8.88,556.0,36,2,1,0,0,0,0,0,normal,2026-07-14 08:54:00
DOC022,9.16,616.0,26,1,1,0,0,0,0,0,normal,2026-07-14 09:33:00
DOC022,9.86,642.0,36,1,1,0,0,0,0,0,normal,2026-07-13 09:23:00
DOC022,9.9,600.0,36,1,1,0,0,0,0,0,normal,2026-07-13 09:31:00
DOC022,9.83,583.0,34,3,1,0,0,0,0,0,normal,2026-07-11 09:00:00
DOC022,8.9,615.0,34,1,1,0,0,0,0,0,normal,2026-07-11 08:31:00
DOC022,9.32,564.0,34,2,1,0,0,0,0,0,normal,2026-07-11 09:46:00
DOC022,9.28,650.0,26,3,1,0,0,0,0,0,normal,2026-07-10 09:19:00
DOC022,9.25,554.0,30,1,1,0,0,0,0,0,normal,2026-07-10 09:37:00
DOC022,10.13,551.0,27,2,1,0,0,0,0,0,normal,2026-07-10 10:03:00
DOC022,9.84,593.0,37,2,1,0,0,0,0,0,normal,2026-07-09 09:47:00
DOC022,9.18,604.0,35,3,1,0,0,0,0,0,normal,2026-07-09 09:24:00
DOC022,9.63,547.0,32,2,1,0,0,0,0,0,normal,2026-07-08 09:30:00
DOC022,10.23,628.0,37,3,1,0,0,0,0,0,normal,2026-07-08 10:16:00
DOC022,8.92,620.0,34,3,1,0,0,0,0,0,normal,2026-07-08 08:25:00
DOC022,9.4,653.0,27,3,1,0,0,0,0,0,normal,2026-07-07 09:08:00
DOC022,9.15,552.0,32,1,1,0,0,0,0,0,normal,2026-07-06 09:17:00
DOC022,10.11,568.0,28,3,1,0,0,0,0,0,normal,2026-07-04 10:57:00
DOC022,8.89,637.0,30,2,1,0,0,0,0,0,normal,2026-07-04 08:16:00
DOC022,8.87,612.0,30,1,1,0,0,0,0,0,normal,2026-07-04 08:44:00
DOC022,9.62,586.0,32,3,1,0,0,0,0,0,normal,2026-07-03 09:13:00
DOC022,9.95,545.0,29,3,1,0,0,0,0,0,normal,2026-07-02 09:04:00
DOC022,9.47,570.0,30,2,1,0,0,0,0,0,normal,2026-07-01 09:39:00
DOC022,9.53,584.0,30,2,1,0,0,0,0,0,normal,2026-07-01 09:39:00
DOC022,9.19,589.0,38,1,1,0,0,0,0,0,normal,2026-06-30 09:06:00
DOC022,9.14,641.0,32,3,1,0,0,0,0,0,normal,2026-06-29 09:36:00
DOC022,10.16,577.0,27,1,1,0,0,0,0,0,normal,2026-06-29 10:16:00
DOC022,9.4,539.0,32,2,1,0,0,0,0,0,normal,2026-06-27 09:03:00
DOC022,9.04,538.0,33,1,1,0,0,0,0,0,normal,2026-06-27 09:12:00
DOC022,9.62,537.0,35,1,1,0,0,0,0,0,normal,2026-06-26 09:48:00
DOC022,9.76,632.0,30,1,1,0,0,0,0,0,normal,2026-06-26 09:45:00
DOC022,8.85,606.0,30,3,1,0,0,0,0,0,normal,2026-06-26 08:32:00
DOC022,9.17,640.0,26,1,1,0,0,0,0,0,normal,2026-06-25 09:02:00
DOC022,9.29,614.0,32,2,1,0,0,0,0,0,normal,2026-06-25 09:15:00
DOC022,10.08,610.0,37,1,1,0,0,0,0,0,normal,2026-06-24 10:56:00
DOC022,9.59,558.0,28,3,1,0,0,0,0,0,normal,2026-06-23 09:56:00
DOC022,9.31,586.0,29,1,1,0,0,0,0,0,normal,2026-06-23 09:11:00
DOC022,9.11,614.0,33,1,1,0,0,0,0,0,normal,2026-06-22 09:14:00
DOC022,9.7,551.0,28,3,1,0,0,0,0,0,normal,2026-06-22 09:24:00
DOC022,9.97,604.0,37,2,1,0,0,0,0,0,normal,2026-06-22 09:45:00
DOC022,9.18,639.0,38,2,1,0,0,0,0,0,normal,2026-06-20 09:26:00
DOC022,9.14,558.0,36,3,1,0,0,0,0,0,normal,2026-06-19 09:13:00
DOC022,9.9,588.0,34,3,1,0,0,0,0,0,normal,2026-06-19 09:26:00
DOC022,9.89,591.0,36,3,1,0,0,0,0,0,normal,2026-06-18 09:51:00
DOC022,9.78,647.0,28,2,1,0,0,0,0,0,normal,2026-06-18 09:29:00
DOC022,9.52,567.0,30,2,1,0,0,0,0,0,normal,2026-06-18 09:25:00
DOC022,9.57,562.0,31,2,1,0,0,0,0,0,normal,2026-06-17 09:41:00
DOC022,9.59,642.0,31,3,1,0,0,0,0,0,normal,2026-06-17 09:40:00
DOC022,9.47,572.0,26,3,1,0,0,0,0,0,normal,2026-06-16 09:12:00
DOC022,9.47,647.0,29,1,1,0,0,0,0,0,normal,2026-06-16 09:07:00
DOC022,9.71,536.0,38,2,1,0,0,0,0,0,normal,2026-06-16 09:34:00
DOC022,9.33,650.0,28,3,1,0,0,0,0,0,normal,2026-06-15 09:40:00
DOC022,10.18,638.0,37,3,1,0,0,0,0,0,normal,2026-06-13 10:16:00
DOC022,9.73,592.0,28,2,1,0,0,0,0,0,normal,2026-06-12 09:13:00
DOC022,9.44,541.0,30,1,1,0,0,0,0,0,normal,2026-06-11 09:55:00
DOC022,10.13,613.0,28,2,1,0,0,0,0,0,normal,2026-06-11 10:44:00
DOC022,9.62,579.0,30,2,1,0,0,0,0,0,normal,2026-06-11 09:25:00
DOC022,10.19,562.0,26,3,1,0,0,0,0,0,normal,2026-06-10 10:51:00
DOC022,9.0,649.0,29,1,1,0,0,0,0,0,normal,2026-06-10 09:23:00
DOC022,9.49,586.0,37,1,1,0,0,0,0,0,normal,2026-06-09 09:21:00
DOC022,10.22,655.0,32,2,1,0,0,0,0,0,normal,2026-06-09 10:55:00
DOC022,10.06,586.0,29,3,1,0,0,0,0,0,normal,2026-06-08 10:05:00
DOC022,9.08,654.0,37,2,1,0,0,0,0,0,normal,2026-06-06 09:40:00
DOC022,9.52,634.0,36,3,1,0,0,0,0,0,normal,2026-06-06 09:48:00
DOC022,9.73,566.0,35,2,1,0,0,0,0,0,normal,2026-06-06 09:55:00
DOC022,10.21,582.0,37,1,1,0,0,0,0,0,normal,2026-06-05 10:26:00
DOC022,8.89,538.0,32,1,1,0,0,0,0,0,normal,2026-06-05 08:23:00
DOC022,10.2,584.0,36,1,1,0,0,0,0,0,normal,2026-06-04 10:12:00
DOC022,9.77,562.0,28,3,1,0,0,0,0,0,normal,2026-06-04 09:43:00
DOC022,8.87,577.0,35,3,1,0,0,0,0,0,normal,2026-06-04 08:40:00
DOC022,10.23,609.0,34,3,1,0,0,0,0,0,normal,2026-06-03 10:35:00
DOC022,9.74,562.0,29,3,1,0,0,0,0,0,normal,2026-06-02 09:01:00
DOC022,10.0,606.0,26,1,1,0,0,0,0,0,normal,2026-06-01 10:56:00
DOC022,9.79,598.0,29,3,1,0,0,0,0,0,normal,2026-06-01 09:40:00
DOC022,8.95,628.0,30,2,1,0,0,0,0,0,normal,2026-06-01 08:50:00
DOC022,8.87,617.0,31,2,1,0,0,0,0,0,normal,2026-05-30 08:50:00
DOC022,10.08,572.0,30,2,1,0,0,0,0,0,normal,2026-05-29 10:59:00
DOC022,9.96,549.0,36,3,1,0,0,0,0,0,normal,2026-05-28 09:31:00
DOC022,9.08,606.0,30,2,1,0,0,0,0,0,normal,2026-05-28 09:17:00
DOC022,9.43,588.0,32,1,1,0,0,0,0,0,normal,2026-05-27 09:45:00
DOC023,8.8,394.0,37,4,1,0,0,0,0,0,normal,2026-07-25 08:24:00
DOC023,8.89,446.0,32,3,1,0,0,0,0,0,normal,2026-07-24 08:10:00
DOC023,8.18,487.0,33,4,1,0,0,0,0,0,normal,2026-07-24 08:02:00
DOC023,8.27,460.0,34,3,1,0,0,0,0,0,normal,2026-07-24 08:52:00
DOC023,8.12,458.0,42,4,1,0,0,0,0,0,normal,2026-07-23 08:35:00
DOC023,7.93,436.0,39,2,1,0,0,0,0,0,normal,2026-07-23 07:17:00
DOC023,8.85,429.0,34,2,1,0,0,0,0,0,normal,2026-07-22 08:03:00
DOC023,8.79,460.0,35,4,1,0,0,0,0,0,normal,2026-07-21 08:43:00
DOC023,8.43,404.0,37,4,1,0,0,0,0,0,normal,2026-07-21 08:43:00
DOC023,8.23,403.0,37,3,1,0,0,0,0,0,normal,2026-07-21 08:08:00
DOC023,8.06,490.0,41,3,1,0,0,0,0,0,normal,2026-07-20 08:58:00
DOC023,8.74,419.0,43,4,1,0,0,0,0,0,normal,2026-07-20 08:27:00
DOC023,9.0,482.0,32,3,1,0,0,0,0,0,normal,2026-07-20 08:03:00
DOC023,8.01,470.0,40,4,1,0,0,0,0,0,normal,2026-07-18 08:56:00
DOC023,8.22,464.0,35,2,1,0,0,0,0,0,normal,2026-07-18 08:10:00
DOC023,9.07,479.0,35,2,1,0,0,0,0,0,normal,2026-07-18 09:46:00
DOC023,8.92,403.0,32,2,1,0,0,0,0,0,normal,2026-07-17 08:19:00
DOC023,8.32,378.0,36,3,1,0,0,0,0,0,normal,2026-07-16 08:27:00
DOC023,8.22,381.0,40,2,1,0,0,0,0,0,normal,2026-07-16 08:27:00
DOC023,8.97,466.0,35,3,1,0,0,0,0,0,normal,2026-07-15 08:12:00
DOC023,8.98,434.0,39,2,1,0,0,0,0,0,normal,2026-07-15 08:41:00
DOC023,8.41,402.0,38,3,1,0,0,0,0,0,normal,2026-07-15 08:02:00
DOC023,8.26,394.0,32,3,1,0,0,0,0,0,normal,2026-07-14 08:39:00
DOC023,8.31,465.0,34,4,1,0,0,0,0,0,normal,2026-07-13 08:05:00
DOC023,9.03,476.0,41,4,1,0,0,0,0,0,normal,2026-07-13 09:36:00
DOC023,8.59,481.0,39,2,1,0,0,0,0,0,normal,2026-07-13 08:30:00
DOC023,8.39,447.0,34,4,1,0,0,0,0,0,normal,2026-07-11 08:23:00
DOC023,7.98,479.0,38,3,1,0,0,0,0,0,normal,2026-07-10 07:41:00
DOC023,8.81,417.0,31,3,1,0,0,0,0,0,normal,2026-07-10 08:36:00
DOC023,8.57,376.0,34,4,1,0,0,0,0,0,normal,2026-07-09 08:10:00
DOC023,7.9,422.0,41,3,1,0,0,0,0,0,normal,2026-07-08 07:57:00
DOC023,7.91,389.0,36,2,1,0,0,0,0,0,normal,2026-07-08 07:45:00
DOC023,8.67,385.0,41,4,1,0,0,0,0,0,normal,2026-07-08 08:25:00
DOC023,8.64,464.0,33,4,1,0,0,0,0,0,normal,2026-07-07 08:48:00
DOC023,8.39,438.0,43,2,1,0,0,0,0,0,normal,2026-07-07 08:43:00
DOC023,7.97,449.0,38,2,1,0,0,0,0,0,normal,2026-07-06 07:21:00
DOC023,9.17,440.0,31,2,1,0,0,0,0,0,normal,2026-07-04 09:31:00
DOC023,8.8,385.0,33,4,1,0,0,0,0,0,normal,2026-07-03 08:24:00
DOC023,8.24,492.0,37,4,1,0,0,0,0,0,normal,2026-07-03 08:04:00
DOC023,9.17,400.0,41,4,1,0,0,0,0,0,normal,2026-07-02 09:43:00
DOC023,9.24,476.0,37,3,1,0,0,0,0,0,normal,2026-07-01 09:37:00
DOC023,9.2,399.0,35,2,1,0,0,0,0,0,normal,2026-07-01 09:14:00
DOC023,9.03,388.0,33,4,1,0,0,0,0,0,normal,2026-06-30 09:15:00
DOC023,9.16,477.0,42,4,1,0,0,0,0,0,normal,2026-06-30 09:04:00
DOC023,8.08,483.0,41,4,1,0,0,0,0,0,normal,2026-06-30 08:10:00
DOC023,8.11,412.0,39,3,1,0,0,0,0,0,normal,2026-06-29 08:31:00
DOC023,8.64,455.0,39,3,1,0,0,0,0,0,normal,2026-06-29 08:35:00
DOC023,8.5,439.0,33,4,1,0,0,0,0,0,normal,2026-06-27 08:47:00
DOC023,8.97,385.0,32,3,1,0,0,0,0,0,normal,2026-06-27 08:47:00
DOC023,8.17,491.0,34,4,1,0,0,0,0,0,normal,2026-06-26 08:35:00
DOC023,9.01,443.0,40,4,1,0,0,0,0,0,normal,2026-06-25 09:06:00
DOC023,9.15,450.0,40,3,1,0,0,0,0,0,normal,2026-06-25 09:34:00
DOC023,8.64,465.0,33,2,1,0,0,0,0,0,normal,2026-06-24 08:24:00
DOC023,8.89,457.0,33,2,1,0,0,0,0,0,normal,2026-06-23 08:18:00
DOC023,8.04,448.0,41,4,1,0,0,0,0,0,normal,2026-06-23 08:18:00
DOC023,7.89,441.0,37,2,1,0,0,0,0,0,normal,2026-06-22 07:13:00
DOC023,9.13,472.0,41,4,1,0,0,0,0,0,normal,2026-06-22 09:22:00
DOC023,8.84,484.0,42,2,1,0,0,0,0,0,normal,2026-06-20 08:35:00
DOC023,7.98,379.0,39,4,1,0,0,0,0,0,normal,2026-06-19 07:57:00
DOC023,8.94,489.0,35,4,1,0,0,0,0,0,normal,2026-06-19 08:57:00
DOC023,8.11,458.0,31,3,1,0,0,0,0,0,normal,2026-06-18 08:58:00
DOC023,8.57,377.0,42,2,1,0,0,0,0,0,normal,2026-06-18 08:50:00
DOC023,9.06,463.0,38,2,1,0,0,0,0,0,normal,2026-06-18 09:11:00
DOC023,8.99,488.0,38,3,1,0,0,0,0,0,normal,2026-06-17 08:18:00
DOC023,8.56,441.0,36,3,1,0,0,0,0,0,normal,2026-06-17 08:10:00
DOC023,8.56,384.0,42,3,1,0,0,0,0,0,normal,2026-06-17 08:14:00
DOC023,8.89,424.0,32,2,1,0,0,0,0,0,normal,2026-06-16 08:17:00
DOC023,9.15,491.0,41,2,1,0,0,0,0,0,normal,2026-06-15 09:45:00
DOC023,8.03,486.0,42,2,1,0,0,0,0,0,normal,2026-06-15 08:23:00
DOC023,8.71,392.0,41,2,1,0,0,0,0,0,normal,2026-06-13 08:57:00
DOC023,8.71,480.0,34,4,1,0,0,0,0,0,normal,2026-06-12 08:18:00
DOC023,8.32,458.0,34,4,1,0,0,0,0,0,normal,2026-06-11 08:46:00
DOC023,8.49,461.0,33,3,1,0,0,0,0,0,normal,2026-06-10 08:12:00
DOC023,9.1,454.0,33,3,1,0,0,0,0,0,normal,2026-06-10 09:09:00
DOC023,8.88,441.0,32,2,1,0,0,0,0,0,normal,2026-06-10 08:46:00
DOC023,7.94,456.0,35,4,1,0,0,0,0,0,normal,2026-06-09 07:42:00
DOC023,8.42,388.0,37,3,1,0,0,0,0,0,normal,2026-06-09 08:03:00
DOC023,8.96,388.0,35,4,1,0,0,0,0,0,normal,2026-06-08 08:15:00
DOC023,8.61,491.0,34,2,1,0,0,0,0,0,normal,2026-06-06 08:35:00
DOC023,8.46,468.0,33,2,1,0,0,0,0,0,normal,2026-06-06 08:19:00
DOC023,8.64,484.0,34,3,1,0,0,0,0,0,normal,2026-06-05 08:54:00
DOC023,8.86,375.0,34,3,1,0,0,0,0,0,normal,2026-06-05 08:02:00
DOC023,8.65,468.0,41,3,1,0,0,0,0,0,normal,2026-06-05 08:11:00
DOC023,8.66,399.0,41,4,1,0,0,0,0,0,normal,2026-06-04 08:38:00
DOC023,8.19,402.0,38,2,1,0,0,0,0,0,normal,2026-06-04 08:01:00
DOC023,9.01,421.0,43,2,1,0,0,0,0,0,normal,2026-06-04 09:31:00
DOC023,8.64,470.0,42,3,1,0,0,0,0,0,normal,2026-06-03 08:57:00
DOC023,9.04,447.0,35,4,1,0,0,0,0,0,normal,2026-06-03 09:47:00
DOC023,8.52,443.0,32,4,1,0,0,0,0,0,normal,2026-06-03 08:00:00
DOC023,9.26,421.0,31,3,1,0,0,0,0,0,normal,2026-06-02 09:49:00
DOC023,9.01,380.0,33,4,1,0,0,0,0,0,normal,2026-06-02 09:35:00
DOC023,8.09,434.0,40,3,1,0,0,0,0,0,normal,2026-06-02 08:15:00
DOC023,8.95,438.0,42,2,1,0,0,0,0,0,normal,2026-06-01 08:27:00
DOC023,8.55,421.0,37,4,1,0,0,0,0,0,normal,2026-06-01 08:42:00
DOC023,8.6,485.0,41,2,1,0,0,0,0,0,normal,2026-06-01 08:34:00
DOC023,8.6,437.0,34,3,1,0,0,0,0,0,normal,2026-05-30 08:02:00
DOC023,8.73,423.0,35,2,1,0,0,0,0,0,normal,2026-05-30 08:32:00
DOC023,8.26,484.0,38,3,1,0,0,0,0,0,normal,2026-05-29 08:09:00
DOC023,8.51,441.0,35,4,1,0,0,0,0,0,normal,2026-05-29 08:59:00
DOC023,8.57,426.0,39,3,1,0,0,0,0,0,normal,2026-05-28 08:42:00
DOC023,8.51,486.0,43,4,1,0,0,0,0,0,normal,2026-05-27 08:49:00
DOC024,9.19,457.0,21,4,1,0,0,0,0,0,normal,2026-07-25 09:06:00
DOC024,10.21,400.0,19,3,1,0,0,0,0,0,normal,2026-07-25 10:41:00
DOC024,10.05,398.0,19,3,1,0,0,0,0,0,normal,2026-07-24 10:23:00
DOC024,8.92,437.0,22,5,1,0,0,0,0,0,normal,2026-07-24 08:15:00
DOC024,9.74,471.0,30,3,1,0,0,0,0,0,normal,2026-07-23 09:26:00
DOC024,9.0,480.0,19,4,1,0,0,0,0,0,normal,2026-07-22 09:53:00
DOC024,9.76,482.0,29,4,1,0,0,0,0,0,normal,2026-07-21 09:14:00
DOC024,10.2,447.0,21,3,1,0,0,0,0,0,normal,2026-07-21 10:01:00
DOC024,9.43,399.0,29,3,1,0,0,0,0,0,normal,2026-07-20 09:03:00
DOC024,9.58,422.0,27,4,1,0,0,0,0,0,normal,2026-07-20 09:40:00
DOC024,9.46,410.0,19,3,1,0,0,0,0,0,normal,2026-07-18 09:41:00
DOC024,9.43,461.0,18,4,1,0,0,0,0,0,normal,2026-07-18 09:02:00
DOC024,9.99,396.0,22,3,1,0,0,0,0,0,normal,2026-07-18 09:07:00
DOC024,8.86,399.0,23,4,1,0,0,0,0,0,normal,2026-07-17 08:12:00
DOC024,9.99,446.0,28,4,1,0,0,0,0,0,normal,2026-07-16 09:55:00
DOC024,10.12,436.0,19,5,1,0,0,0,0,0,normal,2026-07-16 10:50:00
DOC024,9.02,408.0,29,4,1,0,0,0,0,0,normal,2026-07-15 09:00:00
DOC024,9.75,466.0,27,5,1,0,0,0,0,0,normal,2026-07-15 09:12:00
DOC024,9.24,407.0,23,5,1,0,0,0,0,0,normal,2026-07-14 09:37:00
DOC024,9.47,398.0,29,4,1,0,0,0,0,0,normal,2026-07-14 09:40:00
DOC024,9.94,471.0,29,3,1,0,0,0,0,0,normal,2026-07-13 09:16:00
DOC024,9.47,478.0,29,4,1,0,0,0,0,0,normal,2026-07-13 09:18:00
DOC024,9.92,467.0,25,5,1,0,0,0,0,0,normal,2026-07-13 09:38:00
DOC024,9.78,411.0,29,5,1,0,0,0,0,0,normal,2026-07-11 09:12:00
DOC024,9.76,479.0,29,4,1,0,0,0,0,0,normal,2026-07-11 09:31:00
DOC024,8.87,386.0,29,3,1,0,0,0,0,0,normal,2026-07-11 08:41:00
DOC024,9.94,482.0,28,4,1,0,0,0,0,0,normal,2026-07-10 09:01:00
DOC024,9.47,407.0,24,3,1,0,0,0,0,0,normal,2026-07-10 09:55:00
DOC024,10.24,415.0,18,5,1,0,0,0,0,0,normal,2026-07-09 10:35:00
DOC024,9.83,441.0,20,5,1,0,0,0,0,0,normal,2026-07-09 09:04:00
DOC024,8.96,448.0,22,4,1,0,0,0,0,0,normal,2026-07-09 08:23:00
DOC024,10.17,430.0,18,5,1,0,0,0,0,0,normal,2026-07-08 10:13:00
DOC024,10.06,443.0,18,4,1,0,0,0,0,0,normal,2026-07-08 10:20:00
DOC024,9.64,384.0,25,3,1,0,0,0,0,0,normal,2026-07-08 09:20:00
DOC024,9.41,432.0,22,5,1,0,0,0,0,0,normal,2026-07-07 09:28:00
DOC024,8.98,393.0,25,4,1,0,0,0,0,0,normal,2026-07-07 08:21:00
DOC024,9.52,416.0,23,5,1,0,0,0,0,0,normal,2026-07-07 09:10:00
DOC024,9.61,442.0,19,4,1,0,0,0,0,0,normal,2026-07-06 09:14:00
DOC024,9.98,451.0,27,5,1,0,0,0,0,0,normal,2026-07-06 09:32:00
DOC024,9.79,479.0,19,4,1,0,0,0,0,0,normal,2026-07-06 09:58:00
DOC024,9.9,402.0,27,5,1,0,0,0,0,0,normal,2026-07-04 09:12:00
DOC024,9.33,443.0,24,4,1,0,0,0,0,0,normal,2026-07-04 09:48:00
DOC024,8.85,474.0,24,3,1,0,0,0,0,0,normal,2026-07-04 08:20:00
DOC024,8.86,464.0,30,5,1,0,0,0,0,0,normal,2026-07-03 08:40:00
DOC024,9.95,447.0,24,4,1,0,0,0,0,0,normal,2026-07-03 09:15:00
DOC024,10.15,485.0,29,4,1,0,0,0,0,0,normal,2026-07-03 10:04:00
DOC024,10.08,402.0,28,4,1,0,0,0,0,0,normal,2026-07-02 10:58:00
DOC024,9.59,463.0,22,5,1,0,0,0,0,0,normal,2026-07-02 09:44:00
DOC024,9.2,467.0,20,5,1,0,0,0,0,0,normal,2026-07-01 09:02:00
DOC024,10.22,459.0,29,3,1,0,0,0,0,0,normal,2026-07-01 10:51:00
DOC024,9.66,411.0,20,4,1,0,0,0,0,0,normal,2026-06-30 09:20:00
DOC024,9.75,398.0,24,5,1,0,0,0,0,0,normal,2026-06-30 09:10:00
DOC024,9.98,384.0,20,3,1,0,0,0,0,0,normal,2026-06-29 09:04:00
DOC024,9.81,429.0,25,4,1,0,0,0,0,0,normal,2026-06-27 09:11:00
DOC024,10.24,398.0,30,3,1,0,0,0,0,0,normal,2026-06-27 10:16:00
DOC024,9.31,417.0,29,4,1,0,0,0,0,0,normal,2026-06-27 09:58:00
DOC024,9.78,470.0,25,5,1,0,0,0,0,0,normal,2026-06-26 09:45:00
DOC024,9.74,470.0,18,5,1,0,0,0,0,0,normal,2026-06-25 09:00:00
DOC024,9.21,379.0,26,4,1,0,0,0,0,0,normal,2026-06-25 09:19:00
DOC024,9.28,378.0,20,3,1,0,0,0,0,0,normal,2026-06-24 09:45:00
DOC024,9.42,435.0,20,4,1,0,0,0,0,0,normal,2026-06-24 09:33:00
DOC024,9.18,466.0,26,3,1,0,0,0,0,0,normal,2026-06-24 09:51:00
DOC024,9.21,373.0,21,5,1,0,0,0,0,0,normal,2026-06-23 09:20:00
DOC024,9.81,441.0,19,3,1,0,0,0,0,0,normal,2026-06-22 09:37:00
DOC024,9.12,449.0,22,3,1,0,0,0,0,0,normal,2026-06-22 09:49:00
DOC024,9.81,447.0,27,4,1,0,0,0,0,0,normal,2026-06-20 09:16:00
DOC024,10.24,474.0,26,4,1,0,0,0,0,0,normal,2026-06-20 10:05:00
DOC024,9.72,482.0,30,3,1,0,0,0,0,0,normal,2026-06-19 09:49:00
DOC024,9.05,470.0,30,4,1,0,0,0,0,0,normal,2026-06-19 09:43:00
DOC024,9.02,398.0,21,3,1,0,0,0,0,0,normal,2026-06-18 09:15:00
DOC024,9.8,380.0,27,5,1,0,0,0,0,0,normal,2026-06-18 09:42:00
DOC024,10.19,372.0,25,4,1,0,0,0,0,0,normal,2026-06-18 10:46:00
DOC024,9.86,392.0,28,4,1,0,0,0,0,0,normal,2026-06-17 09:13:00
DOC024,9.17,468.0,22,3,1,0,0,0,0,0,normal,2026-06-16 09:46:00
DOC024,9.98,421.0,25,3,1,0,0,0,0,0,normal,2026-06-16 09:01:00
DOC024,9.12,477.0,22,3,1,0,0,0,0,0,normal,2026-06-16 09:24:00
DOC024,9.79,435.0,30,4,1,0,0,0,0,0,normal,2026-06-15 09:22:00
DOC024,9.73,368.0,26,4,1,0,0,0,0,0,normal,2026-06-15 09:28:00
DOC024,9.9,456.0,30,5,1,0,0,0,0,0,normal,2026-06-13 09:53:00
DOC024,10.23,415.0,19,4,1,0,0,0,0,0,normal,2026-06-13 10:13:00
DOC024,9.7,419.0,27,3,1,0,0,0,0,0,normal,2026-06-12 09:51:00
DOC024,9.98,470.0,20,3,1,0,0,0,0,0,normal,2026-06-12 09:42:00
DOC024,9.84,417.0,24,4,1,0,0,0,0,0,normal,2026-06-12 09:17:00
DOC024,9.61,472.0,29,4,1,0,0,0,0,0,normal,2026-06-11 09:19:00
DOC024,9.49,399.0,19,4,1,0,0,0,0,0,normal,2026-06-11 09:31:00
DOC024,9.94,454.0,22,5,1,0,0,0,0,0,normal,2026-06-11 09:30:00
DOC024,9.67,371.0,27,5,1,0,0,0,0,0,normal,2026-06-10 09:04:00
DOC024,9.4,387.0,25,3,1,0,0,0,0,0,normal,2026-06-09 09:41:00
DOC024,9.12,366.0,23,3,1,0,0,0,0,0,normal,2026-06-09 09:20:00
DOC024,9.95,368.0,29,3,1,0,0,0,0,0,normal,2026-06-08 09:22:00
DOC024,10.0,382.0,25,3,1,0,0,0,0,0,normal,2026-06-08 10:24:00
DOC024,10.07,400.0,25,5,1,0,0,0,0,0,normal,2026-06-08 10:21:00
DOC024,9.57,429.0,25,3,1,0,0,0,0,0,normal,2026-06-06 09:34:00
DOC024,9.41,400.0,28,4,1,0,0,0,0,0,normal,2026-06-06 09:38:00
DOC024,9.23,436.0,25,5,1,0,0,0,0,0,normal,2026-06-06 09:06:00
DOC024,9.69,379.0,26,5,1,0,0,0,0,0,normal,2026-06-05 09:21:00
DOC024,8.93,466.0,26,5,1,0,0,0,0,0,normal,2026-06-04 08:38:00
DOC024,9.37,413.0,28,5,1,0,0,0,0,0,normal,2026-06-04 09:09:00
DOC024,9.1,473.0,29,5,1,0,0,0,0,0,normal,2026-06-03 09:36:00
DOC024,9.32,431.0,23,4,1,0,0,0,0,0,normal,2026-06-02 09:04:00
DOC024,8.94,453.0,26,5,1,0,0,0,0,0,normal,2026-06-02 08:08:00
DOC024,9.05,399.0,23,4,1,0,0,0,0,0,normal,2026-06-01 09:44:00
DOC024,10.24,477.0,19,3,1,0,0,0,0,0,normal,2026-05-30 10:15:00
DOC024,9.06,439.0,23,3,1,0,0,0,0,0,normal,2026-05-30 09:09:00
DOC024,9.07,408.0,24,5,1,0,0,0,0,0,normal,2026-05-30 09:35:00
DOC024,8.96,404.0,22,4,1,0,0,0,0,0,normal,2026-05-29 08:25:00
DOC024,9.06,457.0,23,5,1,0,0,0,0,0,normal,2026-05-29 09:37:00
DOC024,10.22,398.0,24,5,1,0,0,0,0,0,normal,2026-05-28 10:27:00
DOC024,9.38,399.0,28,4,1,0,0,0,0,0,normal,2026-05-28 09:37:00
DOC024,10.23,440.0,25,4,1,0,0,0,0,0,normal,2026-05-28 10:36:00
DOC024,9.31,399.0,25,4,1,0,0,0,0,0,normal,2026-05-27 09:16:00
DOC025,8.19,484.0,12,5,1,0,0,0,0,0,normal,2026-07-25 08:55:00
DOC025,7.4,437.0,21,3,1,0,0,0,0,0,normal,2026-07-25 07:36:00
DOC025,7.86,536.0,19,5,1,0,0,0,0,0,normal,2026-07-24 07:18:00
DOC025,8.26,447.0,17,5,1,0,0,0,0,0,normal,2026-07-24 08:56:00
DOC025,7.37,528.0,10,3,1,0,0,0,0,0,normal,2026-07-23 07:38:00
DOC025,8.07,514.0,11,3,1,0,0,0,0,0,normal,2026-07-23 08:26:00
DOC025,7.87,446.0,15,5,1,0,0,0,0,0,normal,2026-07-23 07:11:00
DOC025,7.25,496.0,17,4,1,0,0,0,0,0,normal,2026-07-22 07:33:00
DOC025,8.27,513.0,11,3,1,0,0,0,0,0,normal,2026-07-22 08:15:00
DOC025,7.86,447.0,10,3,1,0,0,0,0,0,normal,2026-07-22 07:38:00
DOC025,7.35,445.0,15,4,1,0,0,0,0,0,normal,2026-07-21 07:52:00
DOC025,8.2,465.0,20,5,1,0,0,0,0,0,normal,2026-07-21 08:23:00
DOC025,7.3,478.0,20,3,1,0,0,0,0,0,normal,2026-07-21 07:50:00
DOC025,7.15,454.0,20,3,1,0,0,0,0,0,normal,2026-07-20 07:43:00
DOC025,7.96,424.0,14,5,1,0,0,0,0,0,normal,2026-07-20 07:01:00
DOC025,7.91,461.0,12,5,1,0,0,0,0,0,normal,2026-07-20 07:16:00
DOC025,7.99,518.0,13,4,1,0,0,0,0,0,normal,2026-07-18 07:01:00
DOC025,8.08,442.0,13,3,1,0,0,0,0,0,normal,2026-07-17 08:13:00
DOC025,7.52,466.0,20,5,1,0,0,0,0,0,normal,2026-07-16 07:13:00
DOC025,7.9,447.0,16,4,1,0,0,0,0,0,normal,2026-07-15 07:05:00
DOC025,7.51,484.0,14,3,1,0,0,0,0,0,normal,2026-07-15 07:00:00
DOC025,7.68,428.0,21,3,1,0,0,0,0,0,normal,2026-07-14 07:13:00
DOC025,8.35,446.0,16,3,1,0,0,0,0,0,normal,2026-07-14 08:15:00
DOC025,7.75,483.0,10,5,1,0,0,0,0,0,normal,2026-07-13 07:47:00
DOC025,7.72,532.0,13,4,1,0,0,0,0,0,normal,2026-07-13 07:21:00
DOC025,7.78,527.0,14,4,1,0,0,0,0,0,normal,2026-07-11 07:06:00
DOC025,7.59,444.0,17,4,1,0,0,0,0,0,normal,2026-07-11 07:30:00
DOC025,7.95,461.0,10,3,1,0,0,0,0,0,normal,2026-07-10 07:45:00
DOC025,8.29,455.0,18,4,1,0,0,0,0,0,normal,2026-07-10 08:29:00
DOC025,7.79,461.0,17,3,1,0,0,0,0,0,normal,2026-07-09 07:14:00
DOC025,7.54,420.0,15,4,1,0,0,0,0,0,normal,2026-07-09 07:11:00
DOC025,7.99,420.0,11,5,1,0,0,0,0,0,normal,2026-07-09 07:51:00
DOC025,8.28,475.0,10,3,1,0,0,0,0,0,normal,2026-07-08 08:09:00
DOC025,7.41,446.0,18,4,1,0,0,0,0,0,normal,2026-07-07 07:40:00
DOC025,8.29,467.0,20,5,1,0,0,0,0,0,normal,2026-07-07 08:28:00
DOC025,7.94,436.0,16,5,1,0,0,0,0,0,normal,2026-07-06 07:12:00
DOC025,8.46,420.0,14,3,1,0,0,0,0,0,normal,2026-07-04 08:20:00
DOC025,7.96,488.0,14,3,1,0,0,0,0,0,normal,2026-07-03 07:50:00
DOC025,8.46,503.0,21,3,1,0,0,0,0,0,normal,2026-07-03 08:05:00
DOC025,7.17,492.0,16,3,1,0,0,0,0,0,normal,2026-07-02 07:31:00
DOC025,7.47,521.0,16,4,1,0,0,0,0,0,normal,2026-07-02 07:13:00
DOC025,8.18,452.0,20,3,1,0,0,0,0,0,normal,2026-07-01 08:41:00
DOC025,7.85,511.0,20,5,1,0,0,0,0,0,normal,2026-07-01 07:36:00
DOC025,7.77,463.0,19,5,1,0,0,0,0,0,normal,2026-06-30 07:24:00
DOC025,8.27,472.0,20,3,1,0,0,0,0,0,normal,2026-06-30 08:56:00
DOC025,8.44,482.0,14,4,1,0,0,0,0,0,normal,2026-06-29 08:15:00
DOC025,7.75,436.0,21,5,1,0,0,0,0,0,normal,2026-06-27 07:39:00
DOC025,8.33,459.0,14,4,1,0,0,0,0,0,normal,2026-06-26 08:41:00
DOC025,8.17,536.0,12,5,1,0,0,0,0,0,normal,2026-06-26 08:38:00
DOC025,7.15,508.0,20,4,1,0,0,0,0,0,normal,2026-06-26 07:20:00
DOC025,7.35,491.0,18,5,1,0,0,0,0,0,normal,2026-06-25 07:46:00
DOC025,7.69,466.0,21,4,1,0,0,0,0,0,normal,2026-06-25 07:31:00
DOC025,7.19,463.0,18,4,1,0,0,0,0,0,normal,2026-06-25 07:43:00
DOC025,8.19,471.0,16,4,1,0,0,0,0,0,normal,2026-06-24 08:15:00
DOC025,7.47,423.0,16,4,1,0,0,0,0,0,normal,2026-06-23 07:48:00
DOC025,8.2,503.0,12,4,1,0,0,0,0,0,normal,2026-06-22 08:35:00
DOC025,8.34,537.0,20,4,1,0,0,0,0,0,normal,2026-06-22 08:16:00
DOC025,8.26,507.0,21,3,1,0,0,0,0,0,normal,2026-06-20 08:06:00
DOC025,7.87,534.0,16,4,1,0,0,0,0,0,normal,2026-06-20 07:01:00
DOC025,8.04,466.0,9,3,1,0,0,0,0,0,normal,2026-06-19 08:01:00
DOC025,8.07,523.0,15,5,1,0,0,0,0,0,normal,2026-06-18 08:37:00
DOC025,8.03,522.0,12,5,1,0,0,0,0,0,normal,2026-06-18 08:56:00
DOC025,8.24,534.0,12,3,1,0,0,0,0,0,normal,2026-06-18 08:52:00
DOC025,7.63,451.0,12,3,1,0,0,0,0,0,normal,2026-06-17 07:12:00
DOC025,7.94,471.0,17,5,1,0,0,0,0,0,normal,2026-06-17 07:04:00
DOC025,7.41,492.0,21,4,1,0,0,0,0,0,normal,2026-06-17 07:23:00
DOC025,8.04,530.0,17,5,1,0,0,0,0,0,normal,2026-06-16 08:06:00
DOC025,8.48,509.0,9,3,1,0,0,0,0,0,normal,2026-06-15 08:33:00
DOC025,8.4,511.0,19,4,1,0,0,0,0,0,normal,2026-06-13 08:35:00
DOC025,8.07,517.0,18,4,1,0,0,0,0,0,normal,2026-06-13 08:00:00
DOC025,8.27,519.0,9,4,1,0,0,0,0,0,normal,2026-06-13 08:46:00
DOC025,7.43,535.0,9,4,1,0,0,0,0,0,normal,2026-06-12 07:27:00
DOC025,8.21,482.0,19,5,1,0,0,0,0,0,normal,2026-06-12 08:21:00
DOC025,7.49,510.0,15,4,1,0,0,0,0,0,normal,2026-06-12 07:31:00
DOC025,7.52,509.0,20,5,1,0,0,0,0,0,normal,2026-06-11 07:56:00
DOC025,7.35,448.0,17,5,1,0,0,0,0,0,normal,2026-06-11 07:30:00
DOC025,8.1,518.0,14,5,1,0,0,0,0,0,normal,2026-06-11 08:52:00
DOC025,7.24,499.0,18,5,1,0,0,0,0,0,normal,2026-06-10 07:03:00
DOC025,8.47,523.0,11,3,1,0,0,0,0,0,normal,2026-06-10 08:45:00
DOC025,7.3,427.0,11,3,1,0,0,0,0,0,normal,2026-06-10 07:35:00
DOC025,8.48,481.0,20,5,1,0,0,0,0,0,normal,2026-06-09 08:38:00
DOC025,7.62,501.0,18,5,1,0,0,0,0,0,normal,2026-06-08 07:23:00
DOC025,7.57,485.0,20,5,1,0,0,0,0,0,normal,2026-06-08 07:44:00
DOC025,8.28,531.0,14,3,1,0,0,0,0,0,normal,2026-06-08 08:19:00
DOC025,7.96,535.0,10,4,1,0,0,0,0,0,normal,2026-06-06 07:48:00
DOC025,7.52,504.0,20,5,1,0,0,0,0,0,normal,2026-06-06 07:45:00
DOC025,8.33,509.0,11,5,1,0,0,0,0,0,normal,2026-06-05 08:13:00
DOC025,7.9,485.0,16,3,1,0,0,0,0,0,normal,2026-06-04 07:38:00
DOC025,8.01,457.0,14,3,1,0,0,0,0,0,normal,2026-06-04 08:14:00
DOC025,7.89,444.0,18,5,1,0,0,0,0,0,normal,2026-06-04 07:04:00
DOC025,8.42,423.0,13,5,1,0,0,0,0,0,normal,2026-06-03 08:00:00
DOC025,7.84,429.0,19,4,1,0,0,0,0,0,normal,2026-06-03 07:22:00
DOC025,8.27,520.0,16,5,1,0,0,0,0,0,normal,2026-06-03 08:28:00
DOC025,7.14,419.0,14,3,1,0,0,0,0,0,normal,2026-06-02 07:24:00
DOC025,7.91,462.0,10,3,1,0,0,0,0,0,normal,2026-06-01 07:47:00
DOC025,7.7,461.0,12,3,1,0,0,0,0,0,normal,2026-06-01 07:58:00
DOC025,7.37,453.0,11,5,1,0,0,0,0,0,normal,2026-06-01 07:47:00
DOC025,7.65,533.0,14,5,1,0,0,0,0,0,normal,2026-05-30 07:54:00
DOC025,8.43,440.0,10,4,1,0,0,0,0,0,normal,2026-05-30 08:46:00
DOC025,8.4,465.0,13,3,1,0,0,0,0,0,normal,2026-05-30 08:51:00
DOC025,7.91,476.0,19,5,1,0,0,0,0,0,normal,2026-05-29 07:39:00
DOC025,8.15,524.0,15,5,1,0,0,0,0,0,normal,2026-05-28 08:30:00
DOC025,7.41,471.0,14,4,1,0,0,0,0,0,normal,2026-05-28 07:59:00
DOC025,8.43,421.0,13,5,1,0,0,0,0,0,normal,2026-05-27 08:46:00
DOC025,7.23,438.0,9,3,1,0,0,0,0,0,normal,2026-05-27 07:29:00
DOC025,7.5,455.0,13,3,1,0,0,0,0,0,normal,2026-05-27 07:57:00
DOC026,10.22,452.0,44,4,1,0,0,0,0,0,normal,2026-07-25 10:28:00
DOC026,10.55,411.0,42,5,1,0,0,0,0,0,normal,2026-07-25 10:24:00
DOC026,10.24,495.0,40,5,1,0,0,0,0,0,normal,2026-07-24 10:19:00
DOC026,9.32,481.0,50,4,1,0,0,0,0,0,normal,2026-07-24 09:33:00
DOC026,10.21,403.0,45,4,1,0,0,0,0,0,normal,2026-07-23 10:53:00
DOC026,9.59,464.0,45,5,1,0,0,0,0,0,normal,2026-07-23 09:47:00
DOC026,10.55,494.0,47,6,1,0,0,0,0,0,normal,2026-07-23 10:21:00
DOC026,10.39,446.0,41,4,1,0,0,0,0,0,normal,2026-07-22 10:07:00
DOC026,10.54,493.0,43,5,1,0,0,0,0,0,normal,2026-07-22 10:06:00
DOC026,10.49,477.0,49,4,1,0,0,0,0,0,normal,2026-07-21 10:58:00
DOC026,9.25,441.0,47,5,1,0,0,0,0,0,normal,2026-07-20 09:42:00
DOC026,9.45,444.0,47,5,1,0,0,0,0,0,normal,2026-07-20 09:01:00
DOC026,10.08,453.0,50,5,1,0,0,0,0,0,normal,2026-07-20 10:13:00
DOC026,9.33,456.0,48,5,1,0,0,0,0,0,normal,2026-07-18 09:21:00
DOC026,9.49,424.0,50,5,1,0,0,0,0,0,normal,2026-07-17 09:19:00
DOC026,9.73,418.0,41,5,1,0,0,0,0,0,normal,2026-07-17 09:56:00
DOC026,9.28,466.0,41,4,1,0,0,0,0,0,normal,2026-07-16 09:28:00
DOC026,10.04,385.0,43,5,1,0,0,0,0,0,normal,2026-07-16 10:15:00
DOC026,10.0,421.0,43,6,1,0,0,0,0,0,normal,2026-07-15 09:37:00
DOC026,9.29,467.0,41,5,1,0,0,0,0,0,normal,2026-07-15 09:07:00
DOC026,9.93,499.0,47,6,1,0,0,0,0,0,normal,2026-07-15 09:35:00
DOC026,9.37,497.0,43,6,1,0,0,0,0,0,normal,2026-07-14 09:14:00
DOC026,10.56,477.0,43,4,1,0,0,0,0,0,normal,2026-07-13 10:00:00
DOC026,10.5,458.0,51,6,1,0,0,0,0,0,normal,2026-07-13 10:05:00
DOC026,10.41,394.0,48,4,1,0,0,0,0,0,normal,2026-07-11 10:06:00
DOC026,9.19,484.0,39,4,1,0,0,0,0,0,normal,2026-07-10 09:50:00
DOC026,9.74,408.0,44,5,1,0,0,0,0,0,normal,2026-07-10 09:03:00
DOC026,9.36,447.0,47,6,1,0,0,0,0,0,normal,2026-07-10 09:30:00
DOC026,9.17,470.0,49,5,1,0,0,0,0,0,normal,2026-07-09 09:14:00
DOC026,9.71,449.0,42,4,1,0,0,0,0,0,normal,2026-07-09 09:07:00
DOC026,10.11,470.0,51,4,1,0,0,0,0,0,normal,2026-07-09 10:38:00
DOC026,10.43,452.0,44,4,1,0,0,0,0,0,normal,2026-07-08 10:16:00
DOC026,10.49,465.0,46,6,1,0,0,0,0,0,normal,2026-07-08 10:33:00
DOC026,9.63,485.0,41,6,1,0,0,0,0,0,normal,2026-07-07 09:51:00
DOC026,10.12,487.0,49,6,1,0,0,0,0,0,normal,2026-07-06 10:51:00
DOC026,10.42,446.0,48,6,1,0,0,0,0,0,normal,2026-07-06 10:56:00
DOC026,9.73,463.0,50,5,1,0,0,0,0,0,normal,2026-07-06 09:50:00
DOC026,9.38,392.0,42,5,1,0,0,0,0,0,normal,2026-07-04 09:51:00
DOC026,9.43,449.0,42,4,1,0,0,0,0,0,normal,2026-07-03 09:27:00
DOC026,10.3,427.0,45,5,1,0,0,0,0,0,normal,2026-07-02 10:23:00
DOC026,9.73,474.0,42,6,1,0,0,0,0,0,normal,2026-07-01 09:11:00
DOC026,10.51,396.0,42,4,1,0,0,0,0,0,normal,2026-07-01 10:08:00
DOC026,10.5,421.0,48,6,1,0,0,0,0,0,normal,2026-07-01 10:35:00
DOC026,10.24,384.0,48,4,1,0,0,0,0,0,normal,2026-06-30 10:39:00
DOC026,9.46,497.0,49,6,1,0,0,0,0,0,normal,2026-06-30 09:41:00
DOC026,10.04,409.0,44,6,1,0,0,0,0,0,normal,2026-06-29 10:12:00
DOC026,9.21,488.0,42,5,1,0,0,0,0,0,normal,2026-06-29 09:14:00
DOC026,9.92,394.0,51,4,1,0,0,0,0,0,normal,2026-06-29 09:36:00
DOC026,10.25,485.0,39,5,1,0,0,0,0,0,normal,2026-06-27 10:33:00
DOC026,9.84,399.0,39,5,1,0,0,0,0,0,normal,2026-06-27 09:41:00
DOC026,9.92,389.0,50,4,1,0,0,0,0,0,normal,2026-06-27 09:38:00
DOC026,10.38,387.0,47,5,1,0,0,0,0,0,normal,2026-06-26 10:25:00
DOC026,9.28,401.0,43,6,1,0,0,0,0,0,normal,2026-06-25 09:01:00
DOC026,9.43,456.0,43,6,1,0,0,0,0,0,normal,2026-06-24 09:05:00
DOC026,10.0,399.0,41,5,1,0,0,0,0,0,normal,2026-06-23 09:10:00
DOC026,10.54,418.0,42,6,1,0,0,0,0,0,normal,2026-06-22 10:26:00
DOC026,9.44,394.0,41,5,1,0,0,0,0,0,normal,2026-06-22 09:25:00
DOC026,9.55,441.0,48,5,1,0,0,0,0,0,normal,2026-06-22 09:50:00
DOC026,10.21,460.0,45,6,1,0,0,0,0,0,normal,2026-06-20 10:12:00
DOC026,9.7,385.0,41,5,1,0,0,0,0,0,normal,2026-06-20 09:25:00
DOC026,9.4,485.0,42,4,1,0,0,0,0,0,normal,2026-06-20 09:07:00
DOC026,9.44,409.0,46,5,1,0,0,0,0,0,normal,2026-06-19 09:35:00
DOC026,9.24,487.0,51,6,1,0,0,0,0,0,normal,2026-06-18 09:07:00
DOC026,9.19,468.0,50,6,1,0,0,0,0,0,normal,2026-06-17 09:41:00
DOC026,9.7,483.0,43,5,1,0,0,0,0,0,normal,2026-06-16 09:05:00
DOC026,9.53,447.0,43,5,1,0,0,0,0,0,normal,2026-06-15 09:55:00
DOC026,10.55,498.0,46,4,1,0,0,0,0,0,normal,2026-06-15 10:54:00
DOC026,10.37,455.0,48,4,1,0,0,0,0,0,normal,2026-06-13 10:10:00
DOC026,9.51,385.0,48,6,1,0,0,0,0,0,normal,2026-06-13 09:04:00
DOC026,10.02,404.0,47,4,1,0,0,0,0,0,normal,2026-06-13 10:08:00
DOC026,9.3,479.0,40,4,1,0,0,0,0,0,normal,2026-06-12 09:06:00
DOC026,10.5,428.0,45,6,1,0,0,0,0,0,normal,2026-06-11 10:06:00
DOC026,9.74,402.0,44,5,1,0,0,0,0,0,normal,2026-06-10 09:08:00
DOC026,10.4,499.0,49,6,1,0,0,0,0,0,normal,2026-06-09 10:14:00
DOC026,9.18,447.0,41,5,1,0,0,0,0,0,normal,2026-06-09 09:12:00
DOC026,10.51,386.0,47,5,1,0,0,0,0,0,normal,2026-06-09 10:47:00
DOC026,9.97,473.0,51,5,1,0,0,0,0,0,normal,2026-06-08 09:14:00
DOC026,10.46,382.0,49,4,1,0,0,0,0,0,normal,2026-06-08 10:43:00
DOC026,9.29,411.0,45,6,1,0,0,0,0,0,normal,2026-06-06 09:45:00
DOC026,9.68,391.0,46,5,1,0,0,0,0,0,normal,2026-06-05 09:54:00
DOC026,9.75,481.0,47,4,1,0,0,0,0,0,normal,2026-06-05 09:09:00
DOC026,9.85,490.0,49,4,1,0,0,0,0,0,normal,2026-06-05 09:51:00
DOC026,9.94,406.0,46,4,1,0,0,0,0,0,normal,2026-06-04 09:42:00
DOC026,9.32,451.0,48,6,1,0,0,0,0,0,normal,2026-06-03 09:46:00
DOC026,9.87,497.0,42,5,1,0,0,0,0,0,normal,2026-06-02 09:12:00
DOC026,10.24,425.0,41,4,1,0,0,0,0,0,normal,2026-06-01 10:32:00
DOC026,10.36,441.0,41,4,1,0,0,0,0,0,normal,2026-06-01 10:40:00
DOC026,9.2,417.0,45,5,1,0,0,0,0,0,normal,2026-05-30 09:25:00
DOC026,9.98,394.0,42,4,1,0,0,0,0,0,normal,2026-05-30 09:41:00
DOC026,9.58,437.0,45,4,1,0,0,0,0,0,normal,2026-05-30 09:39:00
DOC026,9.87,478.0,47,6,1,0,0,0,0,0,normal,2026-05-29 09:01:00
DOC026,9.38,490.0,40,4,1,0,0,0,0,0,normal,2026-05-28 09:16:00
DOC026,10.43,428.0,44,4,1,0,0,0,0,0,normal,2026-05-28 10:08:00
DOC026,9.24,406.0,49,4,1,0,0,0,0,0,normal,2026-05-28 09:40:00
DOC026,10.29,384.0,45,4,1,0,0,0,0,0,normal,2026-05-27 10:48:00
DOC026,9.61,382.0,46,5,1,0,0,0,0,0,normal,2026-05-27 09:32:00
DOC027,8.88,557.0,31,3,1,0,0,0,0,0,normal,2026-07-25 08:48:00
DOC027,8.62,470.0,36,4,1,0,0,0,0,0,normal,2026-07-24 08:06:00
DOC027,9.13,561.0,35,2,1,0,0,0,0,0,normal,2026-07-24 09:32:00
DOC027,8.63,568.0,25,4,1,0,0,0,0,0,normal,2026-07-24 08:13:00
DOC027,8.41,535.0,29,4,1,0,0,0,0,0,normal,2026-07-23 08:35:00
DOC027,9.69,508.0,35,4,1,0,0,0,0,0,normal,2026-07-22 09:27:00
DOC027,8.59,579.0,29,4,1,0,0,0,0,0,normal,2026-07-22 08:13:00
DOC027,8.51,478.0,26,4,1,0,0,0,0,0,normal,2026-07-22 08:17:00
DOC027,9.67,506.0,31,4,1,0,0,0,0,0,normal,2026-07-21 09:58:00
DOC027,9.6,515.0,29,2,1,0,0,0,0,0,normal,2026-07-21 09:48:00
DOC027,9.24,527.0,30,2,1,0,0,0,0,0,normal,2026-07-20 09:14:00
DOC027,8.57,548.0,37,2,1,0,0,0,0,0,normal,2026-07-20 08:57:00
DOC027,9.45,477.0,33,2,1,0,0,0,0,0,normal,2026-07-20 09:54:00
DOC027,9.22,510.0,35,2,1,0,0,0,0,0,normal,2026-07-18 09:44:00
DOC027,9.78,505.0,27,3,1,0,0,0,0,0,normal,2026-07-18 09:07:00
DOC027,9.51,563.0,31,2,1,0,0,0,0,0,normal,2026-07-18 09:40:00
DOC027,8.69,492.0,37,4,1,0,0,0,0,0,normal,2026-07-17 08:00:00
DOC027,9.41,572.0,36,3,1,0,0,0,0,0,normal,2026-07-17 09:57:00
DOC027,9.03,578.0,33,4,1,0,0,0,0,0,normal,2026-07-16 09:48:00
DOC027,8.51,551.0,27,4,1,0,0,0,0,0,normal,2026-07-15 08:24:00
DOC027,9.6,474.0,30,3,1,0,0,0,0,0,normal,2026-07-15 09:16:00
DOC027,9.22,473.0,29,3,1,0,0,0,0,0,normal,2026-07-14 09:01:00
DOC027,9.68,582.0,28,3,1,0,0,0,0,0,normal,2026-07-14 09:34:00
DOC027,9.42,507.0,32,2,1,0,0,0,0,0,normal,2026-07-13 09:28:00
DOC027,8.91,522.0,30,4,1,0,0,0,0,0,normal,2026-07-13 08:16:00
DOC027,8.55,534.0,34,3,1,0,0,0,0,0,normal,2026-07-11 08:29:00
DOC027,9.7,573.0,28,2,1,0,0,0,0,0,normal,2026-07-10 09:19:00
DOC027,9.3,509.0,28,4,1,0,0,0,0,0,normal,2026-07-09 09:52:00
DOC027,9.21,553.0,33,4,1,0,0,0,0,0,normal,2026-07-09 09:19:00
DOC027,9.63,538.0,29,4,1,0,0,0,0,0,normal,2026-07-08 09:54:00
DOC027,9.79,488.0,36,4,1,0,0,0,0,0,normal,2026-07-07 09:50:00
DOC027,9.06,567.0,27,4,1,0,0,0,0,0,normal,2026-07-07 09:37:00
DOC027,9.67,579.0,37,2,1,0,0,0,0,0,normal,2026-07-06 09:57:00
DOC027,8.86,552.0,27,3,1,0,0,0,0,0,normal,2026-07-04 08:31:00
DOC027,8.9,470.0,30,2,1,0,0,0,0,0,normal,2026-07-04 08:36:00
DOC027,8.87,570.0,37,3,1,0,0,0,0,0,normal,2026-07-03 08:58:00
DOC027,8.84,556.0,26,4,1,0,0,0,0,0,normal,2026-07-02 08:11:00
DOC027,9.26,588.0,30,3,1,0,0,0,0,0,normal,2026-07-02 09:34:00
DOC027,9.75,584.0,25,2,1,0,0,0,0,0,normal,2026-07-01 09:15:00
DOC027,8.94,584.0,29,4,1,0,0,0,0,0,normal,2026-06-30 08:31:00
DOC027,8.87,552.0,30,4,1,0,0,0,0,0,normal,2026-06-30 08:37:00
DOC027,9.28,527.0,36,3,1,0,0,0,0,0,normal,2026-06-30 09:38:00
DOC027,9.21,504.0,35,3,1,0,0,0,0,0,normal,2026-06-29 09:19:00
DOC027,9.12,540.0,37,3,1,0,0,0,0,0,normal,2026-06-29 09:41:00
DOC027,8.77,530.0,29,4,1,0,0,0,0,0,normal,2026-06-29 08:44:00
DOC027,9.71,519.0,34,3,1,0,0,0,0,0,normal,2026-06-27 09:50:00
DOC027,8.81,474.0,37,2,1,0,0,0,0,0,normal,2026-06-27 08:18:00
DOC027,9.05,554.0,35,2,1,0,0,0,0,0,normal,2026-06-27 09:00:00
DOC027,8.87,574.0,32,2,1,0,0,0,0,0,normal,2026-06-26 08:16:00
DOC027,8.42,522.0,32,4,1,0,0,0,0,0,normal,2026-06-25 08:41:00
DOC027,9.29,582.0,29,2,1,0,0,0,0,0,normal,2026-06-25 09:04:00
DOC027,9.27,565.0,36,2,1,0,0,0,0,0,normal,2026-06-25 09:43:00
DOC027,9.7,580.0,35,3,1,0,0,0,0,0,normal,2026-06-24 09:15:00
DOC027,8.65,489.0,26,2,1,0,0,0,0,0,normal,2026-06-24 08:38:00
DOC027,9.02,512.0,25,4,1,0,0,0,0,0,normal,2026-06-24 09:10:00
DOC027,9.49,562.0,26,4,1,0,0,0,0,0,normal,2026-06-23 09:46:00
DOC027,8.79,535.0,27,3,1,0,0,0,0,0,normal,2026-06-22 08:27:00
DOC027,8.87,539.0,33,3,1,0,0,0,0,0,normal,2026-06-22 08:28:00
DOC027,8.99,510.0,26,4,1,0,0,0,0,0,normal,2026-06-20 08:56:00
DOC027,8.52,549.0,36,3,1,0,0,0,0,0,normal,2026-06-19 08:38:00
DOC027,8.63,587.0,28,3,1,0,0,0,0,0,normal,2026-06-19 08:59:00
DOC027,8.81,580.0,32,3,1,0,0,0,0,0,normal,2026-06-19 08:12:00
DOC027,8.97,481.0,32,3,1,0,0,0,0,0,normal,2026-06-18 08:31:00
DOC027,9.32,554.0,32,4,1,0,0,0,0,0,normal,2026-06-18 09:43:00
DOC027,9.5,495.0,33,3,1,0,0,0,0,0,normal,2026-06-17 09:09:00
DOC027,9.2,496.0,28,4,1,0,0,0,0,0,normal,2026-06-17 09:04:00
DOC027,9.68,477.0,36,3,1,0,0,0,0,0,normal,2026-06-16 09:51:00
DOC027,9.12,477.0,34,3,1,0,0,0,0,0,normal,2026-06-16 09:04:00
DOC027,9.3,469.0,29,2,1,0,0,0,0,0,normal,2026-06-16 09:48:00
DOC027,8.79,532.0,29,3,1,0,0,0,0,0,normal,2026-06-15 08:15:00
DOC027,9.77,548.0,32,2,1,0,0,0,0,0,normal,2026-06-15 09:59:00
DOC027,9.49,541.0,31,4,1,0,0,0,0,0,normal,2026-06-13 09:09:00
DOC027,9.66,522.0,32,2,1,0,0,0,0,0,normal,2026-06-13 09:59:00
DOC027,9.34,549.0,37,3,1,0,0,0,0,0,normal,2026-06-12 09:37:00
DOC027,9.12,495.0,30,2,1,0,0,0,0,0,normal,2026-06-11 09:36:00
DOC027,9.19,515.0,34,4,1,0,0,0,0,0,normal,2026-06-10 09:10:00
DOC027,9.02,569.0,33,4,1,0,0,0,0,0,normal,2026-06-10 09:01:00
DOC027,9.77,569.0,34,3,1,0,0,0,0,0,normal,2026-06-10 09:03:00
DOC027,9.78,549.0,29,3,1,0,0,0,0,0,normal,2026-06-09 09:17:00
DOC027,8.58,498.0,34,3,1,0,0,0,0,0,normal,2026-06-09 08:00:00
DOC027,9.12,561.0,27,2,1,0,0,0,0,0,normal,2026-06-08 09:28:00
DOC027,9.43,482.0,36,4,1,0,0,0,0,0,normal,2026-06-08 09:27:00
DOC027,8.96,479.0,33,3,1,0,0,0,0,0,normal,2026-06-06 08:51:00
DOC027,8.58,546.0,26,4,1,0,0,0,0,0,normal,2026-06-06 08:11:00
DOC027,9.46,490.0,35,4,1,0,0,0,0,0,normal,2026-06-06 09:45:00
DOC027,8.88,526.0,30,3,1,0,0,0,0,0,normal,2026-06-05 08:44:00
DOC027,8.67,528.0,27,3,1,0,0,0,0,0,normal,2026-06-05 08:27:00
DOC027,9.62,491.0,29,4,1,0,0,0,0,0,normal,2026-06-04 09:43:00
DOC027,9.58,527.0,33,2,1,0,0,0,0,0,normal,2026-06-03 09:46:00
DOC027,9.21,519.0,30,4,1,0,0,0,0,0,normal,2026-06-03 09:53:00
DOC027,9.07,502.0,31,3,1,0,0,0,0,0,normal,2026-06-03 09:53:00
DOC027,8.42,516.0,33,3,1,0,0,0,0,0,normal,2026-06-02 08:04:00
DOC027,8.5,506.0,35,4,1,0,0,0,0,0,normal,2026-06-02 08:03:00
DOC027,8.98,479.0,33,3,1,0,0,0,0,0,normal,2026-06-02 08:55:00
DOC027,8.61,517.0,35,2,1,0,0,0,0,0,normal,2026-06-01 08:54:00
DOC027,9.67,588.0,32,4,1,0,0,0,0,0,normal,2026-06-01 09:02:00
DOC027,8.7,526.0,33,4,1,0,0,0,0,0,normal,2026-05-30 08:30:00
DOC027,9.14,492.0,28,2,1,0,0,0,0,0,normal,2026-05-30 09:55:00
DOC027,9.5,482.0,29,3,1,0,0,0,0,0,normal,2026-05-29 09:25:00
DOC027,9.32,568.0,26,2,1,0,0,0,0,0,normal,2026-05-29 09:26:00
DOC027,8.63,531.0,28,4,1,0,0,0,0,0,normal,2026-05-28 08:00:00
DOC027,8.47,552.0,33,2,1,0,0,0,0,0,normal,2026-05-28 08:36:00
DOC027,9.78,531.0,36,2,1,0,0,0,0,0,normal,2026-05-28 09:15:00
DOC027,8.56,532.0,33,4,1,0,0,0,0,0,normal,2026-05-27 08:54:00
DOC027,8.88,580.0,32,2,1,0,0,0,0,0,normal,2026-05-27 08:42:00
DOC027,9.43,550.0,35,3,1,0,0,0,0,0,normal,2026-05-27 09:13:00
DOC028,7.87,345.0,20,6,1,0,0,0,0,0,normal,2026-07-25 07:57:00
DOC028,7.66,360.0,24,5,1,0,0,0,0,0,normal,2026-07-24 07:18:00
DOC028,8.29,348.0,24,4,1,0,0,0,0,0,normal,2026-07-24 08:10:00
DOC028,7.92,431.0,25,4,1,0,0,0,0,0,normal,2026-07-23 07:44:00
DOC028,7.95,334.0,19,6,1,0,0,0,0,0,normal,2026-07-22 07:39:00
DOC028,8.24,363.0,24,6,1,0,0,0,0,0,normal,2026-07-22 08:36:00
DOC028,8.45,359.0,27,5,1,0,0,0,0,0,normal,2026-07-22 08:26:00
DOC028,7.54,391.0,26,6,1,0,0,0,0,0,normal,2026-07-21 07:59:00
DOC028,7.66,410.0,29,6,1,0,0,0,0,0,normal,2026-07-21 07:47:00
DOC028,8.74,388.0,29,4,1,0,0,0,0,0,normal,2026-07-21 08:03:00
DOC028,7.45,411.0,21,4,1,0,0,0,0,0,normal,2026-07-20 07:55:00
DOC028,8.76,382.0,28,5,1,0,0,0,0,0,normal,2026-07-20 08:03:00
DOC028,7.91,415.0,22,5,1,0,0,0,0,0,normal,2026-07-20 07:18:00
DOC028,8.47,420.0,27,6,1,0,0,0,0,0,normal,2026-07-18 08:18:00
DOC028,8.1,350.0,24,6,1,0,0,0,0,0,normal,2026-07-18 08:49:00
DOC028,8.31,330.0,21,6,1,0,0,0,0,0,normal,2026-07-18 08:43:00
DOC028,8.18,426.0,28,6,1,0,0,0,0,0,normal,2026-07-17 08:23:00
DOC028,8.49,418.0,24,4,1,0,0,0,0,0,normal,2026-07-17 08:28:00
DOC028,7.46,396.0,26,6,1,0,0,0,0,0,normal,2026-07-17 07:33:00
DOC028,8.63,412.0,24,6,1,0,0,0,0,0,normal,2026-07-16 08:09:00
DOC028,7.9,375.0,20,6,1,0,0,0,0,0,normal,2026-07-16 07:06:00
DOC028,8.04,329.0,24,6,1,0,0,0,0,0,normal,2026-07-16 08:57:00
DOC028,8.44,428.0,21,5,1,0,0,0,0,0,normal,2026-07-15 08:08:00
DOC028,7.53,403.0,21,4,1,0,0,0,0,0,normal,2026-07-14 07:40:00
DOC028,8.2,349.0,21,4,1,0,0,0,0,0,normal,2026-07-13 08:12:00
DOC028,7.79,395.0,20,4,1,0,0,0,0,0,normal,2026-07-13 07:51:00
DOC028,8.77,337.0,29,4,1,0,0,0,0,0,normal,2026-07-11 08:44:00
DOC028,7.48,366.0,26,4,1,0,0,0,0,0,normal,2026-07-11 07:37:00
DOC028,8.04,361.0,26,6,1,0,0,0,0,0,normal,2026-07-10 08:09:00
DOC028,8.38,398.0,26,5,1,0,0,0,0,0,normal,2026-07-10 08:41:00
DOC028,8.49,378.0,21,5,1,0,0,0,0,0,normal,2026-07-09 08:27:00
DOC028,7.46,331.0,21,4,1,0,0,0,0,0,normal,2026-07-09 07:43:00
DOC028,8.19,407.0,23,6,1,0,0,0,0,0,normal,2026-07-08 08:11:00
DOC028,7.64,358.0,30,4,1,0,0,0,0,0,normal,2026-07-08 07:16:00
DOC028,7.6,365.0,24,4,1,0,0,0,0,0,normal,2026-07-07 07:17:00
DOC028,8.1,386.0,21,5,1,0,0,0,0,0,normal,2026-07-07 08:26:00
DOC028,7.89,385.0,23,5,1,0,0,0,0,0,normal,2026-07-07 07:44:00
DOC028,8.07,399.0,21,5,1,0,0,0,0,0,normal,2026-07-06 08:35:00
DOC028,7.69,358.0,21,5,1,0,0,0,0,0,normal,2026-07-04 07:48:00
DOC028,7.92,316.0,24,5,1,0,0,0,0,0,normal,2026-07-04 07:33:00
DOC028,8.52,324.0,27,5,1,0,0,0,0,0,normal,2026-07-03 08:45:00
DOC028,8.57,353.0,27,6,1,0,0,0,0,0,normal,2026-07-03 08:47:00
DOC028,8.78,407.0,30,5,1,0,0,0,0,0,normal,2026-07-03 08:08:00
DOC028,8.61,378.0,28,4,1,0,0,0,0,0,normal,2026-07-02 08:57:00
DOC028,8.24,396.0,19,5,1,0,0,0,0,0,normal,2026-07-02 08:51:00
DOC028,8.11,356.0,26,4,1,0,0,0,0,0,normal,2026-07-01 08:02:00
DOC028,7.94,399.0,20,5,1,0,0,0,0,0,normal,2026-07-01 07:42:00
DOC028,7.94,425.0,20,5,1,0,0,0,0,0,normal,2026-06-30 07:53:00
DOC028,8.5,347.0,20,4,1,0,0,0,0,0,normal,2026-06-29 08:36:00
DOC028,7.69,421.0,25,5,1,0,0,0,0,0,normal,2026-06-29 07:23:00
DOC028,8.37,417.0,25,6,1,0,0,0,0,0,normal,2026-06-29 08:49:00
DOC028,7.94,409.0,24,5,1,0,0,0,0,0,normal,2026-06-27 07:46:00
DOC028,8.6,326.0,20,6,1,0,0,0,0,0,normal,2026-06-27 08:22:00
DOC028,8.04,326.0,24,5,1,0,0,0,0,0,normal,2026-06-27 08:32:00
DOC028,7.53,388.0,23,6,1,0,0,0,0,0,normal,2026-06-26 07:49:00
DOC028,8.41,354.0,19,6,1,0,0,0,0,0,normal,2026-06-26 08:08:00
DOC028,7.55,351.0,29,4,1,0,0,0,0,0,normal,2026-06-26 07:06:00
DOC028,8.19,372.0,19,4,1,0,0,0,0,0,normal,2026-06-25 08:24:00
DOC028,8.28,405.0,25,5,1,0,0,0,0,0,normal,2026-06-24 08:19:00
DOC028,8.12,376.0,23,5,1,0,0,0,0,0,normal,2026-06-23 08:27:00
DOC028,7.55,403.0,23,4,1,0,0,0,0,0,normal,2026-06-22 07:17:00
DOC028,8.82,316.0,24,4,1,0,0,0,0,0,normal,2026-06-20 08:12:00
DOC028,7.84,335.0,25,4,1,0,0,0,0,0,normal,2026-06-20 07:10:00
DOC028,8.62,399.0,19,5,1,0,0,0,0,0,normal,2026-06-20 08:40:00
DOC028,8.04,352.0,18,4,1,0,0,0,0,0,normal,2026-06-19 08:18:00
DOC028,8.72,388.0,29,6,1,0,0,0,0,0,normal,2026-06-18 08:09:00
DOC028,7.76,329.0,21,5,1,0,0,0,0,0,normal,2026-06-18 07:58:00
DOC028,7.76,393.0,27,4,1,0,0,0,0,0,normal,2026-06-18 07:26:00
DOC028,7.72,333.0,20,4,1,0,0,0,0,0,normal,2026-06-17 07:17:00
DOC028,7.64,367.0,23,6,1,0,0,0,0,0,normal,2026-06-16 07:08:00
DOC028,8.11,360.0,22,6,1,0,0,0,0,0,normal,2026-06-15 08:17:00
DOC028,7.57,330.0,24,4,1,0,0,0,0,0,normal,2026-06-15 07:25:00
DOC028,7.7,393.0,29,5,1,0,0,0,0,0,normal,2026-06-13 07:59:00
DOC028,8.03,368.0,21,4,1,0,0,0,0,0,normal,2026-06-13 08:16:00
DOC028,7.79,408.0,19,5,1,0,0,0,0,0,normal,2026-06-13 07:54:00
DOC028,8.37,319.0,21,6,1,0,0,0,0,0,normal,2026-06-12 08:05:00
DOC028,8.32,365.0,23,6,1,0,0,0,0,0,normal,2026-06-11 08:57:00
DOC028,8.08,330.0,21,6,1,0,0,0,0,0,normal,2026-06-11 08:35:00
DOC028,7.89,423.0,23,6,1,0,0,0,0,0,normal,2026-06-10 07:31:00
DOC028,7.93,322.0,21,6,1,0,0,0,0,0,normal,2026-06-09 07:50:00
DOC028,7.49,396.0,29,4,1,0,0,0,0,0,normal,2026-06-08 07:28:00
DOC028,8.39,416.0,21,4,1,0,0,0,0,0,normal,2026-06-06 08:49:00
DOC028,8.74,418.0,22,5,1,0,0,0,0,0,normal,2026-06-06 08:54:00
DOC028,7.86,341.0,25,4,1,0,0,0,0,0,normal,2026-06-06 07:30:00
DOC028,7.55,397.0,21,6,1,0,0,0,0,0,normal,2026-06-05 07:27:00
DOC028,8.16,328.0,26,4,1,0,0,0,0,0,normal,2026-06-05 08:01:00
DOC028,7.79,427.0,22,5,1,0,0,0,0,0,normal,2026-06-04 07:17:00
DOC028,8.83,345.0,18,6,1,0,0,0,0,0,normal,2026-06-04 08:02:00
DOC028,8.51,419.0,28,4,1,0,0,0,0,0,normal,2026-06-03 08:10:00
DOC028,7.76,411.0,26,5,1,0,0,0,0,0,normal,2026-06-02 07:03:00
DOC028,7.46,384.0,27,4,1,0,0,0,0,0,normal,2026-06-02 07:50:00
DOC028,8.2,370.0,19,6,1,0,0,0,0,0,normal,2026-06-01 08:35:00
DOC028,8.59,356.0,20,4,1,0,0,0,0,0,normal,2026-06-01 08:44:00
DOC028,8.5,353.0,21,4,1,0,0,0,0,0,normal,2026-06-01 08:14:00
DOC028,8.65,334.0,25,6,1,0,0,0,0,0,normal,2026-05-30 08:00:00
DOC028,8.54,344.0,19,5,1,0,0,0,0,0,normal,2026-05-30 08:09:00
DOC028,8.81,362.0,24,4,1,0,0,0,0,0,normal,2026-05-30 08:18:00
DOC028,7.55,365.0,18,5,1,0,0,0,0,0,normal,2026-05-29 07:32:00
DOC028,8.35,389.0,26,6,1,0,0,0,0,0,normal,2026-05-28 08:20:00
DOC028,8.4,360.0,27,5,1,0,0,0,0,0,normal,2026-05-27 08:52:00
DOC028,8.13,373.0,25,6,1,0,0,0,0,0,normal,2026-05-27 08:31:00
DOC029,8.57,600.0,22,3,1,0,0,0,0,0,normal,2026-07-25 08:47:00
DOC029,7.9,589.0,19,4,1,0,0,0,0,0,normal,2026-07-25 07:21:00
DOC029,7.59,572.0,19,2,1,0,0,0,0,0,normal,2026-07-24 07:06:00
DOC029,8.61,591.0,18,2,1,0,0,0,0,0,normal,2026-07-24 08:37:00
DOC029,8.28,579.0,24,3,1,0,0,0,0,0,normal,2026-07-23 08:41:00
DOC029,8.59,577.0,19,4,1,0,0,0,0,0,normal,2026-07-23 08:18:00
DOC029,8.15,593.0,18,2,1,0,0,0,0,0,normal,2026-07-22 08:20:00
DOC029,7.82,589.0,19,3,1,0,0,0,0,0,normal,2026-07-22 07:01:00
DOC029,8.57,499.0,25,3,1,0,0,0,0,0,normal,2026-07-21 08:27:00
DOC029,8.61,547.0,23,3,1,0,0,0,0,0,normal,2026-07-20 08:40:00
DOC029,8.35,601.0,20,3,1,0,0,0,0,0,normal,2026-07-18 08:23:00
DOC029,8.66,524.0,23,3,1,0,0,0,0,0,normal,2026-07-17 08:19:00
DOC029,7.92,617.0,22,3,1,0,0,0,0,0,normal,2026-07-17 07:55:00
DOC029,8.24,569.0,17,4,1,0,0,0,0,0,normal,2026-07-17 08:09:00
DOC029,8.47,615.0,22,4,1,0,0,0,0,0,normal,2026-07-16 08:46:00
DOC029,7.85,578.0,23,3,1,0,0,0,0,0,normal,2026-07-16 07:39:00
DOC029,8.66,591.0,22,4,1,0,0,0,0,0,normal,2026-07-15 08:41:00
DOC029,7.44,501.0,25,4,1,0,0,0,0,0,normal,2026-07-15 07:47:00
DOC029,7.72,569.0,23,2,1,0,0,0,0,0,normal,2026-07-15 07:28:00
DOC029,8.0,618.0,29,2,1,0,0,0,0,0,normal,2026-07-14 07:49:00
DOC029,8.06,540.0,28,3,1,0,0,0,0,0,normal,2026-07-14 08:16:00
DOC029,7.52,563.0,24,4,1,0,0,0,0,0,normal,2026-07-14 07:58:00
DOC029,8.58,581.0,24,3,1,0,0,0,0,0,normal,2026-07-13 08:17:00
DOC029,7.36,552.0,26,2,1,0,0,0,0,0,normal,2026-07-13 07:37:00
DOC029,8.61,560.0,27,4,1,0,0,0,0,0,normal,2026-07-13 08:22:00
DOC029,7.46,562.0,27,3,1,0,0,0,0,0,normal,2026-07-11 07:06:00
DOC029,7.91,501.0,28,4,1,0,0,0,0,0,normal,2026-07-10 07:36:00
DOC029,8.12,511.0,29,2,1,0,0,0,0,0,normal,2026-07-09 08:21:00
DOC029,7.35,499.0,21,2,1,0,0,0,0,0,normal,2026-07-09 07:10:00
DOC029,7.83,538.0,22,3,1,0,0,0,0,0,normal,2026-07-09 07:23:00
DOC029,8.44,542.0,27,2,1,0,0,0,0,0,normal,2026-07-08 08:37:00
DOC029,7.56,601.0,18,3,1,0,0,0,0,0,normal,2026-07-07 07:23:00
DOC029,8.23,592.0,24,2,1,0,0,0,0,0,normal,2026-07-06 08:36:00
DOC029,7.75,515.0,20,2,1,0,0,0,0,0,normal,2026-07-04 07:53:00
DOC029,7.41,563.0,18,3,1,0,0,0,0,0,normal,2026-07-04 07:07:00
DOC029,7.88,609.0,20,3,1,0,0,0,0,0,normal,2026-07-03 07:01:00
DOC029,7.31,610.0,25,2,1,0,0,0,0,0,normal,2026-07-03 07:52:00
DOC029,8.61,531.0,18,2,1,0,0,0,0,0,normal,2026-07-02 08:26:00
DOC029,7.76,536.0,21,2,1,0,0,0,0,0,normal,2026-07-02 07:35:00
DOC029,8.1,559.0,22,4,1,0,0,0,0,0,normal,2026-07-01 08:34:00
DOC029,8.43,520.0,27,4,1,0,0,0,0,0,normal,2026-07-01 08:25:00
DOC029,8.46,575.0,26,3,1,0,0,0,0,0,normal,2026-07-01 08:22:00
DOC029,7.43,567.0,24,2,1,0,0,0,0,0,normal,2026-06-30 07:25:00
DOC029,8.16,590.0,17,4,1,0,0,0,0,0,normal,2026-06-29 08:18:00
DOC029,7.49,571.0,21,3,1,0,0,0,0,0,normal,2026-06-29 07:03:00
DOC029,8.14,521.0,28,2,1,0,0,0,0,0,normal,2026-06-27 08:35:00
DOC029,7.76,534.0,27,3,1,0,0,0,0,0,normal,2026-06-26 07:11:00
DOC029,8.13,512.0,18,2,1,0,0,0,0,0,normal,2026-06-26 08:43:00
DOC029,8.32,580.0,19,2,1,0,0,0,0,0,normal,2026-06-26 08:53:00
DOC029,8.56,572.0,25,2,1,0,0,0,0,0,normal,2026-06-25 08:23:00
DOC029,7.61,587.0,21,3,1,0,0,0,0,0,normal,2026-06-24 07:46:00
DOC029,7.78,575.0,26,4,1,0,0,0,0,0,normal,2026-06-23 07:50:00
DOC029,8.32,536.0,21,2,1,0,0,0,0,0,normal,2026-06-23 08:39:00
DOC029,8.03,560.0,24,2,1,0,0,0,0,0,normal,2026-06-22 08:50:00
DOC029,8.41,566.0,20,2,1,0,0,0,0,0,normal,2026-06-22 08:38:00
DOC029,7.8,548.0,23,4,1,0,0,0,0,0,normal,2026-06-20 07:20:00
DOC029,7.45,554.0,28,4,1,0,0,0,0,0,normal,2026-06-19 07:13:00
DOC029,7.71,522.0,29,2,1,0,0,0,0,0,normal,2026-06-19 07:03:00
DOC029,7.37,607.0,28,4,1,0,0,0,0,0,normal,2026-06-19 07:24:00
DOC029,8.61,601.0,27,3,1,0,0,0,0,0,normal,2026-06-18 08:38:00
DOC029,8.33,501.0,28,4,1,0,0,0,0,0,normal,2026-06-18 08:04:00
DOC029,8.41,564.0,20,3,1,0,0,0,0,0,normal,2026-06-18 08:28:00
DOC029,7.99,597.0,20,4,1,0,0,0,0,0,normal,2026-06-17 07:44:00
DOC029,7.84,537.0,27,2,1,0,0,0,0,0,normal,2026-06-17 07:00:00
DOC029,7.98,522.0,19,3,1,0,0,0,0,0,normal,2026-06-16 07:44:00
DOC029,8.67,499.0,20,3,1,0,0,0,0,0,normal,2026-06-16 08:19:00
DOC029,8.58,604.0,18,2,1,0,0,0,0,0,normal,2026-06-16 08:05:00
DOC029,7.67,538.0,22,2,1,0,0,0,0,0,normal,2026-06-15 07:40:00
DOC029,7.97,582.0,19,3,1,0,0,0,0,0,normal,2026-06-15 07:34:00
DOC029,7.4,611.0,18,3,1,0,0,0,0,0,normal,2026-06-15 07:34:00
DOC029,8.45,567.0,28,3,1,0,0,0,0,0,normal,2026-06-13 08:03:00
DOC029,8.44,509.0,22,4,1,0,0,0,0,0,normal,2026-06-13 08:55:00
DOC029,7.72,505.0,29,2,1,0,0,0,0,0,normal,2026-06-13 07:22:00
DOC029,7.34,551.0,29,4,1,0,0,0,0,0,normal,2026-06-12 07:06:00
DOC029,8.23,547.0,22,4,1,0,0,0,0,0,normal,2026-06-11 08:10:00
DOC029,7.7,607.0,22,2,1,0,0,0,0,0,normal,2026-06-11 07:43:00
DOC029,8.16,547.0,19,2,1,0,0,0,0,0,normal,2026-06-10 08:24:00
DOC029,8.28,556.0,24,2,1,0,0,0,0,0,normal,2026-06-10 08:16:00
DOC029,7.6,557.0,23,3,1,0,0,0,0,0,normal,2026-06-10 07:10:00
DOC029,8.55,618.0,21,2,1,0,0,0,0,0,normal,2026-06-09 08:11:00
DOC029,8.62,587.0,19,4,1,0,0,0,0,0,normal,2026-06-09 08:38:00
DOC029,7.47,537.0,26,4,1,0,0,0,0,0,normal,2026-06-09 07:28:00
DOC029,7.87,549.0,29,2,1,0,0,0,0,0,normal,2026-06-08 07:17:00
DOC029,8.45,601.0,22,4,1,0,0,0,0,0,normal,2026-06-08 08:19:00
DOC029,8.04,614.0,24,2,1,0,0,0,0,0,normal,2026-06-08 08:31:00
DOC029,7.29,529.0,26,3,1,0,0,0,0,0,normal,2026-06-06 07:45:00
DOC029,8.16,555.0,26,3,1,0,0,0,0,0,normal,2026-06-06 08:56:00
DOC029,7.99,596.0,22,3,1,0,0,0,0,0,normal,2026-06-06 07:57:00
DOC029,7.49,571.0,20,2,1,0,0,0,0,0,normal,2026-06-05 07:12:00
DOC029,7.65,515.0,22,2,1,0,0,0,0,0,normal,2026-06-05 07:37:00
DOC029,8.43,605.0,21,2,1,0,0,0,0,0,normal,2026-06-05 08:41:00
DOC029,7.51,530.0,19,3,1,0,0,0,0,0,normal,2026-06-04 07:28:00
DOC029,8.56,512.0,26,4,1,0,0,0,0,0,normal,2026-06-04 08:30:00
DOC029,7.46,587.0,26,2,1,0,0,0,0,0,normal,2026-06-03 07:41:00
DOC029,8.02,605.0,23,2,1,0,0,0,0,0,normal,2026-06-02 08:21:00
DOC029,8.02,509.0,23,3,1,0,0,0,0,0,normal,2026-06-02 08:24:00
DOC029,8.61,548.0,21,4,1,0,0,0,0,0,normal,2026-06-02 08:01:00
DOC029,7.47,579.0,22,3,1,0,0,0,0,0,normal,2026-06-01 07:32:00
DOC029,8.53,589.0,22,4,1,0,0,0,0,0,normal,2026-05-30 08:20:00
DOC029,7.9,517.0,28,3,1,0,0,0,0,0,normal,2026-05-30 07:21:00
DOC029,8.18,537.0,25,4,1,0,0,0,0,0,normal,2026-05-30 08:09:00
DOC029,7.68,506.0,28,3,1,0,0,0,0,0,normal,2026-05-29 07:38:00
DOC029,7.68,525.0,19,4,1,0,0,0,0,0,normal,2026-05-29 07:47:00
DOC029,7.56,538.0,22,2,1,0,0,0,0,0,normal,2026-05-28 07:51:00
DOC029,8.05,566.0,18,2,1,0,0,0,0,0,normal,2026-05-27 08:13:00
DOC030,7.88,381.0,27,3,1,0,0,0,0,0,normal,2026-07-25 07:13:00
DOC030,8.05,432.0,23,5,1,0,0,0,0,0,normal,2026-07-24 08:03:00
DOC030,8.67,382.0,24,4,1,0,0,0,0,0,normal,2026-07-24 08:09:00
DOC030,8.79,362.0,20,5,1,0,0,0,0,0,normal,2026-07-24 08:55:00
DOC030,8.17,389.0,20,5,1,0,0,0,0,0,normal,2026-07-23 08:34:00
DOC030,7.92,381.0,22,3,1,0,0,0,0,0,normal,2026-07-23 07:42:00
DOC030,8.81,388.0,26,4,1,0,0,0,0,0,normal,2026-07-22 08:18:00
DOC030,8.7,463.0,23,4,1,0,0,0,0,0,normal,2026-07-22 08:47:00
DOC030,8.33,433.0,22,4,1,0,0,0,0,0,normal,2026-07-22 08:09:00
DOC030,7.83,409.0,23,5,1,0,0,0,0,0,normal,2026-07-21 07:44:00
DOC030,8.99,444.0,30,5,1,0,0,0,0,0,normal,2026-07-21 08:08:00
DOC030,8.91,400.0,28,3,1,0,0,0,0,0,normal,2026-07-20 08:37:00
DOC030,8.01,413.0,26,4,1,0,0,0,0,0,normal,2026-07-20 08:06:00
DOC030,9.09,478.0,26,3,1,0,0,0,0,0,normal,2026-07-18 09:37:00
DOC030,8.36,410.0,24,5,1,0,0,0,0,0,normal,2026-07-18 08:07:00
DOC030,7.87,391.0,22,3,1,0,0,0,0,0,normal,2026-07-18 07:00:00
DOC030,8.55,360.0,20,3,1,0,0,0,0,0,normal,2026-07-17 08:21:00
DOC030,7.74,454.0,20,4,1,0,0,0,0,0,normal,2026-07-16 07:55:00
DOC030,8.62,428.0,24,4,1,0,0,0,0,0,normal,2026-07-16 08:09:00
DOC030,8.65,459.0,30,4,1,0,0,0,0,0,normal,2026-07-15 08:58:00
DOC030,8.7,444.0,19,3,1,0,0,0,0,0,normal,2026-07-14 08:06:00
DOC030,8.82,460.0,24,4,1,0,0,0,0,0,normal,2026-07-14 08:54:00
DOC030,8.89,474.0,27,3,1,0,0,0,0,0,normal,2026-07-14 08:34:00
DOC030,8.86,373.0,30,5,1,0,0,0,0,0,normal,2026-07-13 08:41:00
DOC030,8.53,409.0,31,4,1,0,0,0,0,0,normal,2026-07-13 08:51:00
DOC030,8.54,454.0,30,5,1,0,0,0,0,0,normal,2026-07-11 08:41:00
DOC030,9.01,375.0,28,5,1,0,0,0,0,0,normal,2026-07-11 09:52:00
DOC030,7.8,427.0,23,5,1,0,0,0,0,0,normal,2026-07-10 07:53:00
DOC030,8.09,404.0,26,5,1,0,0,0,0,0,normal,2026-07-10 08:30:00
DOC030,8.82,435.0,20,5,1,0,0,0,0,0,normal,2026-07-10 08:46:00
DOC030,7.83,399.0,26,5,1,0,0,0,0,0,normal,2026-07-09 07:06:00
DOC030,9.07,457.0,25,5,1,0,0,0,0,0,normal,2026-07-08 09:24:00
DOC030,7.72,436.0,29,5,1,0,0,0,0,0,normal,2026-07-08 07:32:00
DOC030,8.79,401.0,24,4,1,0,0,0,0,0,normal,2026-07-07 08:34:00
DOC030,8.28,439.0,20,5,1,0,0,0,0,0,normal,2026-07-07 08:30:00
DOC030,9.08,471.0,23,5,1,0,0,0,0,0,normal,2026-07-06 09:21:00
DOC030,8.39,476.0,26,5,1,0,0,0,0,0,normal,2026-07-06 08:20:00
DOC030,8.64,473.0,30,3,1,0,0,0,0,0,normal,2026-07-06 08:59:00
DOC030,8.59,440.0,19,4,1,0,0,0,0,0,normal,2026-07-04 08:45:00
DOC030,8.58,381.0,23,5,1,0,0,0,0,0,normal,2026-07-04 08:33:00
DOC030,8.64,427.0,27,4,1,0,0,0,0,0,normal,2026-07-03 08:23:00
DOC030,8.31,371.0,30,5,1,0,0,0,0,0,normal,2026-07-02 08:27:00
DOC030,8.57,398.0,29,5,1,0,0,0,0,0,normal,2026-07-01 08:59:00
DOC030,8.73,397.0,24,4,1,0,0,0,0,0,normal,2026-07-01 08:39:00
DOC030,7.71,463.0,28,5,1,0,0,0,0,0,normal,2026-06-30 07:37:00
DOC030,8.38,418.0,28,3,1,0,0,0,0,0,normal,2026-06-30 08:42:00
DOC030,7.97,395.0,28,3,1,0,0,0,0,0,normal,2026-06-29 07:57:00
DOC030,8.72,390.0,26,4,1,0,0,0,0,0,normal,2026-06-29 08:19:00
DOC030,8.99,473.0,23,5,1,0,0,0,0,0,normal,2026-06-27 08:58:00
DOC030,8.24,443.0,20,5,1,0,0,0,0,0,normal,2026-06-27 08:36:00
DOC030,8.09,403.0,30,3,1,0,0,0,0,0,normal,2026-06-26 08:00:00
DOC030,7.78,424.0,22,3,1,0,0,0,0,0,normal,2026-06-26 07:30:00
DOC030,9.09,423.0,25,4,1,0,0,0,0,0,normal,2026-06-25 09:14:00
DOC030,7.72,438.0,22,5,1,0,0,0,0,0,normal,2026-06-24 07:52:00
DOC030,9.09,388.0,24,3,1,0,0,0,0,0,normal,2026-06-24 09:52:00
DOC030,7.9,434.0,25,4,1,0,0,0,0,0,normal,2026-06-24 07:57:00
DOC030,8.88,460.0,21,5,1,0,0,0,0,0,normal,2026-06-23 08:16:00
DOC030,8.95,455.0,26,3,1,0,0,0,0,0,normal,2026-06-22 08:46:00
DOC030,8.45,459.0,29,3,1,0,0,0,0,0,normal,2026-06-22 08:49:00
DOC030,8.28,476.0,29,4,1,0,0,0,0,0,normal,2026-06-20 08:47:00
DOC030,8.9,475.0,27,5,1,0,0,0,0,0,normal,2026-06-20 08:13:00
DOC030,8.17,365.0,23,5,1,0,0,0,0,0,normal,2026-06-19 08:15:00
DOC030,8.3,470.0,25,3,1,0,0,0,0,0,normal,2026-06-19 08:44:00
DOC030,8.15,450.0,22,4,1,0,0,0,0,0,normal,2026-06-18 08:13:00
DOC030,8.78,418.0,22,4,1,0,0,0,0,0,normal,2026-06-18 08:29:00
DOC030,8.04,476.0,31,3,1,0,0,0,0,0,normal,2026-06-17 08:43:00
DOC030,7.75,412.0,26,4,1,0,0,0,0,0,normal,2026-06-17 07:08:00
DOC030,8.33,409.0,30,3,1,0,0,0,0,0,normal,2026-06-16 08:44:00
DOC030,7.87,456.0,31,5,1,0,0,0,0,0,normal,2026-06-15 07:18:00
DOC030,8.99,476.0,20,4,1,0,0,0,0,0,normal,2026-06-15 08:26:00
DOC030,8.44,407.0,23,3,1,0,0,0,0,0,normal,2026-06-15 08:34:00
DOC030,7.93,408.0,31,4,1,0,0,0,0,0,normal,2026-06-13 07:22:00
DOC030,7.91,472.0,22,3,1,0,0,0,0,0,normal,2026-06-13 07:53:00
DOC030,8.22,475.0,28,3,1,0,0,0,0,0,normal,2026-06-13 08:43:00
DOC030,7.72,360.0,21,3,1,0,0,0,0,0,normal,2026-06-12 07:28:00
DOC030,8.58,456.0,26,5,1,0,0,0,0,0,normal,2026-06-12 08:53:00
DOC030,8.52,461.0,29,3,1,0,0,0,0,0,normal,2026-06-12 08:26:00
DOC030,8.81,394.0,25,5,1,0,0,0,0,0,normal,2026-06-11 08:47:00
DOC030,8.47,365.0,25,4,1,0,0,0,0,0,normal,2026-06-10 08:24:00
DOC030,7.82,451.0,20,4,1,0,0,0,0,0,normal,2026-06-10 07:51:00
DOC030,8.32,408.0,19,4,1,0,0,0,0,0,normal,2026-06-10 08:00:00
DOC030,7.83,472.0,29,5,1,0,0,0,0,0,normal,2026-06-09 07:56:00
DOC030,8.42,368.0,29,4,1,0,0,0,0,0,normal,2026-06-08 08:25:00
DOC030,7.82,411.0,28,3,1,0,0,0,0,0,normal,2026-06-08 07:50:00
DOC030,8.66,388.0,30,5,1,0,0,0,0,0,normal,2026-06-08 08:44:00
DOC030,7.81,366.0,27,4,1,0,0,0,0,0,normal,2026-06-06 07:23:00
DOC030,8.73,434.0,22,4,1,0,0,0,0,0,normal,2026-06-06 08:56:00
DOC030,8.19,367.0,26,5,1,0,0,0,0,0,normal,2026-06-06 08:58:00
DOC030,8.68,447.0,28,5,1,0,0,0,0,0,normal,2026-06-05 08:45:00
DOC030,8.05,425.0,22,3,1,0,0,0,0,0,normal,2026-06-05 08:19:00
DOC030,8.87,435.0,22,4,1,0,0,0,0,0,normal,2026-06-04 08:32:00
DOC030,7.72,453.0,20,5,1,0,0,0,0,0,normal,2026-06-04 07:04:00
DOC030,8.01,389.0,27,3,1,0,0,0,0,0,normal,2026-06-04 08:17:00
DOC030,8.87,398.0,24,4,1,0,0,0,0,0,normal,2026-06-03 08:50:00
DOC030,8.02,411.0,25,5,1,0,0,0,0,0,normal,2026-06-02 08:10:00
DOC030,8.56,450.0,30,5,1,0,0,0,0,0,normal,2026-06-02 08:41:00
DOC030,8.42,415.0,30,3,1,0,0,0,0,0,normal,2026-06-02 08:06:00
DOC030,8.43,379.0,24,5,1,0,0,0,0,0,normal,2026-06-01 08:09:00
DOC030,8.64,436.0,19,4,1,0,0,0,0,0,normal,2026-05-30 08:12:00
DOC030,8.86,383.0,22,3,1,0,0,0,0,0,normal,2026-05-30 08:20:00
DOC030,8.51,421.0,27,4,1,0,0,0,0,0,normal,2026-05-29 08:49:00
DOC030,8.87,477.0,24,4,1,0,0,0,0,0,normal,2026-05-29 08:09:00
DOC030,8.07,382.0,27,4,1,0,0,0,0,0,normal,2026-05-29 08:52:00
DOC030,9.02,417.0,19,3,1,0,0,0,0,0,normal,2026-05-28 09:04:00
DOC030,8.47,434.0,21,5,1,0,0,0,0,0,normal,2026-05-28 08:12:00
DOC030,8.1,453.0,31,4,1,0,0,0,0,0,normal,2026-05-28 08:33:00
DOC030,8.67,397.0,22,5,1,0,0,0,0,0,normal,2026-05-27 08:03:00
DOC030,8.9,468.0,20,4,1,0,0,0,0,0,normal,2026-05-27 08:49:00
DOC031,8.79,426.0,41,4,1,0,0,0,0,0,normal,2026-07-25 08:18:00
DOC031,7.78,371.0,42,3,1,0,0,0,0,0,normal,2026-07-24 07:28:00
DOC031,8.18,451.0,37,4,1,0,0,0,0,0,normal,2026-07-24 08:52:00
DOC031,8.02,429.0,44,3,1,0,0,0,0,0,normal,2026-07-24 08:30:00
DOC031,7.45,439.0,39,2,1,0,0,0,0,0,normal,2026-07-23 07:35:00
DOC031,7.6,427.0,45,4,1,0,0,0,0,0,normal,2026-07-22 07:34:00
DOC031,8.73,451.0,42,3,1,0,0,0,0,0,normal,2026-07-22 08:07:00
DOC031,8.12,450.0,35,3,1,0,0,0,0,0,normal,2026-07-21 08:08:00
DOC031,7.58,424.0,34,3,1,0,0,0,0,0,normal,2026-07-20 07:09:00
DOC031,7.88,390.0,42,4,1,0,0,0,0,0,normal,2026-07-20 07:56:00
DOC031,7.67,449.0,46,3,1,0,0,0,0,0,normal,2026-07-20 07:25:00
DOC031,8.82,440.0,43,4,1,0,0,0,0,0,normal,2026-07-18 08:32:00
DOC031,7.59,458.0,34,4,1,0,0,0,0,0,normal,2026-07-18 07:54:00
DOC031,7.65,444.0,43,2,1,0,0,0,0,0,normal,2026-07-17 07:19:00
DOC031,7.58,383.0,45,2,1,0,0,0,0,0,normal,2026-07-16 07:46:00
DOC031,8.51,453.0,36,3,1,0,0,0,0,0,normal,2026-07-16 08:36:00
DOC031,8.28,449.0,42,2,1,0,0,0,0,0,normal,2026-07-15 08:09:00
DOC031,8.25,457.0,42,4,1,0,0,0,0,0,normal,2026-07-14 08:18:00
DOC031,7.54,458.0,46,2,1,0,0,0,0,0,normal,2026-07-14 07:44:00
DOC031,8.3,380.0,43,2,1,0,0,0,0,0,normal,2026-07-13 08:53:00
DOC031,8.39,452.0,36,4,1,0,0,0,0,0,normal,2026-07-13 08:08:00
DOC031,8.46,407.0,40,4,1,0,0,0,0,0,normal,2026-07-11 08:45:00
DOC031,8.29,375.0,36,3,1,0,0,0,0,0,normal,2026-07-11 08:39:00
DOC031,7.55,453.0,35,4,1,0,0,0,0,0,normal,2026-07-10 07:03:00
DOC031,8.63,466.0,38,2,1,0,0,0,0,0,normal,2026-07-10 08:54:00
DOC031,7.62,386.0,44,2,1,0,0,0,0,0,normal,2026-07-10 07:22:00
DOC031,8.3,405.0,37,4,1,0,0,0,0,0,normal,2026-07-09 08:26:00
DOC031,7.51,440.0,39,3,1,0,0,0,0,0,normal,2026-07-09 07:20:00
DOC031,7.89,434.0,41,2,1,0,0,0,0,0,normal,2026-07-08 07:44:00
DOC031,7.69,406.0,40,4,1,0,0,0,0,0,normal,2026-07-08 07:52:00
DOC031,8.38,459.0,43,3,1,0,0,0,0,0,normal,2026-07-08 08:54:00
DOC031,7.79,438.0,42,2,1,0,0,0,0,0,normal,2026-07-07 07:38:00
DOC031,8.64,369.0,35,2,1,0,0,0,0,0,normal,2026-07-06 08:21:00
DOC031,8.03,413.0,34,4,1,0,0,0,0,0,normal,2026-07-04 08:31:00
DOC031,7.68,387.0,43,2,1,0,0,0,0,0,normal,2026-07-04 07:59:00
DOC031,7.87,452.0,42,2,1,0,0,0,0,0,normal,2026-07-04 07:40:00
DOC031,8.43,466.0,42,4,1,0,0,0,0,0,normal,2026-07-03 08:29:00
DOC031,7.81,399.0,45,3,1,0,0,0,0,0,normal,2026-07-03 07:12:00
DOC031,8.28,410.0,38,4,1,0,0,0,0,0,normal,2026-07-03 08:05:00
DOC031,7.53,416.0,38,2,1,0,0,0,0,0,normal,2026-07-02 07:27:00
DOC031,8.46,406.0,42,2,1,0,0,0,0,0,normal,2026-07-01 08:06:00
DOC031,8.09,446.0,44,4,1,0,0,0,0,0,normal,2026-07-01 08:21:00
DOC031,7.83,408.0,36,3,1,0,0,0,0,0,normal,2026-07-01 07:26:00
DOC031,8.12,382.0,40,2,1,0,0,0,0,0,normal,2026-06-30 08:26:00
DOC031,7.8,466.0,43,4,1,0,0,0,0,0,normal,2026-06-30 07:36:00
DOC031,8.12,365.0,37,2,1,0,0,0,0,0,normal,2026-06-30 08:31:00
DOC031,7.77,389.0,44,4,1,0,0,0,0,0,normal,2026-06-29 07:09:00
DOC031,8.71,478.0,36,2,1,0,0,0,0,0,normal,2026-06-29 08:09:00
DOC031,8.47,438.0,39,3,1,0,0,0,0,0,normal,2026-06-29 08:35:00
DOC031,7.69,461.0,44,4,1,0,0,0,0,0,normal,2026-06-27 07:02:00
DOC031,7.79,408.0,42,2,1,0,0,0,0,0,normal,2026-06-27 07:17:00
DOC031,8.28,457.0,39,2,1,0,0,0,0,0,normal,2026-06-27 08:31:00
DOC031,7.91,472.0,46,2,1,0,0,0,0,0,normal,2026-06-26 07:43:00
DOC031,7.49,424.0,45,3,1,0,0,0,0,0,normal,2026-06-26 07:08:00
DOC031,7.66,463.0,39,3,1,0,0,0,0,0,normal,2026-06-26 07:04:00
DOC031,8.84,463.0,37,3,1,0,0,0,0,0,normal,2026-06-25 08:42:00
DOC031,8.55,363.0,46,3,1,0,0,0,0,0,normal,2026-06-24 08:19:00
DOC031,8.74,469.0,37,2,1,0,0,0,0,0,normal,2026-06-23 08:54:00
DOC031,8.45,434.0,39,3,1,0,0,0,0,0,normal,2026-06-23 08:42:00
DOC031,7.75,371.0,39,3,1,0,0,0,0,0,normal,2026-06-22 07:40:00
DOC031,8.32,403.0,44,4,1,0,0,0,0,0,normal,2026-06-22 08:36:00
DOC031,7.6,471.0,46,2,1,0,0,0,0,0,normal,2026-06-20 07:06:00
DOC031,8.46,369.0,43,4,1,0,0,0,0,0,normal,2026-06-20 08:28:00
DOC031,7.45,476.0,45,4,1,0,0,0,0,0,normal,2026-06-20 07:16:00
DOC031,7.68,435.0,43,3,1,0,0,0,0,0,normal,2026-06-19 07:15:00
DOC031,8.07,373.0,44,2,1,0,0,0,0,0,normal,2026-06-19 08:39:00
DOC031,8.75,428.0,42,2,1,0,0,0,0,0,normal,2026-06-18 08:11:00
DOC031,8.45,403.0,46,2,1,0,0,0,0,0,normal,2026-06-18 08:43:00
DOC031,8.64,444.0,35,2,1,0,0,0,0,0,normal,2026-06-17 08:30:00
DOC031,8.22,461.0,40,3,1,0,0,0,0,0,normal,2026-06-16 08:47:00
DOC031,7.79,374.0,35,2,1,0,0,0,0,0,normal,2026-06-16 07:30:00
DOC031,7.56,426.0,41,2,1,0,0,0,0,0,normal,2026-06-15 07:21:00
DOC031,8.38,367.0,42,3,1,0,0,0,0,0,normal,2026-06-15 08:23:00
DOC031,8.77,413.0,46,3,1,0,0,0,0,0,normal,2026-06-15 08:46:00
DOC031,8.75,434.0,36,3,1,0,0,0,0,0,normal,2026-06-13 08:45:00
DOC031,7.78,388.0,43,4,1,0,0,0,0,0,normal,2026-06-13 07:37:00
DOC031,8.81,363.0,42,3,1,0,0,0,0,0,normal,2026-06-12 08:13:00
DOC031,8.32,386.0,39,3,1,0,0,0,0,0,normal,2026-06-12 08:50:00
DOC031,7.83,453.0,43,3,1,0,0,0,0,0,normal,2026-06-11 07:45:00
DOC031,8.07,411.0,37,2,1,0,0,0,0,0,normal,2026-06-11 08:38:00
DOC031,7.58,410.0,36,4,1,0,0,0,0,0,normal,2026-06-11 07:13:00
DOC031,8.28,393.0,40,2,1,0,0,0,0,0,normal,2026-06-10 08:32:00
DOC031,7.49,429.0,36,4,1,0,0,0,0,0,normal,2026-06-10 07:54:00
DOC031,8.83,429.0,38,4,1,0,0,0,0,0,normal,2026-06-09 08:48:00
DOC031,8.68,435.0,37,4,1,0,0,0,0,0,normal,2026-06-09 08:36:00
DOC031,7.71,467.0,45,3,1,0,0,0,0,0,normal,2026-06-08 07:26:00
DOC031,7.85,472.0,43,4,1,0,0,0,0,0,normal,2026-06-08 07:15:00
DOC031,8.15,462.0,37,2,1,0,0,0,0,0,normal,2026-06-06 08:03:00
DOC031,7.96,449.0,45,2,1,0,0,0,0,0,normal,2026-06-06 07:25:00
DOC031,8.15,370.0,41,3,1,0,0,0,0,0,normal,2026-06-05 08:50:00
DOC031,7.73,377.0,36,2,1,0,0,0,0,0,normal,2026-06-05 07:58:00
DOC031,7.52,376.0,36,4,1,0,0,0,0,0,normal,2026-06-04 07:10:00
DOC031,8.47,415.0,40,4,1,0,0,0,0,0,normal,2026-06-04 08:15:00
DOC031,7.56,411.0,39,3,1,0,0,0,0,0,normal,2026-06-03 07:22:00
DOC031,7.99,417.0,46,3,1,0,0,0,0,0,normal,2026-06-03 07:55:00
DOC031,7.89,433.0,39,4,1,0,0,0,0,0,normal,2026-06-02 07:37:00
DOC031,8.32,375.0,35,2,1,0,0,0,0,0,normal,2026-06-01 08:50:00
DOC031,8.53,452.0,44,3,1,0,0,0,0,0,normal,2026-05-30 08:55:00
DOC031,8.72,408.0,44,4,1,0,0,0,0,0,normal,2026-05-30 08:39:00
DOC031,8.21,375.0,37,4,1,0,0,0,0,0,normal,2026-05-29 08:10:00
DOC031,7.7,365.0,37,3,1,0,0,0,0,0,normal,2026-05-29 07:34:00
DOC031,7.54,414.0,44,2,1,0,0,0,0,0,normal,2026-05-29 07:58:00
DOC031,8.22,427.0,43,3,1,0,0,0,0,0,normal,2026-05-28 08:49:00
DOC031,7.94,477.0,42,2,1,0,0,0,0,0,normal,2026-05-27 07:16:00
DOC032,10.43,404.0,10,5,1,0,0,0,0,0,normal,2026-07-25 10:22:00
DOC032,9.81,475.0,9,5,1,0,0,0,0,0,normal,2026-07-25 09:17:00
DOC032,9.4,431.0,14,6,1,0,0,0,0,0,normal,2026-07-24 09:15:00
DOC032,9.87,439.0,11,5,1,0,0,0,0,0,normal,2026-07-23 09:30:00
DOC032,9.6,410.0,16,4,1,0,0,0,0,0,normal,2026-07-22 09:34:00
DOC032,9.9,385.0,17,5,1,0,0,0,0,0,normal,2026-07-22 09:54:00
DOC032,9.46,450.0,12,6,1,0,0,0,0,0,normal,2026-07-22 09:20:00
DOC032,9.42,402.0,10,4,1,0,0,0,0,0,normal,2026-07-21 09:47:00
DOC032,9.23,401.0,12,5,1,0,0,0,0,0,normal,2026-07-21 09:17:00
DOC032,9.31,399.0,13,5,1,0,0,0,0,0,normal,2026-07-21 09:49:00
DOC032,9.45,484.0,12,6,1,0,0,0,0,0,normal,2026-07-20 09:02:00
DOC032,9.97,369.0,9,6,1,0,0,0,0,0,normal,2026-07-18 09:55:00
DOC032,10.31,441.0,16,4,1,0,0,0,0,0,normal,2026-07-17 10:32:00
DOC032,10.37,433.0,19,6,1,0,0,0,0,0,normal,2026-07-17 10:41:00
DOC032,9.34,489.0,19,6,1,0,0,0,0,0,normal,2026-07-17 09:45:00
DOC032,10.34,389.0,18,6,1,0,0,0,0,0,normal,2026-07-16 10:24:00
DOC032,9.1,478.0,15,6,1,0,0,0,0,0,normal,2026-07-15 09:01:00
DOC032,9.43,407.0,19,4,1,0,0,0,0,0,normal,2026-07-15 09:16:00
DOC032,9.75,385.0,12,6,1,0,0,0,0,0,normal,2026-07-15 09:14:00
DOC032,10.0,465.0,12,6,1,0,0,0,0,0,normal,2026-07-14 09:17:00
DOC032,9.64,439.0,20,6,1,0,0,0,0,0,normal,2026-07-14 09:28:00
DOC032,9.73,482.0,10,5,1,0,0,0,0,0,normal,2026-07-14 09:20:00
DOC032,10.1,440.0,14,6,1,0,0,0,0,0,normal,2026-07-13 10:17:00
DOC032,9.79,451.0,17,5,1,0,0,0,0,0,normal,2026-07-13 09:01:00
DOC032,10.47,380.0,10,6,1,0,0,0,0,0,normal,2026-07-13 10:02:00
DOC032,9.4,405.0,17,4,1,0,0,0,0,0,normal,2026-07-11 09:09:00
DOC032,9.88,470.0,10,6,1,0,0,0,0,0,normal,2026-07-10 09:03:00
DOC032,10.33,481.0,10,4,1,0,0,0,0,0,normal,2026-07-10 10:37:00
DOC032,10.19,422.0,10,5,1,0,0,0,0,0,normal,2026-07-10 10:51:00
DOC032,9.79,453.0,17,6,1,0,0,0,0,0,normal,2026-07-09 09:52:00
DOC032,10.12,449.0,9,5,1,0,0,0,0,0,normal,2026-07-08 10:00:00
DOC032,9.55,372.0,18,4,1,0,0,0,0,0,normal,2026-07-08 09:15:00
DOC032,9.21,453.0,12,6,1,0,0,0,0,0,normal,2026-07-08 09:30:00
DOC032,9.35,421.0,17,5,1,0,0,0,0,0,normal,2026-07-07 09:05:00
DOC032,9.92,381.0,16,6,1,0,0,0,0,0,normal,2026-07-06 09:34:00
DOC032,9.61,411.0,17,6,1,0,0,0,0,0,normal,2026-07-04 09:35:00
DOC032,9.79,378.0,15,5,1,0,0,0,0,0,normal,2026-07-04 09:40:00
DOC032,10.46,414.0,16,5,1,0,0,0,0,0,normal,2026-07-04 10:54:00
DOC032,10.37,450.0,11,5,1,0,0,0,0,0,normal,2026-07-03 10:59:00
DOC032,9.27,411.0,19,6,1,0,0,0,0,0,normal,2026-07-02 09:34:00
DOC032,9.19,379.0,15,6,1,0,0,0,0,0,normal,2026-07-02 09:20:00
DOC032,9.34,477.0,11,5,1,0,0,0,0,0,normal,2026-07-02 09:25:00
DOC032,10.39,410.0,16,4,1,0,0,0,0,0,normal,2026-07-01 10:54:00
DOC032,10.15,443.0,18,6,1,0,0,0,0,0,normal,2026-07-01 10:49:00
DOC032,9.91,440.0,14,5,1,0,0,0,0,0,normal,2026-07-01 09:41:00
DOC032,10.41,403.0,13,4,1,0,0,0,0,0,normal,2026-06-30 10:22:00
DOC032,9.79,487.0,17,6,1,0,0,0,0,0,normal,2026-06-29 09:17:00
DOC032,9.26,376.0,11,5,1,0,0,0,0,0,normal,2026-06-29 09:37:00
DOC032,9.3,461.0,13,6,1,0,0,0,0,0,normal,2026-06-27 09:33:00
DOC032,9.75,379.0,12,6,1,0,0,0,0,0,normal,2026-06-26 09:17:00
DOC032,9.4,457.0,17,6,1,0,0,0,0,0,normal,2026-06-26 09:13:00
DOC032,9.9,471.0,18,4,1,0,0,0,0,0,normal,2026-06-25 09:33:00
DOC032,10.36,375.0,12,4,1,0,0,0,0,0,normal,2026-06-25 10:18:00
DOC032,9.65,374.0,16,6,1,0,0,0,0,0,normal,2026-06-25 09:43:00
DOC032,9.46,445.0,19,4,1,0,0,0,0,0,normal,2026-06-24 09:16:00
DOC032,9.9,434.0,20,5,1,0,0,0,0,0,normal,2026-06-23 09:59:00
DOC032,9.98,408.0,9,5,1,0,0,0,0,0,normal,2026-06-23 09:53:00
DOC032,9.13,456.0,15,5,1,0,0,0,0,0,normal,2026-06-22 09:51:00
DOC032,9.83,401.0,20,5,1,0,0,0,0,0,normal,2026-06-22 09:35:00
DOC032,9.6,443.0,19,4,1,0,0,0,0,0,normal,2026-06-20 09:07:00
DOC032,9.15,439.0,18,5,1,0,0,0,0,0,normal,2026-06-20 09:33:00
DOC032,9.43,399.0,11,6,1,0,0,0,0,0,normal,2026-06-20 09:06:00
DOC032,10.18,431.0,19,4,1,0,0,0,0,0,normal,2026-06-19 10:31:00
DOC032,9.79,467.0,14,4,1,0,0,0,0,0,normal,2026-06-18 09:52:00
DOC032,9.37,379.0,20,6,1,0,0,0,0,0,normal,2026-06-17 09:03:00
DOC032,9.58,432.0,11,4,1,0,0,0,0,0,normal,2026-06-17 09:12:00
DOC032,9.19,403.0,19,6,1,0,0,0,0,0,normal,2026-06-17 09:09:00
DOC032,9.27,461.0,21,6,1,0,0,0,0,0,normal,2026-06-16 09:22:00
DOC032,9.61,416.0,13,5,1,0,0,0,0,0,normal,2026-06-15 09:16:00
DOC032,9.53,386.0,16,5,1,0,0,0,0,0,normal,2026-06-15 09:12:00
DOC032,9.56,380.0,11,5,1,0,0,0,0,0,normal,2026-06-13 09:31:00
DOC032,10.0,407.0,20,5,1,0,0,0,0,0,normal,2026-06-12 09:37:00
DOC032,10.32,487.0,11,4,1,0,0,0,0,0,normal,2026-06-12 10:11:00
DOC032,9.68,385.0,19,4,1,0,0,0,0,0,normal,2026-06-11 09:20:00
DOC032,9.43,468.0,20,5,1,0,0,0,0,0,normal,2026-06-11 09:20:00
DOC032,9.11,388.0,12,4,1,0,0,0,0,0,normal,2026-06-10 09:57:00
DOC032,9.49,411.0,14,4,1,0,0,0,0,0,normal,2026-06-10 09:32:00
DOC032,9.7,469.0,10,5,1,0,0,0,0,0,normal,2026-06-09 09:24:00
DOC032,10.11,476.0,15,6,1,0,0,0,0,0,normal,2026-06-08 10:31:00
DOC032,9.94,370.0,21,4,1,0,0,0,0,0,normal,2026-06-06 09:02:00
DOC032,10.09,409.0,18,5,1,0,0,0,0,0,normal,2026-06-06 10:54:00
DOC032,9.64,466.0,18,6,1,0,0,0,0,0,normal,2026-06-05 09:32:00
DOC032,9.64,407.0,16,5,1,0,0,0,0,0,normal,2026-06-04 09:40:00
DOC032,9.56,478.0,18,4,1,0,0,0,0,0,normal,2026-06-03 09:33:00
DOC032,9.96,382.0,9,6,1,0,0,0,0,0,normal,2026-06-02 09:30:00
DOC032,9.25,410.0,12,6,1,0,0,0,0,0,normal,2026-06-02 09:07:00
DOC032,9.9,395.0,12,5,1,0,0,0,0,0,normal,2026-06-02 09:11:00
DOC032,9.94,393.0,19,4,1,0,0,0,0,0,normal,2026-06-01 09:57:00
DOC032,9.47,451.0,19,6,1,0,0,0,0,0,normal,2026-06-01 09:55:00
DOC032,9.49,383.0,16,6,1,0,0,0,0,0,normal,2026-06-01 09:18:00
DOC032,9.39,395.0,18,4,1,0,0,0,0,0,normal,2026-05-30 09:19:00
DOC032,9.21,376.0,21,6,1,0,0,0,0,0,normal,2026-05-30 09:23:00
DOC032,9.78,472.0,21,5,1,0,0,0,0,0,normal,2026-05-30 09:20:00
DOC032,10.41,473.0,16,4,1,0,0,0,0,0,normal,2026-05-29 10:38:00
DOC032,9.23,468.0,17,5,1,0,0,0,0,0,normal,2026-05-28 09:03:00
DOC032,9.65,372.0,17,4,1,0,0,0,0,0,normal,2026-05-27 09:03:00
DOC032,10.09,381.0,13,5,1,0,0,0,0,0,normal,2026-05-27 10:56:00
DOC032,9.17,426.0,11,6,1,0,0,0,0,0,normal,2026-05-27 09:37:00
DOC033,7.63,383.0,17,3,1,0,0,0,0,0,normal,2026-07-25 07:35:00
DOC033,7.88,378.0,12,3,1,0,0,0,0,0,normal,2026-07-24 07:45:00
DOC033,8.26,396.0,7,3,1,0,0,0,0,0,normal,2026-07-23 08:03:00
DOC033,7.35,405.0,14,4,1,0,0,0,0,0,normal,2026-07-22 07:39:00
DOC033,8.08,376.0,16,4,1,0,0,0,0,0,normal,2026-07-21 08:34:00
DOC033,7.32,339.0,15,3,1,0,0,0,0,0,normal,2026-07-21 07:45:00
DOC033,7.85,384.0,9,2,1,0,0,0,0,0,normal,2026-07-20 07:55:00
DOC033,8.22,373.0,13,2,1,0,0,0,0,0,normal,2026-07-20 08:48:00
DOC033,7.35,372.0,10,2,1,0,0,0,0,0,normal,2026-07-20 07:02:00
DOC033,7.71,413.0,17,3,1,0,0,0,0,0,normal,2026-07-18 07:32:00
DOC033,7.35,340.0,7,2,1,0,0,0,0,0,normal,2026-07-18 07:11:00
DOC033,7.46,343.0,9,3,1,0,0,0,0,0,normal,2026-07-17 07:18:00
DOC033,7.51,359.0,7,4,1,0,0,0,0,0,normal,2026-07-17 07:22:00
DOC033,7.32,361.0,14,3,1,0,0,0,0,0,normal,2026-07-16 07:53:00
DOC033,7.82,453.0,12,3,1,0,0,0,0,0,normal,2026-07-15 07:17:00
DOC033,7.82,422.0,7,3,1,0,0,0,0,0,normal,2026-07-14 07:30:00
DOC033,7.7,421.0,12,3,1,0,0,0,0,0,normal,2026-07-13 07:39:00
DOC033,7.97,342.0,16,2,1,0,0,0,0,0,normal,2026-07-11 07:06:00
DOC033,8.37,428.0,7,4,1,0,0,0,0,0,normal,2026-07-11 08:29:00
DOC033,8.0,442.0,18,2,1,0,0,0,0,0,normal,2026-07-10 07:06:00
DOC033,7.78,340.0,8,2,1,0,0,0,0,0,normal,2026-07-09 07:14:00
DOC033,7.32,405.0,16,2,1,0,0,0,0,0,normal,2026-07-09 07:23:00
DOC033,7.43,424.0,9,3,1,0,0,0,0,0,normal,2026-07-09 07:23:00
DOC033,7.36,355.0,14,2,1,0,0,0,0,0,normal,2026-07-08 07:46:00
DOC033,7.51,436.0,10,3,1,0,0,0,0,0,normal,2026-07-07 07:54:00
DOC033,8.36,441.0,7,4,1,0,0,0,0,0,normal,2026-07-07 08:33:00
DOC033,8.06,367.0,6,4,1,0,0,0,0,0,normal,2026-07-06 08:12:00
DOC033,8.19,346.0,10,2,1,0,0,0,0,0,normal,2026-07-04 08:33:00
DOC033,7.43,360.0,13,4,1,0,0,0,0,0,normal,2026-07-03 07:42:00
DOC033,8.28,435.0,14,4,1,0,0,0,0,0,normal,2026-07-03 08:19:00
DOC033,7.27,441.0,10,2,1,0,0,0,0,0,normal,2026-07-03 07:01:00
DOC033,8.18,413.0,17,2,1,0,0,0,0,0,normal,2026-07-02 08:07:00
DOC033,7.34,431.0,7,2,1,0,0,0,0,0,normal,2026-07-02 07:47:00
DOC033,8.24,346.0,13,4,1,0,0,0,0,0,normal,2026-07-02 08:05:00
DOC033,7.69,372.0,17,4,1,0,0,0,0,0,normal,2026-07-01 07:25:00
DOC033,7.25,454.0,11,4,1,0,0,0,0,0,normal,2026-06-30 07:37:00
DOC033,7.51,356.0,12,3,1,0,0,0,0,0,normal,2026-06-29 07:08:00
DOC033,7.14,401.0,7,4,1,0,0,0,0,0,normal,2026-06-27 07:06:00
DOC033,8.14,342.0,8,2,1,0,0,0,0,0,normal,2026-06-27 08:33:00
DOC033,7.15,422.0,16,2,1,0,0,0,0,0,normal,2026-06-27 07:47:00
DOC033,7.52,412.0,16,2,1,0,0,0,0,0,normal,2026-06-26 07:07:00
DOC033,8.36,438.0,12,2,1,0,0,0,0,0,normal,2026-06-26 08:14:00
DOC033,7.81,352.0,16,3,1,0,0,0,0,0,normal,2026-06-26 07:14:00
DOC033,7.58,363.0,13,3,1,0,0,0,0,0,normal,2026-06-25 07:20:00
DOC033,8.13,442.0,13,4,1,0,0,0,0,0,normal,2026-06-25 08:14:00
DOC033,7.86,380.0,17,2,1,0,0,0,0,0,normal,2026-06-24 07:59:00
DOC033,7.6,390.0,13,4,1,0,0,0,0,0,normal,2026-06-24 07:25:00
DOC033,8.34,410.0,15,2,1,0,0,0,0,0,normal,2026-06-24 08:22:00
DOC033,7.06,432.0,6,3,1,0,0,0,0,0,normal,2026-06-23 07:42:00
DOC033,7.42,410.0,14,3,1,0,0,0,0,0,normal,2026-06-22 07:22:00
DOC033,8.28,388.0,8,4,1,0,0,0,0,0,normal,2026-06-22 08:41:00
DOC033,8.35,399.0,15,2,1,0,0,0,0,0,normal,2026-06-22 08:34:00
DOC033,7.29,443.0,8,2,1,0,0,0,0,0,normal,2026-06-20 07:15:00
DOC033,8.2,367.0,14,3,1,0,0,0,0,0,normal,2026-06-19 08:52:00
DOC033,7.06,375.0,14,2,1,0,0,0,0,0,normal,2026-06-19 07:18:00
DOC033,7.42,384.0,14,4,1,0,0,0,0,0,normal,2026-06-18 07:11:00
DOC033,7.47,441.0,16,2,1,0,0,0,0,0,normal,2026-06-18 07:53:00
DOC033,7.43,366.0,7,2,1,0,0,0,0,0,normal,2026-06-17 07:43:00
DOC033,8.1,426.0,11,4,1,0,0,0,0,0,normal,2026-06-16 08:15:00
DOC033,7.15,424.0,18,2,1,0,0,0,0,0,normal,2026-06-16 07:36:00
DOC033,7.15,409.0,11,3,1,0,0,0,0,0,normal,2026-06-15 07:14:00
DOC033,7.8,435.0,18,4,1,0,0,0,0,0,normal,2026-06-15 07:19:00
DOC033,7.98,441.0,7,2,1,0,0,0,0,0,normal,2026-06-15 07:49:00
DOC033,7.0,339.0,14,4,1,0,0,0,0,0,normal,2026-06-13 07:58:00
DOC033,7.84,347.0,16,2,1,0,0,0,0,0,normal,2026-06-12 07:08:00
DOC033,7.91,449.0,11,2,1,0,0,0,0,0,normal,2026-06-11 07:59:00
DOC033,7.1,360.0,15,3,1,0,0,0,0,0,normal,2026-06-11 07:11:00
DOC033,7.84,425.0,9,4,1,0,0,0,0,0,normal,2026-06-11 07:20:00
DOC033,7.55,407.0,12,3,1,0,0,0,0,0,normal,2026-06-10 07:56:00
DOC033,7.93,440.0,8,2,1,0,0,0,0,0,normal,2026-06-09 07:18:00
DOC033,7.76,365.0,16,2,1,0,0,0,0,0,normal,2026-06-08 07:19:00
DOC033,7.6,388.0,11,2,1,0,0,0,0,0,normal,2026-06-06 07:46:00
DOC033,7.6,339.0,7,2,1,0,0,0,0,0,normal,2026-06-06 07:18:00
DOC033,8.33,453.0,13,3,1,0,0,0,0,0,normal,2026-06-05 08:00:00
DOC033,8.35,417.0,15,2,1,0,0,0,0,0,normal,2026-06-05 08:14:00
DOC033,7.18,398.0,10,3,1,0,0,0,0,0,normal,2026-06-04 07:21:00
DOC033,8.33,409.0,17,3,1,0,0,0,0,0,normal,2026-06-04 08:57:00
DOC033,7.63,383.0,14,4,1,0,0,0,0,0,normal,2026-06-03 07:59:00
DOC033,7.61,439.0,11,3,1,0,0,0,0,0,normal,2026-06-03 07:55:00
DOC033,7.92,386.0,10,3,1,0,0,0,0,0,normal,2026-06-03 07:28:00
DOC033,7.05,359.0,13,2,1,0,0,0,0,0,normal,2026-06-02 07:42:00
DOC033,7.71,347.0,11,2,1,0,0,0,0,0,normal,2026-06-02 07:15:00
DOC033,7.07,418.0,12,3,1,0,0,0,0,0,normal,2026-06-01 07:38:00
DOC033,8.01,391.0,9,4,1,0,0,0,0,0,normal,2026-05-30 08:38:00
DOC033,7.18,405.0,15,3,1,0,0,0,0,0,normal,2026-05-30 07:19:00
DOC033,7.52,407.0,18,4,1,0,0,0,0,0,normal,2026-05-29 07:00:00
DOC033,7.13,436.0,17,3,1,0,0,0,0,0,normal,2026-05-29 07:27:00
DOC033,7.49,383.0,16,4,1,0,0,0,0,0,normal,2026-05-28 07:23:00
DOC033,7.98,401.0,11,2,1,0,0,0,0,0,normal,2026-05-28 07:40:00
DOC033,7.06,367.0,11,2,1,0,0,0,0,0,normal,2026-05-27 07:17:00
DOC033,7.06,417.0,9,4,1,0,0,0,0,0,normal,2026-05-27 07:28:00
DOC033,7.34,374.0,13,2,1,0,0,0,0,0,normal,2026-05-27 07:19:00
DOC034,8.03,544.0,44,1,1,0,0,0,0,0,normal,2026-07-25 08:15:00
DOC034,8.8,505.0,45,1,1,0,0,0,0,0,normal,2026-07-25 08:51:00
DOC034,8.16,535.0,39,0,1,0,0,0,0,0,normal,2026-07-24 08:37:00
DOC034,8.98,539.0,43,1,1,0,0,0,0,0,normal,2026-07-24 08:37:00
DOC034,8.48,482.0,40,0,1,0,0,0,0,0,normal,2026-07-24 08:05:00
DOC034,9.32,518.0,42,1,1,0,0,0,0,0,normal,2026-07-23 09:58:00
DOC034,8.8,562.0,42,1,1,0,0,0,0,0,normal,2026-07-22 08:48:00
DOC034,8.07,551.0,41,0,1,0,0,0,0,0,normal,2026-07-22 08:51:00
DOC034,8.37,543.0,39,1,1,0,0,0,0,0,normal,2026-07-21 08:14:00
DOC034,8.77,528.0,46,0,1,0,0,0,0,0,normal,2026-07-20 08:04:00
DOC034,8.07,465.0,45,2,1,0,0,0,0,0,normal,2026-07-18 08:31:00
DOC034,8.94,572.0,43,1,1,0,0,0,0,0,normal,2026-07-18 08:24:00
DOC034,8.71,470.0,38,1,1,0,0,0,0,0,normal,2026-07-17 08:42:00
DOC034,8.32,489.0,45,1,1,0,0,0,0,0,normal,2026-07-17 08:58:00
DOC034,8.53,489.0,41,0,1,0,0,0,0,0,normal,2026-07-17 08:58:00
DOC034,8.5,536.0,39,2,1,0,0,0,0,0,normal,2026-07-16 08:28:00
DOC034,9.06,573.0,48,1,1,0,0,0,0,0,normal,2026-07-16 09:07:00
DOC034,8.78,480.0,40,1,1,0,0,0,0,0,normal,2026-07-15 08:30:00
DOC034,9.03,497.0,42,2,1,0,0,0,0,0,normal,2026-07-14 09:01:00
DOC034,8.76,516.0,41,2,1,0,0,0,0,0,normal,2026-07-13 08:39:00
DOC034,8.47,579.0,40,1,1,0,0,0,0,0,normal,2026-07-11 08:47:00
DOC034,8.94,583.0,45,1,1,0,0,0,0,0,normal,2026-07-11 08:14:00
DOC034,8.1,564.0,42,0,1,0,0,0,0,0,normal,2026-07-10 08:26:00
DOC034,9.1,556.0,39,0,1,0,0,0,0,0,normal,2026-07-10 09:02:00
DOC034,9.35,543.0,49,1,1,0,0,0,0,0,normal,2026-07-10 09:01:00
DOC034,9.13,553.0,41,2,1,0,0,0,0,0,normal,2026-07-09 09:10:00
DOC034,8.72,481.0,47,2,1,0,0,0,0,0,normal,2026-07-09 08:26:00
DOC034,9.35,523.0,39,0,1,0,0,0,0,0,normal,2026-07-08 09:03:00
DOC034,8.0,499.0,41,2,1,0,0,0,0,0,normal,2026-07-08 08:29:00
DOC034,9.25,486.0,39,1,1,0,0,0,0,0,normal,2026-07-08 09:34:00
DOC034,8.53,477.0,48,2,1,0,0,0,0,0,normal,2026-07-07 08:02:00
DOC034,8.93,540.0,46,0,1,0,0,0,0,0,normal,2026-07-07 08:09:00
DOC034,8.71,569.0,45,0,1,0,0,0,0,0,normal,2026-07-06 08:20:00
DOC034,8.69,488.0,45,1,1,0,0,0,0,0,normal,2026-07-06 08:44:00
DOC034,8.47,543.0,46,2,1,0,0,0,0,0,normal,2026-07-04 08:44:00
DOC034,8.8,579.0,45,1,1,0,0,0,0,0,normal,2026-07-04 08:16:00
DOC034,8.07,557.0,48,1,1,0,0,0,0,0,normal,2026-07-04 08:27:00
DOC034,8.87,528.0,42,0,1,0,0,0,0,0,normal,2026-07-03 08:24:00
DOC034,9.2,561.0,39,2,1,0,0,0,0,0,normal,2026-07-03 09:20:00
DOC034,8.99,483.0,45,1,1,0,0,0,0,0,normal,2026-07-03 08:56:00
DOC034,8.2,466.0,47,2,1,0,0,0,0,0,normal,2026-07-02 08:19:00
DOC034,8.57,483.0,45,0,1,0,0,0,0,0,normal,2026-07-02 08:21:00
DOC034,8.04,574.0,46,0,1,0,0,0,0,0,normal,2026-07-01 08:00:00
DOC034,8.34,549.0,40,2,1,0,0,0,0,0,normal,2026-07-01 08:56:00
DOC034,8.97,552.0,49,1,1,0,0,0,0,0,normal,2026-06-30 08:39:00
DOC034,9.16,545.0,47,1,1,0,0,0,0,0,normal,2026-06-29 09:41:00
DOC034,8.61,562.0,42,2,1,0,0,0,0,0,normal,2026-06-29 08:11:00
DOC034,8.06,505.0,48,1,1,0,0,0,0,0,normal,2026-06-27 08:45:00
DOC034,8.03,567.0,41,0,1,0,0,0,0,0,normal,2026-06-27 08:50:00
DOC034,9.31,544.0,45,2,1,0,0,0,0,0,normal,2026-06-27 09:42:00
DOC034,8.0,512.0,48,0,1,0,0,0,0,0,normal,2026-06-26 08:53:00
DOC034,8.13,508.0,41,0,1,0,0,0,0,0,normal,2026-06-25 08:58:00
DOC034,8.22,531.0,47,1,1,0,0,0,0,0,normal,2026-06-24 08:25:00
DOC034,8.49,575.0,41,0,1,0,0,0,0,0,normal,2026-06-24 08:22:00
DOC034,8.86,581.0,45,0,1,0,0,0,0,0,normal,2026-06-23 08:17:00
DOC034,9.33,464.0,43,0,1,0,0,0,0,0,normal,2026-06-23 09:21:00
DOC034,8.1,528.0,43,2,1,0,0,0,0,0,normal,2026-06-22 08:19:00
DOC034,8.5,564.0,40,2,1,0,0,0,0,0,normal,2026-06-22 08:34:00
DOC034,8.9,572.0,44,2,1,0,0,0,0,0,normal,2026-06-22 08:52:00
DOC034,8.77,544.0,45,1,1,0,0,0,0,0,normal,2026-06-20 08:24:00
DOC034,8.25,503.0,47,1,1,0,0,0,0,0,normal,2026-06-20 08:27:00
DOC034,8.21,480.0,42,0,1,0,0,0,0,0,normal,2026-06-20 08:29:00
DOC034,9.22,538.0,42,1,1,0,0,0,0,0,normal,2026-06-19 09:24:00
DOC034,8.99,549.0,43,1,1,0,0,0,0,0,normal,2026-06-18 08:27:00
DOC034,8.67,485.0,44,0,1,0,0,0,0,0,normal,2026-06-18 08:21:00
DOC034,8.23,497.0,43,0,1,0,0,0,0,0,normal,2026-06-17 08:36:00
DOC034,9.17,579.0,48,1,1,0,0,0,0,0,normal,2026-06-17 09:35:00
DOC034,8.77,514.0,47,1,1,0,0,0,0,0,normal,2026-06-17 08:22:00
DOC034,9.3,530.0,42,1,1,0,0,0,0,0,normal,2026-06-16 09:49:00
DOC034,9.21,514.0,41,2,1,0,0,0,0,0,normal,2026-06-16 09:50:00
DOC034,8.7,503.0,44,2,1,0,0,0,0,0,normal,2026-06-16 08:08:00
DOC034,8.11,494.0,39,1,1,0,0,0,0,0,normal,2026-06-15 08:16:00
DOC034,8.36,509.0,45,0,1,0,0,0,0,0,normal,2026-06-15 08:39:00
DOC034,8.61,547.0,46,1,1,0,0,0,0,0,normal,2026-06-15 08:14:00
DOC034,8.84,483.0,47,0,1,0,0,0,0,0,normal,2026-06-13 08:42:00
DOC034,9.01,569.0,46,0,1,0,0,0,0,0,normal,2026-06-13 09:47:00
DOC034,9.13,541.0,43,1,1,0,0,0,0,0,normal,2026-06-13 09:14:00
DOC034,8.47,563.0,46,1,1,0,0,0,0,0,normal,2026-06-12 08:19:00
DOC034,8.98,568.0,45,0,1,0,0,0,0,0,normal,2026-06-12 08:41:00
DOC034,8.31,517.0,44,0,1,0,0,0,0,0,normal,2026-06-12 08:08:00
DOC034,9.13,492.0,47,1,1,0,0,0,0,0,normal,2026-06-11 09:55:00
DOC034,8.29,534.0,47,0,1,0,0,0,0,0,normal,2026-06-10 08:16:00
DOC034,8.45,561.0,50,1,1,0,0,0,0,0,normal,2026-06-09 08:16:00
DOC034,9.34,512.0,40,1,1,0,0,0,0,0,normal,2026-06-09 09:59:00
DOC034,9.22,543.0,43,1,1,0,0,0,0,0,normal,2026-06-09 09:41:00
DOC034,8.59,518.0,48,2,1,0,0,0,0,0,normal,2026-06-08 08:16:00
DOC034,8.53,478.0,43,0,1,0,0,0,0,0,normal,2026-06-08 08:28:00
DOC034,9.01,556.0,40,0,1,0,0,0,0,0,normal,2026-06-06 09:08:00
DOC034,9.05,576.0,40,0,1,0,0,0,0,0,normal,2026-06-06 09:24:00
DOC034,8.57,505.0,46,0,1,0,0,0,0,0,normal,2026-06-05 08:43:00
DOC034,9.03,551.0,41,1,1,0,0,0,0,0,normal,2026-06-05 09:30:00
DOC034,8.39,570.0,50,0,1,0,0,0,0,0,normal,2026-06-04 08:07:00
DOC034,9.01,504.0,45,1,1,0,0,0,0,0,normal,2026-06-04 09:17:00
DOC034,8.67,571.0,46,1,1,0,0,0,0,0,normal,2026-06-04 08:17:00
DOC034,8.41,494.0,46,1,1,0,0,0,0,0,normal,2026-06-03 08:28:00
DOC034,8.51,486.0,44,1,1,0,0,0,0,0,normal,2026-06-03 08:39:00
DOC034,8.02,556.0,41,0,1,0,0,0,0,0,normal,2026-06-03 08:33:00
DOC034,8.84,572.0,43,1,1,0,0,0,0,0,normal,2026-06-02 08:21:00
DOC034,8.28,533.0,45,1,1,0,0,0,0,0,normal,2026-06-01 08:38:00
DOC034,8.9,482.0,48,0,1,0,0,0,0,0,normal,2026-06-01 08:53:00
DOC034,9.18,569.0,47,0,1,0,0,0,0,0,normal,2026-05-30 09:17:00
DOC034,9.09,577.0,47,1,1,0,0,0,0,0,normal,2026-05-30 09:14:00
DOC034,9.01,482.0,49,0,1,0,0,0,0,0,normal,2026-05-30 09:15:00
DOC034,8.27,497.0,50,0,1,0,0,0,0,0,normal,2026-05-29 08:00:00
DOC034,8.88,520.0,42,0,1,0,0,0,0,0,normal,2026-05-29 08:33:00
DOC034,8.31,492.0,50,0,1,0,0,0,0,0,normal,2026-05-29 08:33:00
DOC034,8.58,499.0,45,0,1,0,0,0,0,0,normal,2026-05-28 08:25:00
DOC034,8.13,483.0,44,1,1,0,0,0,0,0,normal,2026-05-27 08:56:00
DOC035,8.27,469.0,47,1,1,0,0,0,0,0,normal,2026-07-25 08:02:00
DOC035,8.3,440.0,47,0,1,0,0,0,0,0,normal,2026-07-25 08:15:00
DOC035,9.48,385.0,44,0,1,0,0,0,0,0,normal,2026-07-24 09:00:00
DOC035,9.29,398.0,39,0,1,0,0,0,0,0,normal,2026-07-23 09:03:00
DOC035,8.53,428.0,47,2,1,0,0,0,0,0,normal,2026-07-23 08:05:00
DOC035,9.35,382.0,47,1,1,0,0,0,0,0,normal,2026-07-22 09:17:00
DOC035,8.79,374.0,40,2,1,0,0,0,0,0,normal,2026-07-21 08:43:00
DOC035,8.43,440.0,39,0,1,0,0,0,0,0,normal,2026-07-21 08:53:00
DOC035,9.33,393.0,43,1,1,0,0,0,0,0,normal,2026-07-20 09:07:00
DOC035,9.34,395.0,39,2,1,0,0,0,0,0,normal,2026-07-20 09:16:00
DOC035,9.08,412.0,46,1,1,0,0,0,0,0,normal,2026-07-18 09:14:00
DOC035,8.33,421.0,48,1,1,0,0,0,0,0,normal,2026-07-18 08:30:00
DOC035,8.44,456.0,40,2,1,0,0,0,0,0,normal,2026-07-18 08:52:00
DOC035,8.78,444.0,39,2,1,0,0,0,0,0,normal,2026-07-17 08:45:00
DOC035,9.4,484.0,49,1,1,0,0,0,0,0,normal,2026-07-16 09:35:00
DOC035,8.19,457.0,39,0,1,0,0,0,0,0,normal,2026-07-15 08:50:00
DOC035,8.96,480.0,43,2,1,0,0,0,0,0,normal,2026-07-15 08:14:00
DOC035,8.52,388.0,45,1,1,0,0,0,0,0,normal,2026-07-14 08:19:00
DOC035,8.32,478.0,48,1,1,0,0,0,0,0,normal,2026-07-14 08:53:00
DOC035,8.47,459.0,49,2,1,0,0,0,0,0,normal,2026-07-14 08:58:00
DOC035,8.81,400.0,50,1,1,0,0,0,0,0,normal,2026-07-13 08:40:00
DOC035,9.23,453.0,39,2,1,0,0,0,0,0,normal,2026-07-11 09:59:00
DOC035,8.57,462.0,47,0,1,0,0,0,0,0,normal,2026-07-11 08:12:00
DOC035,8.24,382.0,44,2,1,0,0,0,0,0,normal,2026-07-10 08:05:00
DOC035,8.24,460.0,38,2,1,0,0,0,0,0,normal,2026-07-10 08:39:00
DOC035,9.13,451.0,43,2,1,0,0,0,0,0,normal,2026-07-09 09:57:00
DOC035,8.12,391.0,42,1,1,0,0,0,0,0,normal,2026-07-09 08:24:00
DOC035,8.33,435.0,49,2,1,0,0,0,0,0,normal,2026-07-08 08:33:00
DOC035,8.35,421.0,40,2,1,0,0,0,0,0,normal,2026-07-07 08:22:00
DOC035,9.19,392.0,50,1,1,0,0,0,0,0,normal,2026-07-07 09:51:00
DOC035,8.85,461.0,38,1,1,0,0,0,0,0,normal,2026-07-06 08:12:00
DOC035,8.17,401.0,50,0,1,0,0,0,0,0,normal,2026-07-04 08:37:00
DOC035,8.45,457.0,38,2,1,0,0,0,0,0,normal,2026-07-04 08:16:00
DOC035,8.91,400.0,45,2,1,0,0,0,0,0,normal,2026-07-04 08:10:00
DOC035,8.65,383.0,46,1,1,0,0,0,0,0,normal,2026-07-03 08:29:00
DOC035,8.52,487.0,49,2,1,0,0,0,0,0,normal,2026-07-03 08:35:00
DOC035,9.25,396.0,44,0,1,0,0,0,0,0,normal,2026-07-02 09:26:00
DOC035,9.3,478.0,39,0,1,0,0,0,0,0,normal,2026-07-02 09:13:00
DOC035,8.96,487.0,39,2,1,0,0,0,0,0,normal,2026-07-01 08:05:00
DOC035,8.33,382.0,50,2,1,0,0,0,0,0,normal,2026-06-30 08:27:00
DOC035,9.17,410.0,44,2,1,0,0,0,0,0,normal,2026-06-30 09:44:00
DOC035,9.44,415.0,40,1,1,0,0,0,0,0,normal,2026-06-29 09:27:00
DOC035,9.45,384.0,42,1,1,0,0,0,0,0,normal,2026-06-27 09:13:00
DOC035,8.44,455.0,42,2,1,0,0,0,0,0,normal,2026-06-27 08:53:00
DOC035,9.06,421.0,48,0,1,0,0,0,0,0,normal,2026-06-27 09:50:00
DOC035,8.38,407.0,46,2,1,0,0,0,0,0,normal,2026-06-26 08:50:00
DOC035,8.16,456.0,39,0,1,0,0,0,0,0,normal,2026-06-25 08:33:00
DOC035,8.45,374.0,49,1,1,0,0,0,0,0,normal,2026-06-25 08:01:00
DOC035,8.14,403.0,49,0,1,0,0,0,0,0,normal,2026-06-25 08:29:00
DOC035,9.02,480.0,46,1,1,0,0,0,0,0,normal,2026-06-24 09:43:00
DOC035,9.21,447.0,44,2,1,0,0,0,0,0,normal,2026-06-24 09:00:00
DOC035,8.46,403.0,49,1,1,0,0,0,0,0,normal,2026-06-23 08:07:00
DOC035,8.44,457.0,48,2,1,0,0,0,0,0,normal,2026-06-22 08:31:00
DOC035,8.26,485.0,38,2,1,0,0,0,0,0,normal,2026-06-22 08:20:00
DOC035,8.75,390.0,48,1,1,0,0,0,0,0,normal,2026-06-20 08:44:00
DOC035,8.95,378.0,49,0,1,0,0,0,0,0,normal,2026-06-20 08:19:00
DOC035,8.91,423.0,48,2,1,0,0,0,0,0,normal,2026-06-20 08:08:00
DOC035,9.29,443.0,39,1,1,0,0,0,0,0,normal,2026-06-19 09:27:00
DOC035,8.58,390.0,38,0,1,0,0,0,0,0,normal,2026-06-18 08:41:00
DOC035,8.55,375.0,50,2,1,0,0,0,0,0,normal,2026-06-18 08:16:00
DOC035,9.35,408.0,44,2,1,0,0,0,0,0,normal,2026-06-17 09:01:00
DOC035,9.34,410.0,47,2,1,0,0,0,0,0,normal,2026-06-17 09:51:00
DOC035,8.28,423.0,41,1,1,0,0,0,0,0,normal,2026-06-17 08:39:00
DOC035,8.21,375.0,48,0,1,0,0,0,0,0,normal,2026-06-16 08:49:00
DOC035,8.97,458.0,45,1,1,0,0,0,0,0,normal,2026-06-15 08:45:00
DOC035,8.72,405.0,41,0,1,0,0,0,0,0,normal,2026-06-15 08:13:00
DOC035,9.17,492.0,49,1,1,0,0,0,0,0,normal,2026-06-15 09:28:00
DOC035,8.44,407.0,49,2,1,0,0,0,0,0,normal,2026-06-13 08:10:00
DOC035,8.91,426.0,49,2,1,0,0,0,0,0,normal,2026-06-13 08:41:00
DOC035,9.14,452.0,41,1,1,0,0,0,0,0,normal,2026-06-13 09:35:00
DOC035,8.36,489.0,39,0,1,0,0,0,0,0,normal,2026-06-12 08:45:00
DOC035,9.49,419.0,39,2,1,0,0,0,0,0,normal,2026-06-12 09:38:00
DOC035,9.07,380.0,40,1,1,0,0,0,0,0,normal,2026-06-12 09:29:00
DOC035,8.87,475.0,46,0,1,0,0,0,0,0,normal,2026-06-11 08:12:00
DOC035,8.51,459.0,41,2,1,0,0,0,0,0,normal,2026-06-10 08:16:00
DOC035,8.86,461.0,43,0,1,0,0,0,0,0,normal,2026-06-10 08:15:00
DOC035,8.36,411.0,42,0,1,0,0,0,0,0,normal,2026-06-09 08:49:00
DOC035,8.41,406.0,40,0,1,0,0,0,0,0,normal,2026-06-09 08:02:00
DOC035,8.17,396.0,43,2,1,0,0,0,0,0,normal,2026-06-09 08:26:00
DOC035,9.32,399.0,50,0,1,0,0,0,0,0,normal,2026-06-08 09:01:00
DOC035,8.3,408.0,42,1,1,0,0,0,0,0,normal,2026-06-08 08:17:00
DOC035,8.32,448.0,39,0,1,0,0,0,0,0,normal,2026-06-06 08:26:00
DOC035,8.31,492.0,43,2,1,0,0,0,0,0,normal,2026-06-06 08:29:00
DOC035,9.09,438.0,40,0,1,0,0,0,0,0,normal,2026-06-06 09:32:00
DOC035,8.69,437.0,46,0,1,0,0,0,0,0,normal,2026-06-05 08:49:00
DOC035,8.62,429.0,48,2,1,0,0,0,0,0,normal,2026-06-04 08:17:00
DOC035,9.18,468.0,46,2,1,0,0,0,0,0,normal,2026-06-03 09:12:00
DOC035,8.74,456.0,40,2,1,0,0,0,0,0,normal,2026-06-03 08:40:00
DOC035,9.0,390.0,46,2,1,0,0,0,0,0,normal,2026-06-03 09:39:00
DOC035,8.33,465.0,40,0,1,0,0,0,0,0,normal,2026-06-02 08:30:00
DOC035,9.28,456.0,42,1,1,0,0,0,0,0,normal,2026-06-02 09:37:00
DOC035,8.5,448.0,47,0,1,0,0,0,0,0,normal,2026-06-01 08:35:00
DOC035,8.66,455.0,40,0,1,0,0,0,0,0,normal,2026-05-30 08:28:00
DOC035,9.14,483.0,47,2,1,0,0,0,0,0,normal,2026-05-30 09:55:00
DOC035,8.82,442.0,42,1,1,0,0,0,0,0,normal,2026-05-30 08:23:00
DOC035,9.05,480.0,43,0,1,0,0,0,0,0,normal,2026-05-29 09:47:00
DOC035,8.96,457.0,42,0,1,0,0,0,0,0,normal,2026-05-29 08:04:00
DOC035,8.86,431.0,48,2,1,0,0,0,0,0,normal,2026-05-28 08:45:00
DOC035,9.39,409.0,48,0,1,0,0,0,0,0,normal,2026-05-28 09:27:00
DOC035,8.79,405.0,45,0,1,0,0,0,0,0,normal,2026-05-28 08:51:00
DOC035,8.4,478.0,44,0,1,0,0,0,0,0,normal,2026-05-27 08:23:00
DOC036,9.69,550.0,15,3,1,0,0,0,0,0,normal,2026-07-25 09:24:00
DOC036,9.63,582.0,11,3,1,0,0,0,0,0,normal,2026-07-25 09:05:00
DOC036,9.83,589.0,10,2,1,0,0,0,0,0,normal,2026-07-24 09:49:00
DOC036,9.17,509.0,19,2,1,0,0,0,0,0,normal,2026-07-23 09:49:00
DOC036,9.73,509.0,18,3,1,0,0,0,0,0,normal,2026-07-23 09:37:00
DOC036,9.97,539.0,10,3,1,0,0,0,0,0,normal,2026-07-22 09:57:00
DOC036,9.72,489.0,19,2,1,0,0,0,0,0,normal,2026-07-22 09:38:00
DOC036,9.31,569.0,21,2,1,0,0,0,0,0,normal,2026-07-22 09:17:00
DOC036,9.64,603.0,14,3,1,0,0,0,0,0,normal,2026-07-21 09:44:00
DOC036,10.41,535.0,20,2,1,0,0,0,0,0,normal,2026-07-20 10:39:00
DOC036,9.52,600.0,19,2,1,0,0,0,0,0,normal,2026-07-20 09:32:00
DOC036,10.25,496.0,10,3,1,0,0,0,0,0,normal,2026-07-20 10:48:00
DOC036,9.81,511.0,15,2,1,0,0,0,0,0,normal,2026-07-18 09:49:00
DOC036,9.71,577.0,13,4,1,0,0,0,0,0,normal,2026-07-17 09:50:00
DOC036,10.01,491.0,13,4,1,0,0,0,0,0,normal,2026-07-17 10:27:00
DOC036,9.09,512.0,17,2,1,0,0,0,0,0,normal,2026-07-17 09:21:00
DOC036,10.15,500.0,18,3,1,0,0,0,0,0,normal,2026-07-16 10:35:00
DOC036,9.6,593.0,9,4,1,0,0,0,0,0,normal,2026-07-16 09:32:00
DOC036,9.2,600.0,20,4,1,0,0,0,0,0,normal,2026-07-15 09:37:00
DOC036,9.87,491.0,10,3,1,0,0,0,0,0,normal,2026-07-15 09:37:00
DOC036,10.15,501.0,19,3,1,0,0,0,0,0,normal,2026-07-14 10:19:00
DOC036,9.93,511.0,10,3,1,0,0,0,0,0,normal,2026-07-14 09:55:00
DOC036,9.34,491.0,19,3,1,0,0,0,0,0,normal,2026-07-14 09:51:00
DOC036,9.36,531.0,15,2,1,0,0,0,0,0,normal,2026-07-13 09:26:00
DOC036,10.07,595.0,19,2,1,0,0,0,0,0,normal,2026-07-13 10:22:00
DOC036,9.43,500.0,19,2,1,0,0,0,0,0,normal,2026-07-11 09:56:00
DOC036,9.68,582.0,19,2,1,0,0,0,0,0,normal,2026-07-11 09:03:00
DOC036,10.3,505.0,14,3,1,0,0,0,0,0,normal,2026-07-11 10:14:00
DOC036,9.16,587.0,16,4,1,0,0,0,0,0,normal,2026-07-10 09:39:00
DOC036,9.28,552.0,19,2,1,0,0,0,0,0,normal,2026-07-10 09:31:00
DOC036,10.11,510.0,16,3,1,0,0,0,0,0,normal,2026-07-10 10:15:00
DOC036,10.32,512.0,13,2,1,0,0,0,0,0,normal,2026-07-09 10:18:00
DOC036,9.14,545.0,19,3,1,0,0,0,0,0,normal,2026-07-09 09:51:00
DOC036,9.82,487.0,17,2,1,0,0,0,0,0,normal,2026-07-08 09:23:00
DOC036,9.63,524.0,20,4,1,0,0,0,0,0,normal,2026-07-08 09:35:00
DOC036,9.95,604.0,17,3,1,0,0,0,0,0,normal,2026-07-08 09:27:00
DOC036,9.23,566.0,13,3,1,0,0,0,0,0,normal,2026-07-07 09:39:00
DOC036,9.19,573.0,11,3,1,0,0,0,0,0,normal,2026-07-07 09:19:00
DOC036,10.19,589.0,20,4,1,0,0,0,0,0,normal,2026-07-07 10:36:00
DOC036,9.22,512.0,15,4,1,0,0,0,0,0,normal,2026-07-06 09:22:00
DOC036,10.1,568.0,17,3,1,0,0,0,0,0,normal,2026-07-06 10:34:00
DOC036,9.02,533.0,14,3,1,0,0,0,0,0,normal,2026-07-06 09:13:00
DOC036,9.9,575.0,15,3,1,0,0,0,0,0,normal,2026-07-04 09:53:00
DOC036,10.06,586.0,13,2,1,0,0,0,0,0,normal,2026-07-04 10:09:00
DOC036,9.74,561.0,21,4,1,0,0,0,0,0,normal,2026-07-03 09:22:00
DOC036,10.01,528.0,17,3,1,0,0,0,0,0,normal,2026-07-02 10:06:00
DOC036,9.54,501.0,12,4,1,0,0,0,0,0,normal,2026-07-02 09:39:00
DOC036,9.72,595.0,14,4,1,0,0,0,0,0,normal,2026-07-01 09:02:00
DOC036,10.32,564.0,15,2,1,0,0,0,0,0,normal,2026-06-30 10:55:00
DOC036,9.94,568.0,20,3,1,0,0,0,0,0,normal,2026-06-29 09:03:00
DOC036,9.78,511.0,19,3,1,0,0,0,0,0,normal,2026-06-27 09:07:00
DOC036,9.71,522.0,13,3,1,0,0,0,0,0,normal,2026-06-26 09:42:00
DOC036,9.88,486.0,11,3,1,0,0,0,0,0,normal,2026-06-25 09:17:00
DOC036,9.2,546.0,18,3,1,0,0,0,0,0,normal,2026-06-24 09:05:00
DOC036,10.29,519.0,18,2,1,0,0,0,0,0,normal,2026-06-23 10:51:00
DOC036,10.2,489.0,10,3,1,0,0,0,0,0,normal,2026-06-23 10:12:00
DOC036,9.77,492.0,11,3,1,0,0,0,0,0,normal,2026-06-22 09:55:00
DOC036,10.24,495.0,15,2,1,0,0,0,0,0,normal,2026-06-22 10:35:00
DOC036,10.38,532.0,17,3,1,0,0,0,0,0,normal,2026-06-20 10:02:00
DOC036,9.23,508.0,14,4,1,0,0,0,0,0,normal,2026-06-19 09:40:00
DOC036,9.33,488.0,12,3,1,0,0,0,0,0,normal,2026-06-19 09:21:00
DOC036,10.36,604.0,19,3,1,0,0,0,0,0,normal,2026-06-19 10:00:00
DOC036,10.11,604.0,19,3,1,0,0,0,0,0,normal,2026-06-18 10:53:00
DOC036,9.16,531.0,12,2,1,0,0,0,0,0,normal,2026-06-17 09:18:00
DOC036,9.11,523.0,13,2,1,0,0,0,0,0,normal,2026-06-17 09:26:00
DOC036,9.95,597.0,11,2,1,0,0,0,0,0,normal,2026-06-17 09:43:00
DOC036,10.03,508.0,16,2,1,0,0,0,0,0,normal,2026-06-16 10:28:00
DOC036,9.87,547.0,21,3,1,0,0,0,0,0,normal,2026-06-16 09:07:00
DOC036,9.17,524.0,12,2,1,0,0,0,0,0,normal,2026-06-15 09:23:00
DOC036,10.21,588.0,12,3,1,0,0,0,0,0,normal,2026-06-15 10:36:00
DOC036,10.35,529.0,17,2,1,0,0,0,0,0,normal,2026-06-15 10:36:00
DOC036,9.74,509.0,14,3,1,0,0,0,0,0,normal,2026-06-13 09:36:00
DOC036,9.99,523.0,12,3,1,0,0,0,0,0,normal,2026-06-13 09:22:00
DOC036,9.78,501.0,19,2,1,0,0,0,0,0,normal,2026-06-12 09:23:00
DOC036,9.16,511.0,20,3,1,0,0,0,0,0,normal,2026-06-11 09:13:00
DOC036,9.77,539.0,12,4,1,0,0,0,0,0,normal,2026-06-10 09:50:00
DOC036,9.31,519.0,19,4,1,0,0,0,0,0,normal,2026-06-10 09:26:00
DOC036,9.93,522.0,15,4,1,0,0,0,0,0,normal,2026-06-09 09:54:00
DOC036,9.74,595.0,10,2,1,0,0,0,0,0,normal,2026-06-09 09:27:00
DOC036,9.17,511.0,14,2,1,0,0,0,0,0,normal,2026-06-08 09:57:00
DOC036,10.23,548.0,16,2,1,0,0,0,0,0,normal,2026-06-08 10:01:00
DOC036,9.22,597.0,13,3,1,0,0,0,0,0,normal,2026-06-08 09:36:00
DOC036,10.3,548.0,13,2,1,0,0,0,0,0,normal,2026-06-06 10:32:00
DOC036,9.1,563.0,17,2,1,0,0,0,0,0,normal,2026-06-05 09:31:00
DOC036,9.23,524.0,12,3,1,0,0,0,0,0,normal,2026-06-04 09:20:00
DOC036,9.53,558.0,21,3,1,0,0,0,0,0,normal,2026-06-04 09:11:00
DOC036,9.42,587.0,16,3,1,0,0,0,0,0,normal,2026-06-04 09:28:00
DOC036,9.07,509.0,16,4,1,0,0,0,0,0,normal,2026-06-03 09:29:00
DOC036,9.28,557.0,13,2,1,0,0,0,0,0,normal,2026-06-03 09:59:00
DOC036,10.37,525.0,10,3,1,0,0,0,0,0,normal,2026-06-03 10:26:00
DOC036,9.3,605.0,16,2,1,0,0,0,0,0,normal,2026-06-02 09:35:00
DOC036,9.41,506.0,13,3,1,0,0,0,0,0,normal,2026-06-02 09:09:00
DOC036,9.82,566.0,17,3,1,0,0,0,0,0,normal,2026-06-01 09:06:00
DOC036,9.46,605.0,21,2,1,0,0,0,0,0,normal,2026-06-01 09:44:00
DOC036,10.1,566.0,18,4,1,0,0,0,0,0,normal,2026-06-01 10:02:00
DOC036,9.57,519.0,11,3,1,0,0,0,0,0,normal,2026-05-30 09:54:00
DOC036,10.27,527.0,19,2,1,0,0,0,0,0,normal,2026-05-30 10:08:00
DOC036,10.41,573.0,14,4,1,0,0,0,0,0,normal,2026-05-29 10:29:00
DOC036,9.8,492.0,10,2,1,0,0,0,0,0,normal,2026-05-29 09:43:00
DOC036,10.31,507.0,18,2,1,0,0,0,0,0,normal,2026-05-28 10:38:00
DOC036,9.24,601.0,10,4,1,0,0,0,0,0,normal,2026-05-27 09:49:00
DOC037,10.51,525.0,13,5,1,0,0,0,0,0,normal,2026-07-25 10:02:00
DOC037,10.78,568.0,15,3,1,0,0,0,0,0,normal,2026-07-24 10:15:00
DOC037,10.41,557.0,13,3,1,0,0,0,0,0,normal,2026-07-23 10:06:00
DOC037,10.91,546.0,17,3,1,0,0,0,0,0,normal,2026-07-22 10:23:00
DOC037,9.62,610.0,13,5,1,0,0,0,0,0,normal,2026-07-21 09:37:00
DOC037,10.61,522.0,10,4,1,0,0,0,0,0,normal,2026-07-21 10:00:00
DOC037,10.6,598.0,18,4,1,0,0,0,0,0,normal,2026-07-20 10:51:00
DOC037,10.5,603.0,11,3,1,0,0,0,0,0,normal,2026-07-18 10:40:00
DOC037,9.77,516.0,18,3,1,0,0,0,0,0,normal,2026-07-18 09:55:00
DOC037,9.71,593.0,14,5,1,0,0,0,0,0,normal,2026-07-17 09:31:00
DOC037,10.39,535.0,10,4,1,0,0,0,0,0,normal,2026-07-16 10:58:00
DOC037,10.45,545.0,16,4,1,0,0,0,0,0,normal,2026-07-16 10:55:00
DOC037,9.84,556.0,16,3,1,0,0,0,0,0,normal,2026-07-16 09:46:00
DOC037,9.66,542.0,17,5,1,0,0,0,0,0,normal,2026-07-15 09:31:00
DOC037,10.83,520.0,13,5,1,0,0,0,0,0,normal,2026-07-15 10:51:00
DOC037,10.73,608.0,16,5,1,0,0,0,0,0,normal,2026-07-15 10:25:00
DOC037,9.96,610.0,22,3,1,0,0,0,0,0,normal,2026-07-14 09:06:00
DOC037,9.67,583.0,17,3,1,0,0,0,0,0,normal,2026-07-13 09:47:00
DOC037,10.14,524.0,20,5,1,0,0,0,0,0,normal,2026-07-11 10:57:00
DOC037,9.99,589.0,17,4,1,0,0,0,0,0,normal,2026-07-11 09:49:00
DOC037,10.37,628.0,18,3,1,0,0,0,0,0,normal,2026-07-10 10:48:00
DOC037,10.64,554.0,11,5,1,0,0,0,0,0,normal,2026-07-09 10:57:00
DOC037,9.91,517.0,12,5,1,0,0,0,0,0,normal,2026-07-09 09:26:00
DOC037,10.03,517.0,11,3,1,0,0,0,0,0,normal,2026-07-08 10:53:00
DOC037,9.61,556.0,19,4,1,0,0,0,0,0,normal,2026-07-07 09:51:00
DOC037,10.56,582.0,14,4,1,0,0,0,0,0,normal,2026-07-07 10:26:00
DOC037,9.94,532.0,18,5,1,0,0,0,0,0,normal,2026-07-07 09:47:00
DOC037,9.67,518.0,19,5,1,0,0,0,0,0,normal,2026-07-06 09:57:00
DOC037,10.46,596.0,19,5,1,0,0,0,0,0,normal,2026-07-06 10:40:00
DOC037,10.38,547.0,22,3,1,0,0,0,0,0,normal,2026-07-04 10:07:00
DOC037,9.83,583.0,11,4,1,0,0,0,0,0,normal,2026-07-04 09:50:00
DOC037,10.36,539.0,17,3,1,0,0,0,0,0,normal,2026-07-03 10:59:00
DOC037,10.75,569.0,14,5,1,0,0,0,0,0,normal,2026-07-03 10:38:00
DOC037,9.89,601.0,21,3,1,0,0,0,0,0,normal,2026-07-02 09:40:00
DOC037,10.91,557.0,21,5,1,0,0,0,0,0,normal,2026-07-01 10:36:00
DOC037,10.13,625.0,17,4,1,0,0,0,0,0,normal,2026-07-01 10:06:00
DOC037,10.54,635.0,22,4,1,0,0,0,0,0,normal,2026-06-30 10:57:00
DOC037,10.16,522.0,14,4,1,0,0,0,0,0,normal,2026-06-30 10:11:00
DOC037,10.31,564.0,21,5,1,0,0,0,0,0,normal,2026-06-30 10:41:00
DOC037,10.84,558.0,15,5,1,0,0,0,0,0,normal,2026-06-29 10:41:00
DOC037,10.39,615.0,16,5,1,0,0,0,0,0,normal,2026-06-27 10:49:00
DOC037,9.75,524.0,14,4,1,0,0,0,0,0,normal,2026-06-27 09:37:00
DOC037,10.87,569.0,12,4,1,0,0,0,0,0,normal,2026-06-26 10:21:00
DOC037,9.75,579.0,17,3,1,0,0,0,0,0,normal,2026-06-26 09:27:00
DOC037,10.27,613.0,14,4,1,0,0,0,0,0,normal,2026-06-26 10:48:00
DOC037,10.12,524.0,10,3,1,0,0,0,0,0,normal,2026-06-25 10:15:00
DOC037,10.11,600.0,15,3,1,0,0,0,0,0,normal,2026-06-24 10:05:00
DOC037,9.79,623.0,22,4,1,0,0,0,0,0,normal,2026-06-23 09:34:00
DOC037,10.84,587.0,11,4,1,0,0,0,0,0,normal,2026-06-22 10:54:00
DOC037,10.53,573.0,12,4,1,0,0,0,0,0,normal,2026-06-22 10:06:00
DOC037,10.25,527.0,12,4,1,0,0,0,0,0,normal,2026-06-22 10:18:00
DOC037,10.62,585.0,14,5,1,0,0,0,0,0,normal,2026-06-20 10:02:00
DOC037,10.37,628.0,20,4,1,0,0,0,0,0,normal,2026-06-20 10:44:00
DOC037,10.38,625.0,15,5,1,0,0,0,0,0,normal,2026-06-19 10:14:00
DOC037,9.83,535.0,21,5,1,0,0,0,0,0,normal,2026-06-19 09:16:00
DOC037,9.99,526.0,11,3,1,0,0,0,0,0,normal,2026-06-19 09:11:00
DOC037,10.25,608.0,13,5,1,0,0,0,0,0,normal,2026-06-18 10:18:00
DOC037,9.73,556.0,11,3,1,0,0,0,0,0,normal,2026-06-18 09:19:00
DOC037,10.68,591.0,10,3,1,0,0,0,0,0,normal,2026-06-17 10:37:00
DOC037,10.51,517.0,10,5,1,0,0,0,0,0,normal,2026-06-17 10:07:00
DOC037,10.37,611.0,22,5,1,0,0,0,0,0,normal,2026-06-16 10:30:00
DOC037,10.1,570.0,19,3,1,0,0,0,0,0,normal,2026-06-16 10:32:00
DOC037,9.62,594.0,19,5,1,0,0,0,0,0,normal,2026-06-15 09:50:00
DOC037,9.77,570.0,21,4,1,0,0,0,0,0,normal,2026-06-13 09:03:00
DOC037,10.11,563.0,12,5,1,0,0,0,0,0,normal,2026-06-13 10:09:00
DOC037,10.1,565.0,19,5,1,0,0,0,0,0,normal,2026-06-12 10:39:00
DOC037,10.27,632.0,17,4,1,0,0,0,0,0,normal,2026-06-11 10:51:00
DOC037,10.15,517.0,15,4,1,0,0,0,0,0,normal,2026-06-11 10:26:00
DOC037,10.5,633.0,14,3,1,0,0,0,0,0,normal,2026-06-10 10:55:00
DOC037,10.26,549.0,13,5,1,0,0,0,0,0,normal,2026-06-10 10:52:00
DOC037,9.62,600.0,21,5,1,0,0,0,0,0,normal,2026-06-09 09:24:00
DOC037,9.57,537.0,13,3,1,0,0,0,0,0,normal,2026-06-08 09:24:00
DOC037,10.6,564.0,20,3,1,0,0,0,0,0,normal,2026-06-08 10:06:00
DOC037,10.96,532.0,20,5,1,0,0,0,0,0,normal,2026-06-08 10:38:00
DOC037,9.69,590.0,21,4,1,0,0,0,0,0,normal,2026-06-06 09:56:00
DOC037,10.71,577.0,22,3,1,0,0,0,0,0,normal,2026-06-05 10:42:00
DOC037,10.16,524.0,22,4,1,0,0,0,0,0,normal,2026-06-05 10:34:00
DOC037,9.91,572.0,22,4,1,0,0,0,0,0,normal,2026-06-05 09:46:00
DOC037,10.24,589.0,14,3,1,0,0,0,0,0,normal,2026-06-04 10:29:00
DOC037,9.96,546.0,22,3,1,0,0,0,0,0,normal,2026-06-04 09:01:00
DOC037,10.37,560.0,12,5,1,0,0,0,0,0,normal,2026-06-03 10:12:00
DOC037,9.71,606.0,11,4,1,0,0,0,0,0,normal,2026-06-03 09:33:00
DOC037,10.27,625.0,20,5,1,0,0,0,0,0,normal,2026-06-02 10:17:00
DOC037,10.46,632.0,17,4,1,0,0,0,0,0,normal,2026-06-02 10:33:00
DOC037,10.89,556.0,16,4,1,0,0,0,0,0,normal,2026-06-01 10:19:00
DOC037,9.67,609.0,20,3,1,0,0,0,0,0,normal,2026-05-30 09:09:00
DOC037,10.63,533.0,19,5,1,0,0,0,0,0,normal,2026-05-29 10:51:00
DOC037,10.75,565.0,13,4,1,0,0,0,0,0,normal,2026-05-29 10:08:00
DOC037,9.77,572.0,14,4,1,0,0,0,0,0,normal,2026-05-29 09:14:00
DOC037,10.21,526.0,21,3,1,0,0,0,0,0,normal,2026-05-28 10:24:00
DOC037,10.27,578.0,19,5,1,0,0,0,0,0,normal,2026-05-28 10:27:00
DOC037,10.2,537.0,15,4,1,0,0,0,0,0,normal,2026-05-27 10:41:00
DOC037,9.61,616.0,10,3,1,0,0,0,0,0,normal,2026-05-27 09:13:00
DOC038,8.0,441.0,42,1,1,0,0,0,0,0,normal,2026-07-25 07:16:00
DOC038,7.39,417.0,34,1,1,0,0,0,0,0,normal,2026-07-24 07:11:00
DOC038,8.28,419.0,33,3,1,0,0,0,0,0,normal,2026-07-23 08:36:00
DOC038,7.69,452.0,41,3,1,0,0,0,0,0,normal,2026-07-23 07:09:00
DOC038,7.85,445.0,36,3,1,0,0,0,0,0,normal,2026-07-23 07:16:00
DOC038,8.41,385.0,43,1,1,0,0,0,0,0,normal,2026-07-22 08:20:00
DOC038,8.69,395.0,38,3,1,0,0,0,0,0,normal,2026-07-21 08:32:00
DOC038,8.01,411.0,33,3,1,0,0,0,0,0,normal,2026-07-21 08:46:00
DOC038,7.38,448.0,34,1,1,0,0,0,0,0,normal,2026-07-21 07:31:00
DOC038,8.44,401.0,39,3,1,0,0,0,0,0,normal,2026-07-20 08:46:00
DOC038,7.36,420.0,43,1,1,0,0,0,0,0,normal,2026-07-20 07:01:00
DOC038,8.55,442.0,39,2,1,0,0,0,0,0,normal,2026-07-18 08:25:00
DOC038,7.85,385.0,45,2,1,0,0,0,0,0,normal,2026-07-17 07:46:00
DOC038,7.89,364.0,37,1,1,0,0,0,0,0,normal,2026-07-16 07:19:00
DOC038,8.13,445.0,36,2,1,0,0,0,0,0,normal,2026-07-16 08:27:00
DOC038,8.57,395.0,37,1,1,0,0,0,0,0,normal,2026-07-16 08:23:00
DOC038,7.9,460.0,34,3,1,0,0,0,0,0,normal,2026-07-15 07:15:00
DOC038,8.35,418.0,42,1,1,0,0,0,0,0,normal,2026-07-14 08:26:00
DOC038,8.02,458.0,39,3,1,0,0,0,0,0,normal,2026-07-13 08:29:00
DOC038,8.6,442.0,43,3,1,0,0,0,0,0,normal,2026-07-13 08:29:00
DOC038,7.66,469.0,35,1,1,0,0,0,0,0,normal,2026-07-13 07:54:00
DOC038,8.34,459.0,43,1,1,0,0,0,0,0,normal,2026-07-11 08:59:00
DOC038,7.58,370.0,36,1,1,0,0,0,0,0,normal,2026-07-10 07:49:00
DOC038,7.71,432.0,42,3,1,0,0,0,0,0,normal,2026-07-10 07:47:00
DOC038,7.68,435.0,42,1,1,0,0,0,0,0,normal,2026-07-10 07:01:00
DOC038,8.09,453.0,41,1,1,0,0,0,0,0,normal,2026-07-09 08:02:00
DOC038,7.34,453.0,44,3,1,0,0,0,0,0,normal,2026-07-09 07:42:00
DOC038,8.36,440.0,44,1,1,0,0,0,0,0,normal,2026-07-09 08:48:00
DOC038,8.2,394.0,42,1,1,0,0,0,0,0,normal,2026-07-08 08:32:00
DOC038,8.21,366.0,34,1,1,0,0,0,0,0,normal,2026-07-08 08:32:00
DOC038,8.45,408.0,42,1,1,0,0,0,0,0,normal,2026-07-08 08:17:00
DOC038,8.06,424.0,37,3,1,0,0,0,0,0,normal,2026-07-07 08:47:00
DOC038,7.45,399.0,37,3,1,0,0,0,0,0,normal,2026-07-07 07:46:00
DOC038,8.58,398.0,37,3,1,0,0,0,0,0,normal,2026-07-06 08:54:00
DOC038,8.31,371.0,39,1,1,0,0,0,0,0,normal,2026-07-06 08:11:00
DOC038,8.14,402.0,43,3,1,0,0,0,0,0,normal,2026-07-06 08:09:00
DOC038,7.68,434.0,44,3,1,0,0,0,0,0,normal,2026-07-04 07:03:00
DOC038,8.11,396.0,40,1,1,0,0,0,0,0,normal,2026-07-04 08:05:00
DOC038,8.24,413.0,37,1,1,0,0,0,0,0,normal,2026-07-03 08:10:00
DOC038,7.41,418.0,44,1,1,0,0,0,0,0,normal,2026-07-03 07:52:00
DOC038,7.44,466.0,39,3,1,0,0,0,0,0,normal,2026-07-02 07:36:00
DOC038,8.64,472.0,33,3,1,0,0,0,0,0,normal,2026-07-02 08:19:00
DOC038,7.58,440.0,40,2,1,0,0,0,0,0,normal,2026-07-02 07:39:00
DOC038,8.3,438.0,43,1,1,0,0,0,0,0,normal,2026-07-01 08:31:00
DOC038,7.82,411.0,42,3,1,0,0,0,0,0,normal,2026-07-01 07:34:00
DOC038,8.38,376.0,36,3,1,0,0,0,0,0,normal,2026-07-01 08:54:00
DOC038,8.54,439.0,39,1,1,0,0,0,0,0,normal,2026-06-30 08:45:00
DOC038,8.62,460.0,42,2,1,0,0,0,0,0,normal,2026-06-30 08:39:00
DOC038,8.03,462.0,37,2,1,0,0,0,0,0,normal,2026-06-30 08:25:00
DOC038,7.61,460.0,37,1,1,0,0,0,0,0,normal,2026-06-29 07:59:00
DOC038,8.62,400.0,36,3,1,0,0,0,0,0,normal,2026-06-27 08:14:00
DOC038,8.5,441.0,39,2,1,0,0,0,0,0,normal,2026-06-26 08:15:00
DOC038,8.66,477.0,33,2,1,0,0,0,0,0,normal,2026-06-26 08:13:00
DOC038,8.35,392.0,37,1,1,0,0,0,0,0,normal,2026-06-25 08:18:00
DOC038,8.03,385.0,40,3,1,0,0,0,0,0,normal,2026-06-25 08:53:00
DOC038,7.8,419.0,40,3,1,0,0,0,0,0,normal,2026-06-25 07:31:00
DOC038,7.4,453.0,42,3,1,0,0,0,0,0,normal,2026-06-24 07:17:00
DOC038,7.62,444.0,42,1,1,0,0,0,0,0,normal,2026-06-24 07:43:00
DOC038,7.72,376.0,37,1,1,0,0,0,0,0,normal,2026-06-23 07:46:00
DOC038,8.34,453.0,41,3,1,0,0,0,0,0,normal,2026-06-23 08:00:00
DOC038,8.41,442.0,42,1,1,0,0,0,0,0,normal,2026-06-22 08:13:00
DOC038,8.57,467.0,39,1,1,0,0,0,0,0,normal,2026-06-22 08:33:00
DOC038,8.55,387.0,43,3,1,0,0,0,0,0,normal,2026-06-22 08:16:00
DOC038,8.17,394.0,45,1,1,0,0,0,0,0,normal,2026-06-20 08:46:00
DOC038,7.62,374.0,43,1,1,0,0,0,0,0,normal,2026-06-19 07:57:00
DOC038,8.5,444.0,37,1,1,0,0,0,0,0,normal,2026-06-19 08:32:00
DOC038,7.34,399.0,40,3,1,0,0,0,0,0,normal,2026-06-18 07:04:00
DOC038,7.49,480.0,40,3,1,0,0,0,0,0,normal,2026-06-18 07:18:00
DOC038,7.95,407.0,34,2,1,0,0,0,0,0,normal,2026-06-18 07:14:00
DOC038,7.81,381.0,37,3,1,0,0,0,0,0,normal,2026-06-17 07:26:00
DOC038,7.98,362.0,36,2,1,0,0,0,0,0,normal,2026-06-17 07:06:00
DOC038,8.34,362.0,44,1,1,0,0,0,0,0,normal,2026-06-16 08:27:00
DOC038,7.38,412.0,41,2,1,0,0,0,0,0,normal,2026-06-15 07:00:00
DOC038,8.26,468.0,43,1,1,0,0,0,0,0,normal,2026-06-13 08:52:00
DOC038,8.29,417.0,40,2,1,0,0,0,0,0,normal,2026-06-12 08:49:00
DOC038,7.52,381.0,39,2,1,0,0,0,0,0,normal,2026-06-11 07:12:00
DOC038,7.78,368.0,40,3,1,0,0,0,0,0,normal,2026-06-10 07:52:00
DOC038,8.47,437.0,37,2,1,0,0,0,0,0,normal,2026-06-09 08:57:00
DOC038,7.55,451.0,39,2,1,0,0,0,0,0,normal,2026-06-09 07:50:00
DOC038,8.49,473.0,44,2,1,0,0,0,0,0,normal,2026-06-09 08:35:00
DOC038,8.37,418.0,37,1,1,0,0,0,0,0,normal,2026-06-08 08:05:00
DOC038,8.08,426.0,38,1,1,0,0,0,0,0,normal,2026-06-06 08:21:00
DOC038,7.6,368.0,37,1,1,0,0,0,0,0,normal,2026-06-06 07:17:00
DOC038,8.37,440.0,42,1,1,0,0,0,0,0,normal,2026-06-05 08:38:00
DOC038,8.0,456.0,38,1,1,0,0,0,0,0,normal,2026-06-04 07:14:00
DOC038,7.54,469.0,43,3,1,0,0,0,0,0,normal,2026-06-04 07:51:00
DOC038,7.67,427.0,37,2,1,0,0,0,0,0,normal,2026-06-03 07:33:00
DOC038,8.39,477.0,37,2,1,0,0,0,0,0,normal,2026-06-03 08:05:00
DOC038,7.4,466.0,40,3,1,0,0,0,0,0,normal,2026-06-02 07:19:00
DOC038,7.89,445.0,44,2,1,0,0,0,0,0,normal,2026-06-01 07:37:00
DOC038,7.84,379.0,33,2,1,0,0,0,0,0,normal,2026-06-01 07:13:00
DOC038,8.64,380.0,45,1,1,0,0,0,0,0,normal,2026-06-01 08:51:00
DOC038,7.96,432.0,40,1,1,0,0,0,0,0,normal,2026-05-30 07:55:00
DOC038,8.45,382.0,39,3,1,0,0,0,0,0,normal,2026-05-30 08:10:00
DOC038,7.32,436.0,44,2,1,0,0,0,0,0,normal,2026-05-30 07:45:00
DOC038,8.49,390.0,33,1,1,0,0,0,0,0,normal,2026-05-29 08:07:00
DOC038,8.15,433.0,39,1,1,0,0,0,0,0,normal,2026-05-28 08:29:00
DOC038,8.11,379.0,38,3,1,0,0,0,0,0,normal,2026-05-28 08:53:00
DOC038,8.03,408.0,37,1,1,0,0,0,0,0,normal,2026-05-27 08:40:00
DOC038,8.1,436.0,35,3,1,0,0,0,0,0,normal,2026-05-27 08:37:00
DOC038,8.17,392.0,41,1,1,0,0,0,0,0,normal,2026-05-27 08:52:00
DOC039,8.49,579.0,32,2,1,0,0,0,0,0,normal,2026-07-25 08:24:00
DOC039,8.66,593.0,33,1,1,0,0,0,0,0,normal,2026-07-25 08:45:00
DOC039,8.61,503.0,41,1,1,0,0,0,0,0,normal,2026-07-25 08:13:00
DOC039,8.45,557.0,34,1,1,0,0,0,0,0,normal,2026-07-24 08:45:00
DOC039,8.59,566.0,35,1,1,0,0,0,0,0,normal,2026-07-24 08:19:00
DOC039,9.22,525.0,39,1,1,0,0,0,0,0,normal,2026-07-23 09:20:00
DOC039,8.41,581.0,31,2,1,0,0,0,0,0,normal,2026-07-23 08:31:00
DOC039,9.24,573.0,29,1,1,0,0,0,0,0,normal,2026-07-22 09:47:00
DOC039,9.24,585.0,35,2,1,0,0,0,0,0,normal,2026-07-22 09:01:00
DOC039,9.43,511.0,32,1,1,0,0,0,0,0,normal,2026-07-21 09:22:00
DOC039,8.7,559.0,33,3,1,0,0,0,0,0,normal,2026-07-21 08:44:00
DOC039,8.32,552.0,35,1,1,0,0,0,0,0,normal,2026-07-20 08:39:00
DOC039,9.34,560.0,38,1,1,0,0,0,0,0,normal,2026-07-20 09:38:00
DOC039,8.36,604.0,34,1,1,0,0,0,0,0,normal,2026-07-20 08:59:00
DOC039,8.15,566.0,39,1,1,0,0,0,0,0,normal,2026-07-18 08:30:00
DOC039,8.27,530.0,30,2,1,0,0,0,0,0,normal,2026-07-18 08:52:00
DOC039,9.18,566.0,29,3,1,0,0,0,0,0,normal,2026-07-18 09:28:00
DOC039,9.21,534.0,32,3,1,0,0,0,0,0,normal,2026-07-17 09:11:00
DOC039,8.88,549.0,38,1,1,0,0,0,0,0,normal,2026-07-17 08:43:00
DOC039,9.39,502.0,35,1,1,0,0,0,0,0,normal,2026-07-17 09:23:00
DOC039,9.26,526.0,36,2,1,0,0,0,0,0,normal,2026-07-16 09:10:00
DOC039,9.11,610.0,39,2,1,0,0,0,0,0,normal,2026-07-16 09:50:00
DOC039,9.44,525.0,35,3,1,0,0,0,0,0,normal,2026-07-15 09:19:00
DOC039,9.46,559.0,36,1,1,0,0,0,0,0,normal,2026-07-14 09:18:00
DOC039,8.25,555.0,34,1,1,0,0,0,0,0,normal,2026-07-14 08:01:00
DOC039,8.25,565.0,40,3,1,0,0,0,0,0,normal,2026-07-13 08:12:00
DOC039,9.03,493.0,40,2,1,0,0,0,0,0,normal,2026-07-11 09:23:00
DOC039,8.71,514.0,34,3,1,0,0,0,0,0,normal,2026-07-11 08:34:00
DOC039,8.71,524.0,38,3,1,0,0,0,0,0,normal,2026-07-10 08:33:00
DOC039,8.98,588.0,40,3,1,0,0,0,0,0,normal,2026-07-10 08:14:00
DOC039,8.84,499.0,34,3,1,0,0,0,0,0,normal,2026-07-09 08:10:00
DOC039,8.6,494.0,32,1,1,0,0,0,0,0,normal,2026-07-09 08:56:00
DOC039,9.33,608.0,37,2,1,0,0,0,0,0,normal,2026-07-08 09:18:00
DOC039,8.92,581.0,38,1,1,0,0,0,0,0,normal,2026-07-08 08:50:00
DOC039,8.98,611.0,36,1,1,0,0,0,0,0,normal,2026-07-08 08:28:00
DOC039,8.16,598.0,32,2,1,0,0,0,0,0,normal,2026-07-07 08:22:00
DOC039,8.87,533.0,30,2,1,0,0,0,0,0,normal,2026-07-07 08:13:00
DOC039,9.4,550.0,37,1,1,0,0,0,0,0,normal,2026-07-06 09:33:00
DOC039,8.51,511.0,31,3,1,0,0,0,0,0,normal,2026-07-06 08:38:00
DOC039,8.58,542.0,33,1,1,0,0,0,0,0,normal,2026-07-06 08:24:00
DOC039,8.18,547.0,37,3,1,0,0,0,0,0,normal,2026-07-04 08:47:00
DOC039,9.0,544.0,32,2,1,0,0,0,0,0,normal,2026-07-04 09:31:00
DOC039,9.46,523.0,34,1,1,0,0,0,0,0,normal,2026-07-03 09:05:00
DOC039,9.37,512.0,40,2,1,0,0,0,0,0,normal,2026-07-03 09:03:00
DOC039,8.48,550.0,32,1,1,0,0,0,0,0,normal,2026-07-03 08:28:00
DOC039,9.07,606.0,29,2,1,0,0,0,0,0,normal,2026-07-02 09:43:00
DOC039,8.56,581.0,31,2,1,0,0,0,0,0,normal,2026-07-02 08:24:00
DOC039,9.19,567.0,31,2,1,0,0,0,0,0,normal,2026-07-01 09:40:00
DOC039,8.21,610.0,34,3,1,0,0,0,0,0,normal,2026-07-01 08:48:00
DOC039,9.43,530.0,30,1,1,0,0,0,0,0,normal,2026-06-30 09:14:00
DOC039,8.19,604.0,39,1,1,0,0,0,0,0,normal,2026-06-29 08:13:00
DOC039,9.07,531.0,38,3,1,0,0,0,0,0,normal,2026-06-29 09:18:00
DOC039,9.2,523.0,34,2,1,0,0,0,0,0,normal,2026-06-29 09:52:00
DOC039,9.4,590.0,35,3,1,0,0,0,0,0,normal,2026-06-27 09:27:00
DOC039,9.04,600.0,30,2,1,0,0,0,0,0,normal,2026-06-27 09:34:00
DOC039,8.95,529.0,40,2,1,0,0,0,0,0,normal,2026-06-27 08:05:00
DOC039,8.44,549.0,32,1,1,0,0,0,0,0,normal,2026-06-26 08:40:00
DOC039,8.32,513.0,32,3,1,0,0,0,0,0,normal,2026-06-26 08:50:00
DOC039,8.58,557.0,34,3,1,0,0,0,0,0,normal,2026-06-26 08:10:00
DOC039,9.16,526.0,38,3,1,0,0,0,0,0,normal,2026-06-25 09:50:00
DOC039,9.15,508.0,41,2,1,0,0,0,0,0,normal,2026-06-25 09:39:00
DOC039,9.46,591.0,38,2,1,0,0,0,0,0,normal,2026-06-24 09:59:00
DOC039,8.91,502.0,41,1,1,0,0,0,0,0,normal,2026-06-24 08:20:00
DOC039,8.79,553.0,37,2,1,0,0,0,0,0,normal,2026-06-24 08:03:00
DOC039,8.98,547.0,40,2,1,0,0,0,0,0,normal,2026-06-23 08:33:00
DOC039,8.46,554.0,36,3,1,0,0,0,0,0,normal,2026-06-22 08:00:00
DOC039,8.6,557.0,31,1,1,0,0,0,0,0,normal,2026-06-22 08:24:00
DOC039,9.11,506.0,36,3,1,0,0,0,0,0,normal,2026-06-20 09:04:00
DOC039,8.81,593.0,37,1,1,0,0,0,0,0,normal,2026-06-19 08:38:00
DOC039,8.2,500.0,40,3,1,0,0,0,0,0,normal,2026-06-19 08:39:00
DOC039,9.16,571.0,33,2,1,0,0,0,0,0,normal,2026-06-19 09:55:00
DOC039,8.49,531.0,35,1,1,0,0,0,0,0,normal,2026-06-18 08:50:00
DOC039,8.68,544.0,36,2,1,0,0,0,0,0,normal,2026-06-18 08:32:00
DOC039,8.94,513.0,32,3,1,0,0,0,0,0,normal,2026-06-17 08:34:00
DOC039,8.15,515.0,38,3,1,0,0,0,0,0,normal,2026-06-17 08:08:00
DOC039,9.41,534.0,38,2,1,0,0,0,0,0,normal,2026-06-17 09:23:00
DOC039,9.19,612.0,30,2,1,0,0,0,0,0,normal,2026-06-16 09:07:00
DOC039,8.82,499.0,35,3,1,0,0,0,0,0,normal,2026-06-16 08:50:00
DOC039,8.39,516.0,31,1,1,0,0,0,0,0,normal,2026-06-16 08:44:00
DOC039,8.11,554.0,32,1,1,0,0,0,0,0,normal,2026-06-15 08:55:00
DOC039,8.5,581.0,31,3,1,0,0,0,0,0,normal,2026-06-15 08:19:00
DOC039,8.44,574.0,39,1,1,0,0,0,0,0,normal,2026-06-15 08:43:00
DOC039,8.12,555.0,38,3,1,0,0,0,0,0,normal,2026-06-13 08:10:00
DOC039,8.55,576.0,30,3,1,0,0,0,0,0,normal,2026-06-13 08:56:00
DOC039,8.44,544.0,31,2,1,0,0,0,0,0,normal,2026-06-13 08:09:00
DOC039,9.28,570.0,40,2,1,0,0,0,0,0,normal,2026-06-12 09:15:00
DOC039,9.43,599.0,33,3,1,0,0,0,0,0,normal,2026-06-12 09:11:00
DOC039,8.97,598.0,39,3,1,0,0,0,0,0,normal,2026-06-11 08:21:00
DOC039,8.75,494.0,40,1,1,0,0,0,0,0,normal,2026-06-10 08:45:00
DOC039,9.42,568.0,40,1,1,0,0,0,0,0,normal,2026-06-10 09:53:00
DOC039,8.11,549.0,41,2,1,0,0,0,0,0,normal,2026-06-09 08:09:00
DOC039,8.48,605.0,35,1,1,0,0,0,0,0,normal,2026-06-08 08:39:00
DOC039,8.96,593.0,40,2,1,0,0,0,0,0,normal,2026-06-08 08:13:00
DOC039,9.36,591.0,32,1,1,0,0,0,0,0,normal,2026-06-06 09:58:00
DOC039,8.31,593.0,37,1,1,0,0,0,0,0,normal,2026-06-06 08:31:00
DOC039,8.28,509.0,33,1,1,0,0,0,0,0,normal,2026-06-06 08:19:00
DOC039,9.39,600.0,35,3,1,0,0,0,0,0,normal,2026-06-05 09:48:00
DOC039,8.28,522.0,39,3,1,0,0,0,0,0,normal,2026-06-05 08:37:00
DOC039,8.85,575.0,35,1,1,0,0,0,0,0,normal,2026-06-05 08:26:00
DOC039,8.27,505.0,32,2,1,0,0,0,0,0,normal,2026-06-04 08:03:00
DOC039,9.02,522.0,35,1,1,0,0,0,0,0,normal,2026-06-04 09:19:00
DOC039,8.49,570.0,31,1,1,0,0,0,0,0,normal,2026-06-04 08:47:00
DOC039,9.3,493.0,33,1,1,0,0,0,0,0,normal,2026-06-03 09:12:00
DOC039,8.87,499.0,34,3,1,0,0,0,0,0,normal,2026-06-03 08:03:00
DOC039,9.2,572.0,31,2,1,0,0,0,0,0,normal,2026-06-03 09:11:00
DOC039,8.96,583.0,31,2,1,0,0,0,0,0,normal,2026-06-02 08:05:00
DOC039,8.31,591.0,30,1,1,0,0,0,0,0,normal,2026-06-02 08:02:00
DOC039,8.33,593.0,29,2,1,0,0,0,0,0,normal,2026-06-01 08:13:00
DOC039,8.14,554.0,40,1,1,0,0,0,0,0,normal,2026-06-01 08:17:00
DOC039,8.87,554.0,38,1,1,0,0,0,0,0,normal,2026-06-01 08:40:00
DOC039,8.47,597.0,30,1,1,0,0,0,0,0,normal,2026-05-30 08:35:00
DOC039,8.41,528.0,39,1,1,0,0,0,0,0,normal,2026-05-30 08:16:00
DOC039,9.13,497.0,36,1,1,0,0,0,0,0,normal,2026-05-30 09:25:00
DOC039,8.89,549.0,40,2,1,0,0,0,0,0,normal,2026-05-29 08:31:00
DOC039,8.1,584.0,40,2,1,0,0,0,0,0,normal,2026-05-28 08:26:00
DOC039,9.43,506.0,38,1,1,0,0,0,0,0,normal,2026-05-27 09:31:00
DOC039,8.31,582.0,34,2,1,0,0,0,0,0,normal,2026-05-27 08:52:00
DOC039,8.56,520.0,33,2,1,0,0,0,0,0,normal,2026-05-27 08:47:00
DOC040,8.63,407.0,40,4,1,0,0,0,0,0,normal,2026-07-25 08:07:00
DOC040,9.25,309.0,34,2,1,0,0,0,0,0,normal,2026-07-25 09:34:00
DOC040,8.87,353.0,41,3,1,0,0,0,0,0,normal,2026-07-25 08:24:00
DOC040,8.05,378.0,36,3,1,0,0,0,0,0,normal,2026-07-24 08:17:00
DOC040,8.15,400.0,41,2,1,0,0,0,0,0,normal,2026-07-24 08:45:00
DOC040,8.52,313.0,39,2,1,0,0,0,0,0,normal,2026-07-23 08:20:00
DOC040,8.74,310.0,43,2,1,0,0,0,0,0,normal,2026-07-22 08:38:00
DOC040,8.44,416.0,34,2,1,0,0,0,0,0,normal,2026-07-22 08:21:00
DOC040,8.14,332.0,43,2,1,0,0,0,0,0,normal,2026-07-22 08:46:00
DOC040,8.44,385.0,35,2,1,0,0,0,0,0,normal,2026-07-21 08:31:00
DOC040,8.32,371.0,40,3,1,0,0,0,0,0,normal,2026-07-21 08:02:00
DOC040,8.97,339.0,41,4,1,0,0,0,0,0,normal,2026-07-21 08:46:00
DOC040,8.07,367.0,44,4,1,0,0,0,0,0,normal,2026-07-20 08:56:00
DOC040,8.21,405.0,34,2,1,0,0,0,0,0,normal,2026-07-20 08:06:00
DOC040,9.34,416.0,36,4,1,0,0,0,0,0,normal,2026-07-18 09:09:00
DOC040,8.46,311.0,38,3,1,0,0,0,0,0,normal,2026-07-18 08:40:00
DOC040,8.45,419.0,44,3,1,0,0,0,0,0,normal,2026-07-17 08:42:00
DOC040,8.23,308.0,39,4,1,0,0,0,0,0,normal,2026-07-16 08:22:00
DOC040,7.98,350.0,37,3,1,0,0,0,0,0,normal,2026-07-16 07:46:00
DOC040,8.55,414.0,35,2,1,0,0,0,0,0,normal,2026-07-16 08:00:00
DOC040,8.54,328.0,43,4,1,0,0,0,0,0,normal,2026-07-15 08:29:00
DOC040,8.56,417.0,36,2,1,0,0,0,0,0,normal,2026-07-15 08:25:00
DOC040,8.89,403.0,33,3,1,0,0,0,0,0,normal,2026-07-14 08:49:00
DOC040,9.1,309.0,36,3,1,0,0,0,0,0,normal,2026-07-13 09:25:00
DOC040,9.33,318.0,34,3,1,0,0,0,0,0,normal,2026-07-11 09:07:00
DOC040,8.78,424.0,39,4,1,0,0,0,0,0,normal,2026-07-11 08:42:00
DOC040,7.96,422.0,43,3,1,0,0,0,0,0,normal,2026-07-10 07:51:00
DOC040,8.03,386.0,40,4,1,0,0,0,0,0,normal,2026-07-10 08:13:00
DOC040,8.64,392.0,42,3,1,0,0,0,0,0,normal,2026-07-09 08:59:00
DOC040,8.33,378.0,41,4,1,0,0,0,0,0,normal,2026-07-09 08:34:00
DOC040,8.55,319.0,40,4,1,0,0,0,0,0,normal,2026-07-08 08:18:00
DOC040,8.0,327.0,39,3,1,0,0,0,0,0,normal,2026-07-07 07:30:00
DOC040,9.01,403.0,38,4,1,0,0,0,0,0,normal,2026-07-07 09:19:00
DOC040,8.01,377.0,45,4,1,0,0,0,0,0,normal,2026-07-06 08:48:00
DOC040,8.71,421.0,35,4,1,0,0,0,0,0,normal,2026-07-06 08:51:00
DOC040,8.69,416.0,42,4,1,0,0,0,0,0,normal,2026-07-04 08:54:00
DOC040,8.88,389.0,41,4,1,0,0,0,0,0,normal,2026-07-04 08:35:00
DOC040,8.98,376.0,38,4,1,0,0,0,0,0,normal,2026-07-04 08:27:00
DOC040,8.75,401.0,41,2,1,0,0,0,0,0,normal,2026-07-03 08:55:00
DOC040,8.38,339.0,34,3,1,0,0,0,0,0,normal,2026-07-02 08:40:00
DOC040,8.28,326.0,37,2,1,0,0,0,0,0,normal,2026-07-02 08:28:00
DOC040,8.65,384.0,35,4,1,0,0,0,0,0,normal,2026-07-02 08:02:00
DOC040,9.08,370.0,36,4,1,0,0,0,0,0,normal,2026-07-01 09:56:00
DOC040,8.32,357.0,44,4,1,0,0,0,0,0,normal,2026-07-01 08:03:00
DOC040,8.89,394.0,34,3,1,0,0,0,0,0,normal,2026-06-30 08:09:00
DOC040,9.09,401.0,43,3,1,0,0,0,0,0,normal,2026-06-30 09:58:00
DOC040,9.1,421.0,36,2,1,0,0,0,0,0,normal,2026-06-30 09:53:00
DOC040,8.7,422.0,45,3,1,0,0,0,0,0,normal,2026-06-29 08:41:00
DOC040,9.15,326.0,40,4,1,0,0,0,0,0,normal,2026-06-29 09:57:00
DOC040,9.34,392.0,36,4,1,0,0,0,0,0,normal,2026-06-27 09:13:00
DOC040,8.07,341.0,40,3,1,0,0,0,0,0,normal,2026-06-26 08:48:00
DOC040,9.21,306.0,35,3,1,0,0,0,0,0,normal,2026-06-26 09:29:00
DOC040,7.99,313.0,37,3,1,0,0,0,0,0,normal,2026-06-25 07:01:00
DOC040,8.13,422.0,39,3,1,0,0,0,0,0,normal,2026-06-24 08:10:00
DOC040,8.24,405.0,34,2,1,0,0,0,0,0,normal,2026-06-24 08:03:00
DOC040,8.52,359.0,42,4,1,0,0,0,0,0,normal,2026-06-24 08:22:00
DOC040,8.74,415.0,37,4,1,0,0,0,0,0,normal,2026-06-23 08:17:00
DOC040,8.69,329.0,42,2,1,0,0,0,0,0,normal,2026-06-23 08:51:00
DOC040,9.23,325.0,44,4,1,0,0,0,0,0,normal,2026-06-23 09:25:00
DOC040,8.45,399.0,38,3,1,0,0,0,0,0,normal,2026-06-22 08:45:00
DOC040,8.54,354.0,40,4,1,0,0,0,0,0,normal,2026-06-22 08:10:00
DOC040,8.97,332.0,41,3,1,0,0,0,0,0,normal,2026-06-20 08:58:00
DOC040,8.03,394.0,36,2,1,0,0,0,0,0,normal,2026-06-20 08:46:00
DOC040,8.96,420.0,40,3,1,0,0,0,0,0,normal,2026-06-20 08:40:00
DOC040,9.02,406.0,37,2,1,0,0,0,0,0,normal,2026-06-19 09:14:00
DOC040,8.47,416.0,42,3,1,0,0,0,0,0,normal,2026-06-19 08:17:00
DOC040,7.98,342.0,36,3,1,0,0,0,0,0,normal,2026-06-18 07:31:00
DOC040,8.75,306.0,43,4,1,0,0,0,0,0,normal,2026-06-18 08:54:00
DOC040,9.13,349.0,33,4,1,0,0,0,0,0,normal,2026-06-18 09:17:00
DOC040,9.04,398.0,40,3,1,0,0,0,0,0,normal,2026-06-17 09:10:00
DOC040,8.51,406.0,40,4,1,0,0,0,0,0,normal,2026-06-17 08:52:00
DOC040,8.05,308.0,43,4,1,0,0,0,0,0,normal,2026-06-17 08:34:00
DOC040,8.24,361.0,41,4,1,0,0,0,0,0,normal,2026-06-16 08:35:00
DOC040,7.99,310.0,38,3,1,0,0,0,0,0,normal,2026-06-16 07:42:00
DOC040,8.59,416.0,37,4,1,0,0,0,0,0,normal,2026-06-15 08:57:00
DOC040,8.06,409.0,35,2,1,0,0,0,0,0,normal,2026-06-13 08:49:00
DOC040,8.32,409.0,44,4,1,0,0,0,0,0,normal,2026-06-13 08:37:00
DOC040,8.93,383.0,35,3,1,0,0,0,0,0,normal,2026-06-13 08:09:00
DOC040,8.84,382.0,34,2,1,0,0,0,0,0,normal,2026-06-12 08:48:00
DOC040,8.98,411.0,37,2,1,0,0,0,0,0,normal,2026-06-12 08:45:00
DOC040,8.4,365.0,41,4,1,0,0,0,0,0,normal,2026-06-12 08:32:00
DOC040,8.23,405.0,40,2,1,0,0,0,0,0,normal,2026-06-11 08:27:00
DOC040,8.7,370.0,39,3,1,0,0,0,0,0,normal,2026-06-11 08:39:00
DOC040,9.21,316.0,42,2,1,0,0,0,0,0,normal,2026-06-10 09:35:00
DOC040,9.23,369.0,44,4,1,0,0,0,0,0,normal,2026-06-10 09:31:00
DOC040,8.19,420.0,37,4,1,0,0,0,0,0,normal,2026-06-09 08:25:00
DOC040,8.3,387.0,44,3,1,0,0,0,0,0,normal,2026-06-09 08:19:00
DOC040,8.65,353.0,39,3,1,0,0,0,0,0,normal,2026-06-08 08:06:00
DOC040,7.96,362.0,42,2,1,0,0,0,0,0,normal,2026-06-06 07:15:00
DOC040,8.64,423.0,44,3,1,0,0,0,0,0,normal,2026-06-06 08:00:00
DOC040,7.98,350.0,34,2,1,0,0,0,0,0,normal,2026-06-05 07:14:00
DOC040,8.2,418.0,38,2,1,0,0,0,0,0,normal,2026-06-05 08:49:00
DOC040,8.15,325.0,39,2,1,0,0,0,0,0,normal,2026-06-05 08:57:00
DOC040,9.31,405.0,38,2,1,0,0,0,0,0,normal,2026-06-04 09:59:00
DOC040,9.21,335.0,40,3,1,0,0,0,0,0,normal,2026-06-04 09:14:00
DOC040,8.75,397.0,35,4,1,0,0,0,0,0,normal,2026-06-03 08:51:00
DOC040,8.57,344.0,41,4,1,0,0,0,0,0,normal,2026-06-03 08:36:00
DOC040,9.23,323.0,34,3,1,0,0,0,0,0,normal,2026-06-02 09:59:00
DOC040,8.68,311.0,40,3,1,0,0,0,0,0,normal,2026-06-01 08:05:00
DOC040,8.0,409.0,43,2,1,0,0,0,0,0,normal,2026-06-01 08:06:00
DOC040,8.5,357.0,36,4,1,0,0,0,0,0,normal,2026-06-01 08:46:00
DOC040,9.28,382.0,34,2,1,0,0,0,0,0,normal,2026-05-30 09:53:00
DOC040,7.96,378.0,35,3,1,0,0,0,0,0,normal,2026-05-29 07:02:00
DOC040,9.29,368.0,45,3,1,0,0,0,0,0,normal,2026-05-29 09:51:00
DOC040,8.63,354.0,34,3,1,0,0,0,0,0,normal,2026-05-29 08:19:00
DOC040,8.09,400.0,33,3,1,0,0,0,0,0,normal,2026-05-28 08:11:00
DOC040,9.35,402.0,33,2,1,0,0,0,0,0,normal,2026-05-28 09:52:00
DOC040,8.71,319.0,41,4,1,0,0,0,0,0,normal,2026-05-27 08:12:00
DOC040,8.54,352.0,40,4,1,0,0,0,0,0,normal,2026-05-27 08:37:00
DOC040,8.92,322.0,36,2,1,0,0,0,0,0,normal,2026-05-27 08:02:00
DOC041,8.54,461.0,25,2,1,0,0,0,0,0,normal,2026-07-25 08:21:00
DOC041,8.4,442.0,31,3,1,0,0,0,0,0,normal,2026-07-24 08:45:00
DOC041,7.85,482.0,37,2,1,0,0,0,0,0,normal,2026-07-23 07:58:00
DOC041,8.65,432.0,26,4,1,0,0,0,0,0,normal,2026-07-23 08:06:00
DOC041,8.16,424.0,36,4,1,0,0,0,0,0,normal,2026-07-22 08:23:00
DOC041,8.11,523.0,35,4,1,0,0,0,0,0,normal,2026-07-21 08:02:00
DOC041,8.78,409.0,28,3,1,0,0,0,0,0,normal,2026-07-21 08:23:00
DOC041,7.83,519.0,34,3,1,0,0,0,0,0,normal,2026-07-20 07:44:00
DOC041,8.43,408.0,31,4,1,0,0,0,0,0,normal,2026-07-20 08:01:00
DOC041,7.94,445.0,34,3,1,0,0,0,0,0,normal,2026-07-18 07:16:00
DOC041,8.22,474.0,35,2,1,0,0,0,0,0,normal,2026-07-18 08:26:00
DOC041,7.72,503.0,27,3,1,0,0,0,0,0,normal,2026-07-17 07:19:00
DOC041,8.05,437.0,29,2,1,0,0,0,0,0,normal,2026-07-16 08:35:00
DOC041,8.36,515.0,31,3,1,0,0,0,0,0,normal,2026-07-16 08:33:00
DOC041,8.24,445.0,35,2,1,0,0,0,0,0,normal,2026-07-16 08:13:00
DOC041,8.65,455.0,35,3,1,0,0,0,0,0,normal,2026-07-15 08:48:00
DOC041,8.85,487.0,32,4,1,0,0,0,0,0,normal,2026-07-14 08:13:00
DOC041,7.68,445.0,29,4,1,0,0,0,0,0,normal,2026-07-13 07:25:00
DOC041,7.63,422.0,27,2,1,0,0,0,0,0,normal,2026-07-13 07:45:00
DOC041,8.25,449.0,25,2,1,0,0,0,0,0,normal,2026-07-13 08:07:00
DOC041,8.54,410.0,36,2,1,0,0,0,0,0,normal,2026-07-11 08:45:00
DOC041,8.06,515.0,26,4,1,0,0,0,0,0,normal,2026-07-11 08:16:00
DOC041,8.92,502.0,27,4,1,0,0,0,0,0,normal,2026-07-10 08:59:00
DOC041,8.27,411.0,32,2,1,0,0,0,0,0,normal,2026-07-09 08:52:00
DOC041,7.92,503.0,30,2,1,0,0,0,0,0,normal,2026-07-09 07:09:00
DOC041,8.87,442.0,30,3,1,0,0,0,0,0,normal,2026-07-08 08:56:00
DOC041,7.69,477.0,34,2,1,0,0,0,0,0,normal,2026-07-07 07:32:00
DOC041,7.97,455.0,37,4,1,0,0,0,0,0,normal,2026-07-07 07:34:00
DOC041,8.64,428.0,30,2,1,0,0,0,0,0,normal,2026-07-06 08:59:00
DOC041,8.33,492.0,30,3,1,0,0,0,0,0,normal,2026-07-04 08:16:00
DOC041,8.12,473.0,37,4,1,0,0,0,0,0,normal,2026-07-03 08:12:00
DOC041,8.61,499.0,29,2,1,0,0,0,0,0,normal,2026-07-02 08:50:00
DOC041,8.83,452.0,30,3,1,0,0,0,0,0,normal,2026-07-01 08:26:00
DOC041,8.44,442.0,35,2,1,0,0,0,0,0,normal,2026-07-01 08:05:00
DOC041,8.64,523.0,28,4,1,0,0,0,0,0,normal,2026-06-30 08:22:00
DOC041,8.9,454.0,31,4,1,0,0,0,0,0,normal,2026-06-29 08:32:00
DOC041,8.46,500.0,37,2,1,0,0,0,0,0,normal,2026-06-27 08:49:00
DOC041,8.49,481.0,29,3,1,0,0,0,0,0,normal,2026-06-26 08:16:00
DOC041,8.97,516.0,36,4,1,0,0,0,0,0,normal,2026-06-25 08:33:00
DOC041,8.64,436.0,32,2,1,0,0,0,0,0,normal,2026-06-24 08:51:00
DOC041,7.77,508.0,27,3,1,0,0,0,0,0,normal,2026-06-24 07:28:00
DOC041,7.96,476.0,31,2,1,0,0,0,0,0,normal,2026-06-23 07:06:00
DOC041,8.95,500.0,27,2,1,0,0,0,0,0,normal,2026-06-23 08:00:00
DOC041,8.92,521.0,36,2,1,0,0,0,0,0,normal,2026-06-22 08:37:00
DOC041,8.93,457.0,27,3,1,0,0,0,0,0,normal,2026-06-22 08:29:00
DOC041,7.79,494.0,36,4,1,0,0,0,0,0,normal,2026-06-20 07:38:00
DOC041,8.13,461.0,36,2,1,0,0,0,0,0,normal,2026-06-20 08:18:00
DOC041,8.25,477.0,27,3,1,0,0,0,0,0,normal,2026-06-20 08:35:00
DOC041,8.35,468.0,32,4,1,0,0,0,0,0,normal,2026-06-19 08:24:00
DOC041,8.15,455.0,33,4,1,0,0,0,0,0,normal,2026-06-18 08:39:00
DOC041,7.94,520.0,30,3,1,0,0,0,0,0,normal,2026-06-18 07:50:00
DOC041,8.69,454.0,28,3,1,0,0,0,0,0,normal,2026-06-17 08:04:00
DOC041,8.16,489.0,31,2,1,0,0,0,0,0,normal,2026-06-17 08:52:00
DOC041,7.82,444.0,37,2,1,0,0,0,0,0,normal,2026-06-17 07:38:00
DOC041,8.7,462.0,26,4,1,0,0,0,0,0,normal,2026-06-16 08:46:00
DOC041,8.92,449.0,29,4,1,0,0,0,0,0,normal,2026-06-15 08:36:00
DOC041,7.68,505.0,34,2,1,0,0,0,0,0,normal,2026-06-13 07:02:00
DOC041,8.06,505.0,25,2,1,0,0,0,0,0,normal,2026-06-12 08:48:00
DOC041,8.05,522.0,35,4,1,0,0,0,0,0,normal,2026-06-12 08:51:00
DOC041,8.62,415.0,31,3,1,0,0,0,0,0,normal,2026-06-12 08:39:00
DOC041,8.3,507.0,26,4,1,0,0,0,0,0,normal,2026-06-11 08:57:00
DOC041,8.29,416.0,30,3,1,0,0,0,0,0,normal,2026-06-11 08:28:00
DOC041,7.6,408.0,30,3,1,0,0,0,0,0,normal,2026-06-10 07:39:00
DOC041,7.61,466.0,31,3,1,0,0,0,0,0,normal,2026-06-10 07:19:00
DOC041,8.33,437.0,36,4,1,0,0,0,0,0,normal,2026-06-09 08:32:00
DOC041,8.41,515.0,34,4,1,0,0,0,0,0,normal,2026-06-09 08:22:00
DOC041,7.89,491.0,32,3,1,0,0,0,0,0,normal,2026-06-09 07:06:00
DOC041,8.67,431.0,30,2,1,0,0,0,0,0,normal,2026-06-08 08:59:00
DOC041,8.99,506.0,35,3,1,0,0,0,0,0,normal,2026-06-06 08:47:00
DOC041,7.74,492.0,35,3,1,0,0,0,0,0,normal,2026-06-05 07:41:00
DOC041,7.7,523.0,32,3,1,0,0,0,0,0,normal,2026-06-04 07:50:00
DOC041,8.99,460.0,30,4,1,0,0,0,0,0,normal,2026-06-04 08:50:00
DOC041,8.85,487.0,27,4,1,0,0,0,0,0,normal,2026-06-04 08:43:00
DOC041,8.85,429.0,31,2,1,0,0,0,0,0,normal,2026-06-03 08:34:00
DOC041,8.63,412.0,36,3,1,0,0,0,0,0,normal,2026-06-03 08:09:00
DOC041,7.62,515.0,28,4,1,0,0,0,0,0,normal,2026-06-02 07:50:00
DOC041,7.7,515.0,35,3,1,0,0,0,0,0,normal,2026-06-02 07:30:00
DOC041,8.11,421.0,34,4,1,0,0,0,0,0,normal,2026-06-01 08:26:00
DOC041,8.63,469.0,26,4,1,0,0,0,0,0,normal,2026-05-30 08:44:00
DOC041,8.7,447.0,26,2,1,0,0,0,0,0,normal,2026-05-30 08:47:00
DOC041,8.45,504.0,31,4,1,0,0,0,0,0,normal,2026-05-30 08:20:00
DOC041,8.58,424.0,35,2,1,0,0,0,0,0,normal,2026-05-29 08:12:00
DOC041,8.31,491.0,33,4,1,0,0,0,0,0,normal,2026-05-28 08:52:00
DOC041,8.67,435.0,31,4,1,0,0,0,0,0,normal,2026-05-28 08:51:00
DOC041,8.5,437.0,28,2,1,0,0,0,0,0,normal,2026-05-28 08:51:00
DOC041,8.45,432.0,33,3,1,0,0,0,0,0,normal,2026-05-27 08:12:00
DOC042,8.59,417.0,27,4,1,0,0,0,0,0,normal,2026-07-25 08:38:00
DOC042,8.19,465.0,32,6,1,0,0,0,0,0,normal,2026-07-25 08:17:00
DOC042,9.03,372.0,34,4,1,0,0,0,0,0,normal,2026-07-25 09:58:00
DOC042,8.4,480.0,27,6,1,0,0,0,0,0,normal,2026-07-24 08:59:00
DOC042,8.61,419.0,34,4,1,0,0,0,0,0,normal,2026-07-23 08:57:00
DOC042,8.36,473.0,37,4,1,0,0,0,0,0,normal,2026-07-23 08:02:00
DOC042,8.78,409.0,33,6,1,0,0,0,0,0,normal,2026-07-23 08:10:00
DOC042,8.6,464.0,27,4,1,0,0,0,0,0,normal,2026-07-22 08:11:00
DOC042,9.22,385.0,27,6,1,0,0,0,0,0,normal,2026-07-21 09:59:00
DOC042,9.2,441.0,36,4,1,0,0,0,0,0,normal,2026-07-21 09:36:00
DOC042,7.97,405.0,26,5,1,0,0,0,0,0,normal,2026-07-21 07:07:00
DOC042,8.47,394.0,29,4,1,0,0,0,0,0,normal,2026-07-20 08:55:00
DOC042,9.15,468.0,36,5,1,0,0,0,0,0,normal,2026-07-20 09:18:00
DOC042,8.7,487.0,34,6,1,0,0,0,0,0,normal,2026-07-20 08:18:00
DOC042,8.82,402.0,31,6,1,0,0,0,0,0,normal,2026-07-18 08:06:00
DOC042,9.3,464.0,31,4,1,0,0,0,0,0,normal,2026-07-18 09:50:00
DOC042,9.12,400.0,33,6,1,0,0,0,0,0,normal,2026-07-18 09:47:00
DOC042,9.07,416.0,28,5,1,0,0,0,0,0,normal,2026-07-17 09:51:00
DOC042,9.14,399.0,30,6,1,0,0,0,0,0,normal,2026-07-17 09:39:00
DOC042,8.63,417.0,33,4,1,0,0,0,0,0,normal,2026-07-17 08:27:00
DOC042,8.19,405.0,37,5,1,0,0,0,0,0,normal,2026-07-16 08:22:00
DOC042,8.83,374.0,33,6,1,0,0,0,0,0,normal,2026-07-16 08:06:00
DOC042,8.74,408.0,31,5,1,0,0,0,0,0,normal,2026-07-15 08:12:00
DOC042,8.37,392.0,27,4,1,0,0,0,0,0,normal,2026-07-14 08:42:00
DOC042,9.24,428.0,36,5,1,0,0,0,0,0,normal,2026-07-14 09:56:00
DOC042,8.49,395.0,33,6,1,0,0,0,0,0,normal,2026-07-14 08:35:00
DOC042,8.24,425.0,26,6,1,0,0,0,0,0,normal,2026-07-13 08:41:00
DOC042,8.96,383.0,31,6,1,0,0,0,0,0,normal,2026-07-13 08:56:00
DOC042,8.54,377.0,34,5,1,0,0,0,0,0,normal,2026-07-11 08:54:00
DOC042,8.96,374.0,32,4,1,0,0,0,0,0,normal,2026-07-11 08:04:00
DOC042,9.16,422.0,29,5,1,0,0,0,0,0,normal,2026-07-11 09:25:00
DOC042,8.6,381.0,26,6,1,0,0,0,0,0,normal,2026-07-10 08:52:00
DOC042,9.03,389.0,35,6,1,0,0,0,0,0,normal,2026-07-10 09:11:00
DOC042,8.52,468.0,28,6,1,0,0,0,0,0,normal,2026-07-09 08:10:00
DOC042,8.07,421.0,34,4,1,0,0,0,0,0,normal,2026-07-08 08:31:00
DOC042,8.42,479.0,32,6,1,0,0,0,0,0,normal,2026-07-08 08:45:00
DOC042,8.2,462.0,32,4,1,0,0,0,0,0,normal,2026-07-07 08:45:00
DOC042,8.75,394.0,25,6,1,0,0,0,0,0,normal,2026-07-06 08:13:00
DOC042,9.28,410.0,26,4,1,0,0,0,0,0,normal,2026-07-06 09:14:00
DOC042,8.47,424.0,30,4,1,0,0,0,0,0,normal,2026-07-06 08:36:00
DOC042,8.93,474.0,34,4,1,0,0,0,0,0,normal,2026-07-04 08:32:00
DOC042,8.07,473.0,34,4,1,0,0,0,0,0,normal,2026-07-04 08:49:00
DOC042,8.74,426.0,29,5,1,0,0,0,0,0,normal,2026-07-04 08:06:00
DOC042,7.98,469.0,32,4,1,0,0,0,0,0,normal,2026-07-03 07:13:00
DOC042,8.12,380.0,28,4,1,0,0,0,0,0,normal,2026-07-02 08:47:00
DOC042,8.87,445.0,35,6,1,0,0,0,0,0,normal,2026-07-01 08:33:00
DOC042,8.64,438.0,35,6,1,0,0,0,0,0,normal,2026-07-01 08:37:00
DOC042,8.99,372.0,25,5,1,0,0,0,0,0,normal,2026-07-01 08:34:00
DOC042,8.45,473.0,31,5,1,0,0,0,0,0,normal,2026-06-30 08:45:00
DOC042,8.25,382.0,33,4,1,0,0,0,0,0,normal,2026-06-29 08:43:00
DOC042,8.83,434.0,27,5,1,0,0,0,0,0,normal,2026-06-29 08:13:00
DOC042,9.1,413.0,28,4,1,0,0,0,0,0,normal,2026-06-29 09:52:00
DOC042,9.16,398.0,28,4,1,0,0,0,0,0,normal,2026-06-27 09:55:00
DOC042,8.36,381.0,28,5,1,0,0,0,0,0,normal,2026-06-27 08:07:00
DOC042,8.58,392.0,32,4,1,0,0,0,0,0,normal,2026-06-26 08:02:00
DOC042,8.16,406.0,34,4,1,0,0,0,0,0,normal,2026-06-25 08:00:00
DOC042,8.8,407.0,34,6,1,0,0,0,0,0,normal,2026-06-24 08:11:00
DOC042,8.76,469.0,36,5,1,0,0,0,0,0,normal,2026-06-24 08:40:00
DOC042,8.48,456.0,37,5,1,0,0,0,0,0,normal,2026-06-23 08:15:00
DOC042,8.56,469.0,35,5,1,0,0,0,0,0,normal,2026-06-23 08:46:00
DOC042,8.34,488.0,33,6,1,0,0,0,0,0,normal,2026-06-22 08:55:00
DOC042,8.69,456.0,27,4,1,0,0,0,0,0,normal,2026-06-22 08:55:00
DOC042,8.31,374.0,26,6,1,0,0,0,0,0,normal,2026-06-20 08:25:00
DOC042,9.02,434.0,36,6,1,0,0,0,0,0,normal,2026-06-20 09:37:00
DOC042,9.04,489.0,31,4,1,0,0,0,0,0,normal,2026-06-20 09:01:00
DOC042,8.18,430.0,26,5,1,0,0,0,0,0,normal,2026-06-19 08:55:00
DOC042,8.16,373.0,26,4,1,0,0,0,0,0,normal,2026-06-19 08:49:00
DOC042,9.07,445.0,36,6,1,0,0,0,0,0,normal,2026-06-18 09:37:00
DOC042,9.21,381.0,35,5,1,0,0,0,0,0,normal,2026-06-17 09:14:00
DOC042,8.52,396.0,31,4,1,0,0,0,0,0,normal,2026-06-17 08:54:00
DOC042,8.53,483.0,30,5,1,0,0,0,0,0,normal,2026-06-16 08:19:00
DOC042,8.5,471.0,26,4,1,0,0,0,0,0,normal,2026-06-15 08:48:00
DOC042,8.6,409.0,36,4,1,0,0,0,0,0,normal,2026-06-15 08:22:00
DOC042,8.2,383.0,34,5,1,0,0,0,0,0,normal,2026-06-15 08:24:00
DOC042,9.28,426.0,31,4,1,0,0,0,0,0,normal,2026-06-13 09:36:00
DOC042,8.76,429.0,33,5,1,0,0,0,0,0,normal,2026-06-13 08:44:00
DOC042,8.69,380.0,28,5,1,0,0,0,0,0,normal,2026-06-13 08:54:00
DOC042,8.83,376.0,32,6,1,0,0,0,0,0,normal,2026-06-12 08:08:00
DOC042,7.99,375.0,32,5,1,0,0,0,0,0,normal,2026-06-12 07:56:00
DOC042,8.94,386.0,25,5,1,0,0,0,0,0,normal,2026-06-11 08:06:00
DOC042,8.51,417.0,33,5,1,0,0,0,0,0,normal,2026-06-10 08:26:00
DOC042,7.96,422.0,30,6,1,0,0,0,0,0,normal,2026-06-10 07:21:00
DOC042,7.97,409.0,35,5,1,0,0,0,0,0,normal,2026-06-10 07:23:00
DOC042,9.0,376.0,29,6,1,0,0,0,0,0,normal,2026-06-09 09:43:00
DOC042,9.28,487.0,31,6,1,0,0,0,0,0,normal,2026-06-09 09:24:00
DOC042,8.16,479.0,34,6,1,0,0,0,0,0,normal,2026-06-09 08:52:00
DOC042,8.45,430.0,28,6,1,0,0,0,0,0,normal,2026-06-08 08:00:00
DOC042,9.27,482.0,27,5,1,0,0,0,0,0,normal,2026-06-08 09:26:00
DOC042,8.94,404.0,33,4,1,0,0,0,0,0,normal,2026-06-06 08:59:00
DOC042,9.3,447.0,34,5,1,0,0,0,0,0,normal,2026-06-06 09:48:00
DOC042,8.27,469.0,35,4,1,0,0,0,0,0,normal,2026-06-06 08:42:00
DOC042,9.13,450.0,32,5,1,0,0,0,0,0,normal,2026-06-05 09:22:00
DOC042,7.98,415.0,28,4,1,0,0,0,0,0,normal,2026-06-05 07:21:00
DOC042,7.99,416.0,25,6,1,0,0,0,0,0,normal,2026-06-04 07:04:00
DOC042,8.82,379.0,27,4,1,0,0,0,0,0,normal,2026-06-04 08:19:00
DOC042,8.9,386.0,37,5,1,0,0,0,0,0,normal,2026-06-04 08:19:00
DOC042,8.9,411.0,37,5,1,0,0,0,0,0,normal,2026-06-03 08:22:00
DOC042,8.95,462.0,28,6,1,0,0,0,0,0,normal,2026-06-03 08:27:00
DOC042,9.04,405.0,28,6,1,0,0,0,0,0,normal,2026-06-02 09:15:00
DOC042,8.28,468.0,31,5,1,0,0,0,0,0,normal,2026-06-02 08:41:00
DOC042,8.24,478.0,30,6,1,0,0,0,0,0,normal,2026-06-01 08:20:00
DOC042,8.43,473.0,36,5,1,0,0,0,0,0,normal,2026-05-30 08:32:00
DOC042,8.42,460.0,30,5,1,0,0,0,0,0,normal,2026-05-30 08:22:00
DOC042,9.0,395.0,34,5,1,0,0,0,0,0,normal,2026-05-30 08:25:00
DOC042,8.17,373.0,33,5,1,0,0,0,0,0,normal,2026-05-29 08:28:00
DOC042,8.42,406.0,25,6,1,0,0,0,0,0,normal,2026-05-28 08:48:00
DOC042,8.65,440.0,29,4,1,0,0,0,0,0,normal,2026-05-28 08:41:00
DOC042,8.16,462.0,29,6,1,0,0,0,0,0,normal,2026-05-27 08:03:00
DOC042,8.28,465.0,35,4,1,0,0,0,0,0,normal,2026-05-27 08:42:00
DOC043,8.87,424.0,23,1,1,0,0,0,0,0,normal,2026-07-25 08:30:00
DOC043,8.58,347.0,22,3,1,0,0,0,0,0,normal,2026-07-24 08:39:00
DOC043,9.16,315.0,23,3,1,0,0,0,0,0,normal,2026-07-24 09:59:00
DOC043,7.83,418.0,27,3,1,0,0,0,0,0,normal,2026-07-23 07:35:00
DOC043,8.8,336.0,21,3,1,0,0,0,0,0,normal,2026-07-23 08:13:00
DOC043,8.28,316.0,18,3,1,0,0,0,0,0,normal,2026-07-23 08:23:00
DOC043,8.21,323.0,22,1,1,0,0,0,0,0,normal,2026-07-22 08:41:00
DOC043,9.05,395.0,23,2,1,0,0,0,0,0,normal,2026-07-22 09:30:00
DOC043,8.7,424.0,16,3,1,0,0,0,0,0,normal,2026-07-21 08:39:00
DOC043,7.85,379.0,20,2,1,0,0,0,0,0,normal,2026-07-20 07:36:00
DOC043,8.08,342.0,25,1,1,0,0,0,0,0,normal,2026-07-20 08:56:00
DOC043,8.7,322.0,26,1,1,0,0,0,0,0,normal,2026-07-18 08:35:00
DOC043,8.03,399.0,22,2,1,0,0,0,0,0,normal,2026-07-18 08:37:00
DOC043,8.13,359.0,23,1,1,0,0,0,0,0,normal,2026-07-17 08:21:00
DOC043,7.95,367.0,23,1,1,0,0,0,0,0,normal,2026-07-17 07:13:00
DOC043,8.01,332.0,24,3,1,0,0,0,0,0,normal,2026-07-17 08:45:00
DOC043,8.19,359.0,24,2,1,0,0,0,0,0,normal,2026-07-16 08:39:00
DOC043,7.85,327.0,19,1,1,0,0,0,0,0,normal,2026-07-16 07:55:00
DOC043,8.98,317.0,15,2,1,0,0,0,0,0,normal,2026-07-16 08:34:00
DOC043,8.36,421.0,26,2,1,0,0,0,0,0,normal,2026-07-15 08:57:00
DOC043,9.2,364.0,22,1,1,0,0,0,0,0,normal,2026-07-14 09:43:00
DOC043,8.27,402.0,18,2,1,0,0,0,0,0,normal,2026-07-13 08:22:00
DOC043,8.26,405.0,22,1,1,0,0,0,0,0,normal,2026-07-13 08:25:00
DOC043,7.95,314.0,19,1,1,0,0,0,0,0,normal,2026-07-13 07:50:00
DOC043,8.35,414.0,22,1,1,0,0,0,0,0,normal,2026-07-11 08:48:00
DOC043,8.49,334.0,20,1,1,0,0,0,0,0,normal,2026-07-11 08:54:00
DOC043,9.0,416.0,23,1,1,0,0,0,0,0,normal,2026-07-10 08:45:00
DOC043,8.63,318.0,25,2,1,0,0,0,0,0,normal,2026-07-10 08:39:00
DOC043,8.91,365.0,18,3,1,0,0,0,0,0,normal,2026-07-10 08:51:00
DOC043,8.54,418.0,24,1,1,0,0,0,0,0,normal,2026-07-09 08:21:00
DOC043,7.86,346.0,20,1,1,0,0,0,0,0,normal,2026-07-08 07:41:00
DOC043,8.19,360.0,20,1,1,0,0,0,0,0,normal,2026-07-08 08:14:00
DOC043,8.28,371.0,23,2,1,0,0,0,0,0,normal,2026-07-08 08:57:00
DOC043,8.0,381.0,20,1,1,0,0,0,0,0,normal,2026-07-07 08:16:00
DOC043,8.39,362.0,19,1,1,0,0,0,0,0,normal,2026-07-07 08:13:00
DOC043,8.05,389.0,25,3,1,0,0,0,0,0,normal,2026-07-07 08:40:00
DOC043,8.79,369.0,15,2,1,0,0,0,0,0,normal,2026-07-06 08:29:00
DOC043,8.69,361.0,18,1,1,0,0,0,0,0,normal,2026-07-06 08:41:00
DOC043,8.55,425.0,17,2,1,0,0,0,0,0,normal,2026-07-04 08:15:00
DOC043,8.3,372.0,21,3,1,0,0,0,0,0,normal,2026-07-04 08:11:00
DOC043,9.16,347.0,23,2,1,0,0,0,0,0,normal,2026-07-04 09:43:00
DOC043,8.59,421.0,21,1,1,0,0,0,0,0,normal,2026-07-03 08:06:00
DOC043,9.12,380.0,21,1,1,0,0,0,0,0,normal,2026-07-03 09:37:00
DOC043,8.11,372.0,15,3,1,0,0,0,0,0,normal,2026-07-03 08:21:00
DOC043,7.92,420.0,21,2,1,0,0,0,0,0,normal,2026-07-02 07:27:00
DOC043,8.66,316.0,15,3,1,0,0,0,0,0,normal,2026-07-01 08:11:00
DOC043,8.43,329.0,17,3,1,0,0,0,0,0,normal,2026-06-30 08:36:00
DOC043,9.01,328.0,23,2,1,0,0,0,0,0,normal,2026-06-29 09:45:00
DOC043,8.09,370.0,20,1,1,0,0,0,0,0,normal,2026-06-27 08:44:00
DOC043,8.2,351.0,15,3,1,0,0,0,0,0,normal,2026-06-26 08:30:00
DOC043,8.28,379.0,16,2,1,0,0,0,0,0,normal,2026-06-26 08:38:00
DOC043,7.84,319.0,20,1,1,0,0,0,0,0,normal,2026-06-25 07:08:00
DOC043,8.31,419.0,23,3,1,0,0,0,0,0,normal,2026-06-24 08:11:00
DOC043,8.94,380.0,15,2,1,0,0,0,0,0,normal,2026-06-24 08:43:00
DOC043,8.51,413.0,26,3,1,0,0,0,0,0,normal,2026-06-24 08:58:00
DOC043,8.74,326.0,19,3,1,0,0,0,0,0,normal,2026-06-23 08:09:00
DOC043,8.11,381.0,24,2,1,0,0,0,0,0,normal,2026-06-23 08:19:00
DOC043,8.16,335.0,23,2,1,0,0,0,0,0,normal,2026-06-23 08:24:00
DOC043,8.74,430.0,23,2,1,0,0,0,0,0,normal,2026-06-22 08:44:00
DOC043,8.22,389.0,20,3,1,0,0,0,0,0,normal,2026-06-22 08:17:00
DOC043,8.13,342.0,23,1,1,0,0,0,0,0,normal,2026-06-22 08:00:00
DOC043,8.25,411.0,23,3,1,0,0,0,0,0,normal,2026-06-20 08:51:00
DOC043,8.57,317.0,18,2,1,0,0,0,0,0,normal,2026-06-19 08:08:00
DOC043,9.11,410.0,27,2,1,0,0,0,0,0,normal,2026-06-19 09:40:00
DOC043,8.56,385.0,25,3,1,0,0,0,0,0,normal,2026-06-18 08:06:00
DOC043,8.32,355.0,17,2,1,0,0,0,0,0,normal,2026-06-18 08:48:00
DOC043,9.16,387.0,19,3,1,0,0,0,0,0,normal,2026-06-18 09:27:00
DOC043,8.79,429.0,23,1,1,0,0,0,0,0,normal,2026-06-17 08:27:00
DOC043,7.95,335.0,20,3,1,0,0,0,0,0,normal,2026-06-17 07:21:00
DOC043,8.6,374.0,25,1,1,0,0,0,0,0,normal,2026-06-16 08:08:00
DOC043,8.05,415.0,20,2,1,0,0,0,0,0,normal,2026-06-16 08:43:00
DOC043,7.85,394.0,17,3,1,0,0,0,0,0,normal,2026-06-16 07:17:00
DOC043,9.14,404.0,26,1,1,0,0,0,0,0,normal,2026-06-15 09:56:00
DOC043,8.27,330.0,25,3,1,0,0,0,0,0,normal,2026-06-15 08:00:00
DOC043,7.85,372.0,23,2,1,0,0,0,0,0,normal,2026-06-15 07:28:00
DOC043,8.2,361.0,20,1,1,0,0,0,0,0,normal,2026-06-13 08:15:00
DOC043,7.96,423.0,23,2,1,0,0,0,0,0,normal,2026-06-13 07:34:00
DOC043,8.07,323.0,20,2,1,0,0,0,0,0,normal,2026-06-12 08:12:00
DOC043,8.55,362.0,16,1,1,0,0,0,0,0,normal,2026-06-12 08:33:00
DOC043,8.08,367.0,16,1,1,0,0,0,0,0,normal,2026-06-11 08:00:00
DOC043,8.65,330.0,15,1,1,0,0,0,0,0,normal,2026-06-11 08:55:00
DOC043,8.43,394.0,16,1,1,0,0,0,0,0,normal,2026-06-10 08:52:00
DOC043,8.64,315.0,19,3,1,0,0,0,0,0,normal,2026-06-09 08:31:00
DOC043,8.12,363.0,23,1,1,0,0,0,0,0,normal,2026-06-09 08:54:00
DOC043,8.84,419.0,20,1,1,0,0,0,0,0,normal,2026-06-08 08:15:00
DOC043,8.65,367.0,19,2,1,0,0,0,0,0,normal,2026-06-08 08:13:00
DOC043,8.04,393.0,23,1,1,0,0,0,0,0,normal,2026-06-06 08:43:00
DOC043,8.36,396.0,23,3,1,0,0,0,0,0,normal,2026-06-06 08:38:00
DOC043,8.17,407.0,17,2,1,0,0,0,0,0,normal,2026-06-06 08:17:00
DOC043,7.94,409.0,22,3,1,0,0,0,0,0,normal,2026-06-05 07:13:00
DOC043,8.1,373.0,22,1,1,0,0,0,0,0,normal,2026-06-05 08:51:00
DOC043,8.1,418.0,16,3,1,0,0,0,0,0,normal,2026-06-05 08:10:00
DOC043,8.75,311.0,21,2,1,0,0,0,0,0,normal,2026-06-04 08:43:00
DOC043,8.98,377.0,24,1,1,0,0,0,0,0,normal,2026-06-03 08:43:00
DOC043,8.3,331.0,17,3,1,0,0,0,0,0,normal,2026-06-02 08:23:00
DOC043,8.13,366.0,19,3,1,0,0,0,0,0,normal,2026-06-02 08:42:00
DOC043,7.87,329.0,21,2,1,0,0,0,0,0,normal,2026-06-01 07:16:00
DOC043,9.04,341.0,26,3,1,0,0,0,0,0,normal,2026-06-01 09:18:00
DOC043,8.1,324.0,20,2,1,0,0,0,0,0,normal,2026-05-30 08:56:00
DOC043,8.2,399.0,19,2,1,0,0,0,0,0,normal,2026-05-30 08:10:00
DOC043,8.04,391.0,26,3,1,0,0,0,0,0,normal,2026-05-30 08:53:00
DOC043,8.64,317.0,23,1,1,0,0,0,0,0,normal,2026-05-29 08:08:00
DOC043,9.02,403.0,19,2,1,0,0,0,0,0,normal,2026-05-28 09:07:00
DOC043,7.88,376.0,22,2,1,0,0,0,0,0,normal,2026-05-28 07:36:00
DOC043,7.94,419.0,24,2,1,0,0,0,0,0,normal,2026-05-27 07:41:00
DOC043,8.19,311.0,15,2,1,0,0,0,0,0,normal,2026-05-27 08:22:00
DOC043,8.53,390.0,26,1,1,0,0,0,0,0,normal,2026-05-27 08:29:00
DOC044,8.46,433.0,23,3,1,0,0,0,0,0,normal,2026-07-25 08:50:00
DOC044,8.79,377.0,33,3,1,0,0,0,0,0,normal,2026-07-25 08:12:00
DOC044,9.26,391.0,31,4,1,0,0,0,0,0,normal,2026-07-25 09:33:00
DOC044,8.92,377.0,30,3,1,0,0,0,0,0,normal,2026-07-24 08:52:00
DOC044,9.53,341.0,28,3,1,0,0,0,0,0,normal,2026-07-23 09:40:00
DOC044,8.58,400.0,26,3,1,0,0,0,0,0,normal,2026-07-23 08:09:00
DOC044,9.45,435.0,33,3,1,0,0,0,0,0,normal,2026-07-22 09:41:00
DOC044,9.23,436.0,22,2,1,0,0,0,0,0,normal,2026-07-21 09:23:00
DOC044,8.37,347.0,21,2,1,0,0,0,0,0,normal,2026-07-20 08:50:00
DOC044,8.98,416.0,28,4,1,0,0,0,0,0,normal,2026-07-20 08:37:00
DOC044,8.89,430.0,23,3,1,0,0,0,0,0,normal,2026-07-20 08:51:00
DOC044,8.55,417.0,32,2,1,0,0,0,0,0,normal,2026-07-18 08:10:00
DOC044,8.34,369.0,22,3,1,0,0,0,0,0,normal,2026-07-18 08:47:00
DOC044,9.29,342.0,27,3,1,0,0,0,0,0,normal,2026-07-18 09:47:00
DOC044,8.62,421.0,30,2,1,0,0,0,0,0,normal,2026-07-17 08:00:00
DOC044,8.97,346.0,28,4,1,0,0,0,0,0,normal,2026-07-17 08:30:00
DOC044,9.03,427.0,32,2,1,0,0,0,0,0,normal,2026-07-17 09:25:00
DOC044,9.25,434.0,28,3,1,0,0,0,0,0,normal,2026-07-16 09:05:00
DOC044,8.63,400.0,26,4,1,0,0,0,0,0,normal,2026-07-16 08:05:00
DOC044,8.41,340.0,23,3,1,0,0,0,0,0,normal,2026-07-16 08:56:00
DOC044,8.72,402.0,31,4,1,0,0,0,0,0,normal,2026-07-15 08:18:00
DOC044,8.74,408.0,32,2,1,0,0,0,0,0,normal,2026-07-14 08:38:00
DOC044,8.8,391.0,30,4,1,0,0,0,0,0,normal,2026-07-13 08:05:00
DOC044,9.32,401.0,23,3,1,0,0,0,0,0,normal,2026-07-13 09:14:00
DOC044,8.96,326.0,29,2,1,0,0,0,0,0,normal,2026-07-13 08:55:00
DOC044,8.35,390.0,25,4,1,0,0,0,0,0,normal,2026-07-11 08:14:00
DOC044,9.02,344.0,26,2,1,0,0,0,0,0,normal,2026-07-11 09:20:00
DOC044,8.74,379.0,28,4,1,0,0,0,0,0,normal,2026-07-10 08:19:00
DOC044,8.89,426.0,26,4,1,0,0,0,0,0,normal,2026-07-10 08:48:00
DOC044,8.91,375.0,31,4,1,0,0,0,0,0,normal,2026-07-09 08:51:00
DOC044,8.33,406.0,26,4,1,0,0,0,0,0,normal,2026-07-09 08:46:00
DOC044,8.98,430.0,33,4,1,0,0,0,0,0,normal,2026-07-09 08:18:00
DOC044,8.43,437.0,26,2,1,0,0,0,0,0,normal,2026-07-08 08:05:00
DOC044,9.09,436.0,24,4,1,0,0,0,0,0,normal,2026-07-08 09:23:00
DOC044,8.93,370.0,30,3,1,0,0,0,0,0,normal,2026-07-07 08:16:00
DOC044,8.66,367.0,22,2,1,0,0,0,0,0,normal,2026-07-07 08:50:00
DOC044,8.2,333.0,26,3,1,0,0,0,0,0,normal,2026-07-06 08:37:00
DOC044,8.22,384.0,26,2,1,0,0,0,0,0,normal,2026-07-06 08:12:00
DOC044,9.08,414.0,25,4,1,0,0,0,0,0,normal,2026-07-04 09:18:00
DOC044,9.09,416.0,28,3,1,0,0,0,0,0,normal,2026-07-04 09:34:00
DOC044,8.36,431.0,22,2,1,0,0,0,0,0,normal,2026-07-03 08:38:00
DOC044,9.4,350.0,26,4,1,0,0,0,0,0,normal,2026-07-03 09:36:00
DOC044,9.22,334.0,23,4,1,0,0,0,0,0,normal,2026-07-03 09:59:00
DOC044,8.68,424.0,23,4,1,0,0,0,0,0,normal,2026-07-02 08:23:00
DOC044,8.94,426.0,31,4,1,0,0,0,0,0,normal,2026-07-02 08:50:00
DOC044,8.87,348.0,22,4,1,0,0,0,0,0,normal,2026-07-01 08:44:00
DOC044,9.24,407.0,26,2,1,0,0,0,0,0,normal,2026-06-30 09:55:00
DOC044,8.28,345.0,31,2,1,0,0,0,0,0,normal,2026-06-30 08:11:00
DOC044,8.15,371.0,25,4,1,0,0,0,0,0,normal,2026-06-29 08:16:00
DOC044,9.13,369.0,28,2,1,0,0,0,0,0,normal,2026-06-29 09:30:00
DOC044,8.84,419.0,22,2,1,0,0,0,0,0,normal,2026-06-29 08:16:00
DOC044,8.62,392.0,32,2,1,0,0,0,0,0,normal,2026-06-27 08:22:00
DOC044,8.64,429.0,28,3,1,0,0,0,0,0,normal,2026-06-27 08:42:00
DOC044,9.35,422.0,31,3,1,0,0,0,0,0,normal,2026-06-27 09:45:00
DOC044,8.22,404.0,23,3,1,0,0,0,0,0,normal,2026-06-26 08:23:00
DOC044,9.14,430.0,32,2,1,0,0,0,0,0,normal,2026-06-26 09:08:00
DOC044,8.79,414.0,24,2,1,0,0,0,0,0,normal,2026-06-26 08:25:00
DOC044,8.48,330.0,29,3,1,0,0,0,0,0,normal,2026-06-25 08:41:00
DOC044,8.93,413.0,29,4,1,0,0,0,0,0,normal,2026-06-25 08:52:00
DOC044,8.69,403.0,22,3,1,0,0,0,0,0,normal,2026-06-25 08:17:00
DOC044,9.23,361.0,21,3,1,0,0,0,0,0,normal,2026-06-24 09:45:00
DOC044,9.3,391.0,26,2,1,0,0,0,0,0,normal,2026-06-24 09:16:00
DOC044,8.28,426.0,26,4,1,0,0,0,0,0,normal,2026-06-24 08:18:00
DOC044,9.24,367.0,25,4,1,0,0,0,0,0,normal,2026-06-23 09:39:00
DOC044,9.23,326.0,23,2,1,0,0,0,0,0,normal,2026-06-23 09:20:00
DOC044,9.41,388.0,32,4,1,0,0,0,0,0,normal,2026-06-23 09:28:00
DOC044,9.36,389.0,23,3,1,0,0,0,0,0,normal,2026-06-22 09:11:00
DOC044,8.56,407.0,31,4,1,0,0,0,0,0,normal,2026-06-22 08:42:00
DOC044,8.26,383.0,32,3,1,0,0,0,0,0,normal,2026-06-22 08:38:00
DOC044,8.24,404.0,23,2,1,0,0,0,0,0,normal,2026-06-20 08:28:00
DOC044,8.44,321.0,21,4,1,0,0,0,0,0,normal,2026-06-20 08:42:00
DOC044,8.26,430.0,21,4,1,0,0,0,0,0,normal,2026-06-20 08:13:00
DOC044,8.2,374.0,24,3,1,0,0,0,0,0,normal,2026-06-19 08:39:00
DOC044,9.13,327.0,31,3,1,0,0,0,0,0,normal,2026-06-19 09:15:00
DOC044,9.47,344.0,29,3,1,0,0,0,0,0,normal,2026-06-18 09:19:00
DOC044,8.94,360.0,28,4,1,0,0,0,0,0,normal,2026-06-18 08:49:00
DOC044,9.01,395.0,27,4,1,0,0,0,0,0,normal,2026-06-17 09:18:00
DOC044,9.22,341.0,29,4,1,0,0,0,0,0,normal,2026-06-17 09:18:00
DOC044,8.2,365.0,25,4,1,0,0,0,0,0,normal,2026-06-16 08:47:00
DOC044,8.52,421.0,28,3,1,0,0,0,0,0,normal,2026-06-16 08:47:00
DOC044,9.51,336.0,25,4,1,0,0,0,0,0,normal,2026-06-16 09:02:00
DOC044,8.46,374.0,32,4,1,0,0,0,0,0,normal,2026-06-15 08:42:00
DOC044,8.86,341.0,29,2,1,0,0,0,0,0,normal,2026-06-15 08:42:00
DOC044,9.39,349.0,29,3,1,0,0,0,0,0,normal,2026-06-13 09:03:00
DOC044,8.86,408.0,22,4,1,0,0,0,0,0,normal,2026-06-13 08:54:00
DOC044,8.18,417.0,27,2,1,0,0,0,0,0,normal,2026-06-13 08:34:00
DOC044,8.41,424.0,22,4,1,0,0,0,0,0,normal,2026-06-12 08:49:00
DOC044,8.76,389.0,25,2,1,0,0,0,0,0,normal,2026-06-12 08:10:00
DOC044,8.7,415.0,32,2,1,0,0,0,0,0,normal,2026-06-12 08:20:00
DOC044,8.98,336.0,30,3,1,0,0,0,0,0,normal,2026-06-11 08:05:00
DOC044,8.77,346.0,30,3,1,0,0,0,0,0,normal,2026-06-11 08:30:00
DOC044,8.52,438.0,29,3,1,0,0,0,0,0,normal,2026-06-10 08:04:00
DOC044,8.42,335.0,30,3,1,0,0,0,0,0,normal,2026-06-10 08:50:00
DOC044,9.08,429.0,31,2,1,0,0,0,0,0,normal,2026-06-10 09:45:00
DOC044,8.17,338.0,21,3,1,0,0,0,0,0,normal,2026-06-09 08:49:00
DOC044,8.61,417.0,32,4,1,0,0,0,0,0,normal,2026-06-09 08:27:00
DOC044,8.97,362.0,27,4,1,0,0,0,0,0,normal,2026-06-09 08:45:00
DOC044,8.76,410.0,28,4,1,0,0,0,0,0,normal,2026-06-08 08:12:00
DOC044,8.17,426.0,22,3,1,0,0,0,0,0,normal,2026-06-08 08:09:00
DOC044,9.41,363.0,25,4,1,0,0,0,0,0,normal,2026-06-08 09:22:00
DOC044,8.8,324.0,25,4,1,0,0,0,0,0,normal,2026-06-06 08:03:00
DOC044,9.12,411.0,32,3,1,0,0,0,0,0,normal,2026-06-06 09:31:00
DOC044,8.61,376.0,33,3,1,0,0,0,0,0,normal,2026-06-06 08:53:00
DOC044,8.36,407.0,31,2,1,0,0,0,0,0,normal,2026-06-05 08:51:00
DOC044,8.22,424.0,31,2,1,0,0,0,0,0,normal,2026-06-04 08:21:00
DOC044,9.4,337.0,29,3,1,0,0,0,0,0,normal,2026-06-04 09:49:00
DOC044,8.87,403.0,26,2,1,0,0,0,0,0,normal,2026-06-03 08:55:00
DOC044,8.49,380.0,24,3,1,0,0,0,0,0,normal,2026-06-03 08:26:00
DOC044,9.35,439.0,23,4,1,0,0,0,0,0,normal,2026-06-03 09:35:00
DOC044,8.63,412.0,33,3,1,0,0,0,0,0,normal,2026-06-02 08:23:00
DOC044,8.7,363.0,24,3,1,0,0,0,0,0,normal,2026-06-02 08:33:00
DOC044,8.59,414.0,29,4,1,0,0,0,0,0,normal,2026-06-02 08:13:00
DOC044,9.17,377.0,26,4,1,0,0,0,0,0,normal,2026-06-01 09:38:00
DOC044,8.68,402.0,22,2,1,0,0,0,0,0,normal,2026-06-01 08:37:00
DOC044,8.46,428.0,24,4,1,0,0,0,0,0,normal,2026-05-30 08:06:00
DOC044,8.35,407.0,31,3,1,0,0,0,0,0,normal,2026-05-30 08:09:00
DOC044,8.38,346.0,25,3,1,0,0,0,0,0,normal,2026-05-29 08:38:00
DOC044,9.2,373.0,24,4,1,0,0,0,0,0,normal,2026-05-29 09:59:00
DOC044,9.33,375.0,30,3,1,0,0,0,0,0,normal,2026-05-29 09:43:00
DOC044,9.49,357.0,23,3,1,0,0,0,0,0,normal,2026-05-28 09:19:00
DOC044,9.03,374.0,30,3,1,0,0,0,0,0,normal,2026-05-27 09:40:00
DOC045,8.69,566.0,43,1,1,0,0,0,0,0,normal,2026-07-25 08:13:00
DOC045,9.57,598.0,38,2,1,0,0,0,0,0,normal,2026-07-24 09:05:00
DOC045,8.62,590.0,40,1,1,0,0,0,0,0,normal,2026-07-24 08:55:00
DOC045,8.9,582.0,38,0,1,0,0,0,0,0,normal,2026-07-24 08:04:00
DOC045,8.58,544.0,37,2,1,0,0,0,0,0,normal,2026-07-23 08:01:00
DOC045,8.77,562.0,42,0,1,0,0,0,0,0,normal,2026-07-23 08:07:00
DOC045,9.71,627.0,44,0,1,0,0,0,0,0,normal,2026-07-23 09:29:00
DOC045,9.41,564.0,37,2,1,0,0,0,0,0,normal,2026-07-22 09:19:00
DOC045,8.48,543.0,35,0,1,0,0,0,0,0,normal,2026-07-21 08:35:00
DOC045,8.9,588.0,38,2,1,0,0,0,0,0,normal,2026-07-21 08:23:00
DOC045,9.22,590.0,43,1,1,0,0,0,0,0,normal,2026-07-21 09:37:00
DOC045,9.85,569.0,43,1,1,0,0,0,0,0,normal,2026-07-20 09:11:00
DOC045,9.49,643.0,40,0,1,0,0,0,0,0,normal,2026-07-18 09:07:00
DOC045,8.64,554.0,44,1,1,0,0,0,0,0,normal,2026-07-18 08:15:00
DOC045,8.82,630.0,35,2,1,0,0,0,0,0,normal,2026-07-18 08:15:00
DOC045,8.61,591.0,41,1,1,0,0,0,0,0,normal,2026-07-17 08:59:00
DOC045,8.94,636.0,45,2,1,0,0,0,0,0,normal,2026-07-16 08:32:00
DOC045,8.7,602.0,42,2,1,0,0,0,0,0,normal,2026-07-15 08:27:00
DOC045,8.74,579.0,40,0,1,0,0,0,0,0,normal,2026-07-14 08:30:00
DOC045,9.58,637.0,45,2,1,0,0,0,0,0,normal,2026-07-14 09:43:00
DOC045,8.67,632.0,40,1,1,0,0,0,0,0,normal,2026-07-13 08:37:00
DOC045,9.7,615.0,37,1,1,0,0,0,0,0,normal,2026-07-13 09:40:00
DOC045,9.58,648.0,39,0,1,0,0,0,0,0,normal,2026-07-13 09:40:00
DOC045,9.7,605.0,42,0,1,0,0,0,0,0,normal,2026-07-11 09:10:00
DOC045,9.3,572.0,41,1,1,0,0,0,0,0,normal,2026-07-11 09:52:00
DOC045,8.95,617.0,43,0,1,0,0,0,0,0,normal,2026-07-10 08:09:00
DOC045,9.62,656.0,36,0,1,0,0,0,0,0,normal,2026-07-09 09:41:00
DOC045,9.3,557.0,40,1,1,0,0,0,0,0,normal,2026-07-09 09:16:00
DOC045,9.14,585.0,40,0,1,0,0,0,0,0,normal,2026-07-08 09:33:00
DOC045,9.75,563.0,39,2,1,0,0,0,0,0,normal,2026-07-07 09:59:00
DOC045,8.68,639.0,41,2,1,0,0,0,0,0,normal,2026-07-06 08:49:00
DOC045,9.68,602.0,34,0,1,0,0,0,0,0,normal,2026-07-04 09:10:00
DOC045,9.41,609.0,38,0,1,0,0,0,0,0,normal,2026-07-04 09:33:00
DOC045,8.7,577.0,35,0,1,0,0,0,0,0,normal,2026-07-03 08:25:00
DOC045,9.84,584.0,42,0,1,0,0,0,0,0,normal,2026-07-03 09:08:00
DOC045,8.79,641.0,39,1,1,0,0,0,0,0,normal,2026-07-02 08:38:00
DOC045,9.01,562.0,41,1,1,0,0,0,0,0,normal,2026-07-02 09:00:00
DOC045,9.22,541.0,38,1,1,0,0,0,0,0,normal,2026-07-02 09:51:00
DOC045,8.76,600.0,45,2,1,0,0,0,0,0,normal,2026-07-01 08:16:00
DOC045,9.0,623.0,45,2,1,0,0,0,0,0,normal,2026-07-01 09:19:00
DOC045,9.76,558.0,35,0,1,0,0,0,0,0,normal,2026-07-01 09:49:00
DOC045,8.79,553.0,35,1,1,0,0,0,0,0,normal,2026-06-30 08:14:00
DOC045,8.97,540.0,42,2,1,0,0,0,0,0,normal,2026-06-30 08:44:00
DOC045,8.69,596.0,38,0,1,0,0,0,0,0,normal,2026-06-30 08:54:00
DOC045,9.37,567.0,45,0,1,0,0,0,0,0,normal,2026-06-29 09:46:00
DOC045,9.43,619.0,41,1,1,0,0,0,0,0,normal,2026-06-27 09:55:00
DOC045,9.03,643.0,42,2,1,0,0,0,0,0,normal,2026-06-27 09:44:00
DOC045,8.95,652.0,42,0,1,0,0,0,0,0,normal,2026-06-27 08:32:00
DOC045,8.63,623.0,43,1,1,0,0,0,0,0,normal,2026-06-26 08:31:00
DOC045,8.97,539.0,36,0,1,0,0,0,0,0,normal,2026-06-25 08:09:00
DOC045,9.57,542.0,40,0,1,0,0,0,0,0,normal,2026-06-24 09:19:00
DOC045,9.39,560.0,35,2,1,0,0,0,0,0,normal,2026-06-23 09:55:00
DOC045,9.69,568.0,40,1,1,0,0,0,0,0,normal,2026-06-22 09:54:00
DOC045,9.23,543.0,36,2,1,0,0,0,0,0,normal,2026-06-20 09:41:00
DOC045,9.69,610.0,43,0,1,0,0,0,0,0,normal,2026-06-20 09:31:00
DOC045,9.48,556.0,33,0,1,0,0,0,0,0,normal,2026-06-19 09:42:00
DOC045,8.56,643.0,43,2,1,0,0,0,0,0,normal,2026-06-19 08:38:00
DOC045,8.83,554.0,42,0,1,0,0,0,0,0,normal,2026-06-19 08:13:00
DOC045,9.81,559.0,35,2,1,0,0,0,0,0,normal,2026-06-18 09:59:00
DOC045,9.13,655.0,37,1,1,0,0,0,0,0,normal,2026-06-17 09:58:00
DOC045,8.93,644.0,41,0,1,0,0,0,0,0,normal,2026-06-16 08:53:00
DOC045,9.29,638.0,35,0,1,0,0,0,0,0,normal,2026-06-16 09:56:00
DOC045,9.07,650.0,34,1,1,0,0,0,0,0,normal,2026-06-15 09:55:00
DOC045,9.57,602.0,39,1,1,0,0,0,0,0,normal,2026-06-15 09:30:00
DOC045,9.28,650.0,34,2,1,0,0,0,0,0,normal,2026-06-13 09:50:00
DOC045,8.7,584.0,40,0,1,0,0,0,0,0,normal,2026-06-12 08:39:00
DOC045,9.16,597.0,43,0,1,0,0,0,0,0,normal,2026-06-12 09:41:00
DOC045,9.41,632.0,36,1,1,0,0,0,0,0,normal,2026-06-11 09:55:00
DOC045,9.43,616.0,36,0,1,0,0,0,0,0,normal,2026-06-10 09:18:00
DOC045,9.82,581.0,39,0,1,0,0,0,0,0,normal,2026-06-10 09:36:00
DOC045,9.59,588.0,44,1,1,0,0,0,0,0,normal,2026-06-10 09:35:00
DOC045,8.62,642.0,34,0,1,0,0,0,0,0,normal,2026-06-09 08:13:00
DOC045,9.78,554.0,37,1,1,0,0,0,0,0,normal,2026-06-09 09:28:00
DOC045,9.75,640.0,40,1,1,0,0,0,0,0,normal,2026-06-09 09:03:00
DOC045,9.11,559.0,40,1,1,0,0,0,0,0,normal,2026-06-08 09:08:00
DOC045,9.21,581.0,42,0,1,0,0,0,0,0,normal,2026-06-06 09:23:00
DOC045,8.72,595.0,41,1,1,0,0,0,0,0,normal,2026-06-06 08:56:00
DOC045,8.91,628.0,41,2,1,0,0,0,0,0,normal,2026-06-06 08:45:00
DOC045,9.03,620.0,37,1,1,0,0,0,0,0,normal,2026-06-05 09:29:00
DOC045,8.81,544.0,37,0,1,0,0,0,0,0,normal,2026-06-05 08:34:00
DOC045,9.76,589.0,35,1,1,0,0,0,0,0,normal,2026-06-04 09:26:00
DOC045,9.04,580.0,35,0,1,0,0,0,0,0,normal,2026-06-03 09:07:00
DOC045,8.92,639.0,40,1,1,0,0,0,0,0,normal,2026-06-03 08:31:00
DOC045,8.71,641.0,44,1,1,0,0,0,0,0,normal,2026-06-03 08:41:00
DOC045,8.99,633.0,37,2,1,0,0,0,0,0,normal,2026-06-02 08:55:00
DOC045,8.91,582.0,41,0,1,0,0,0,0,0,normal,2026-06-02 08:42:00
DOC045,9.26,651.0,34,0,1,0,0,0,0,0,normal,2026-06-01 09:13:00
DOC045,9.37,651.0,38,0,1,0,0,0,0,0,normal,2026-05-30 09:02:00
DOC045,9.44,643.0,34,2,1,0,0,0,0,0,normal,2026-05-30 09:59:00
DOC045,9.41,584.0,42,0,1,0,0,0,0,0,normal,2026-05-29 09:05:00
DOC045,9.45,540.0,34,0,1,0,0,0,0,0,normal,2026-05-29 09:32:00
DOC045,9.79,598.0,39,2,1,0,0,0,0,0,normal,2026-05-29 09:51:00
DOC045,9.21,562.0,36,0,1,0,0,0,0,0,normal,2026-05-28 09:36:00
DOC045,9.78,655.0,42,2,1,0,0,0,0,0,normal,2026-05-27 09:43:00
DOC045,9.72,629.0,34,1,1,0,0,0,0,0,normal,2026-05-27 09:48:00
DOC046,10.39,476.0,22,5,1,0,0,0,0,0,normal,2026-07-25 10:30:00
DOC046,10.72,522.0,15,3,1,0,0,0,0,0,normal,2026-07-25 10:05:00
DOC046,9.98,589.0,22,4,1,0,0,0,0,0,normal,2026-07-25 09:36:00
DOC046,10.41,523.0,15,4,1,0,0,0,0,0,normal,2026-07-24 10:06:00
DOC046,10.13,502.0,24,4,1,0,0,0,0,0,normal,2026-07-24 10:04:00
DOC046,10.44,532.0,25,4,1,0,0,0,0,0,normal,2026-07-24 10:45:00
DOC046,10.1,522.0,21,5,1,0,0,0,0,0,normal,2026-07-23 10:55:00
DOC046,9.86,498.0,13,4,1,0,0,0,0,0,normal,2026-07-23 09:01:00
DOC046,9.49,551.0,23,5,1,0,0,0,0,0,normal,2026-07-23 09:29:00
DOC046,10.22,526.0,14,3,1,0,0,0,0,0,normal,2026-07-22 10:54:00
DOC046,10.02,574.0,25,5,1,0,0,0,0,0,normal,2026-07-22 10:02:00
DOC046,10.16,588.0,23,3,1,0,0,0,0,0,normal,2026-07-21 10:00:00
DOC046,10.72,579.0,19,3,1,0,0,0,0,0,normal,2026-07-21 10:18:00
DOC046,9.85,590.0,16,4,1,0,0,0,0,0,normal,2026-07-21 09:27:00
DOC046,9.53,528.0,24,3,1,0,0,0,0,0,normal,2026-07-20 09:39:00
DOC046,9.61,535.0,20,4,1,0,0,0,0,0,normal,2026-07-20 09:13:00
DOC046,10.18,583.0,20,3,1,0,0,0,0,0,normal,2026-07-18 10:15:00
DOC046,10.32,518.0,14,3,1,0,0,0,0,0,normal,2026-07-17 10:56:00
DOC046,9.79,577.0,13,3,1,0,0,0,0,0,normal,2026-07-17 09:43:00
DOC046,10.43,544.0,15,3,1,0,0,0,0,0,normal,2026-07-17 10:58:00
DOC046,10.0,546.0,17,5,1,0,0,0,0,0,normal,2026-07-16 10:30:00
DOC046,10.69,524.0,24,3,1,0,0,0,0,0,normal,2026-07-16 10:17:00
DOC046,9.68,499.0,19,5,1,0,0,0,0,0,normal,2026-07-15 09:41:00
DOC046,10.48,549.0,17,3,1,0,0,0,0,0,normal,2026-07-14 10:34:00
DOC046,10.09,508.0,16,3,1,0,0,0,0,0,normal,2026-07-14 10:28:00
DOC046,9.46,510.0,17,5,1,0,0,0,0,0,normal,2026-07-13 09:30:00
DOC046,10.75,530.0,19,4,1,0,0,0,0,0,normal,2026-07-11 10:34:00
DOC046,9.56,480.0,15,4,1,0,0,0,0,0,normal,2026-07-11 09:58:00
DOC046,9.43,582.0,17,5,1,0,0,0,0,0,normal,2026-07-10 09:00:00
DOC046,10.29,537.0,20,5,1,0,0,0,0,0,normal,2026-07-10 10:44:00
DOC046,10.18,485.0,14,5,1,0,0,0,0,0,normal,2026-07-10 10:32:00
DOC046,9.88,517.0,19,4,1,0,0,0,0,0,normal,2026-07-09 09:33:00
DOC046,9.99,516.0,14,5,1,0,0,0,0,0,normal,2026-07-09 09:45:00
DOC046,9.78,589.0,21,5,1,0,0,0,0,0,normal,2026-07-08 09:51:00
DOC046,9.49,501.0,18,5,1,0,0,0,0,0,normal,2026-07-08 09:49:00
DOC046,10.12,548.0,18,5,1,0,0,0,0,0,normal,2026-07-07 10:18:00
DOC046,9.75,576.0,22,5,1,0,0,0,0,0,normal,2026-07-06 09:16:00
DOC046,9.54,485.0,25,5,1,0,0,0,0,0,normal,2026-07-06 09:47:00
DOC046,10.66,527.0,16,5,1,0,0,0,0,0,normal,2026-07-04 10:24:00
DOC046,9.54,593.0,23,3,1,0,0,0,0,0,normal,2026-07-04 09:13:00
DOC046,9.44,521.0,22,4,1,0,0,0,0,0,normal,2026-07-03 09:29:00
DOC046,10.79,543.0,21,4,1,0,0,0,0,0,normal,2026-07-03 10:07:00
DOC046,9.48,535.0,21,5,1,0,0,0,0,0,normal,2026-07-03 09:44:00
DOC046,10.11,579.0,23,3,1,0,0,0,0,0,normal,2026-07-02 10:49:00
DOC046,9.92,507.0,23,4,1,0,0,0,0,0,normal,2026-07-01 09:14:00
DOC046,10.56,482.0,22,5,1,0,0,0,0,0,normal,2026-06-30 10:53:00
DOC046,9.69,573.0,15,3,1,0,0,0,0,0,normal,2026-06-30 09:15:00
DOC046,10.58,492.0,24,5,1,0,0,0,0,0,normal,2026-06-30 10:25:00
DOC046,10.48,523.0,13,5,1,0,0,0,0,0,normal,2026-06-29 10:46:00
DOC046,9.8,527.0,24,5,1,0,0,0,0,0,normal,2026-06-29 09:10:00
DOC046,10.66,531.0,24,3,1,0,0,0,0,0,normal,2026-06-27 10:55:00
DOC046,10.56,513.0,16,3,1,0,0,0,0,0,normal,2026-06-27 10:21:00
DOC046,10.22,522.0,20,5,1,0,0,0,0,0,normal,2026-06-27 10:39:00
DOC046,9.64,585.0,19,4,1,0,0,0,0,0,normal,2026-06-26 09:28:00
DOC046,9.53,492.0,19,4,1,0,0,0,0,0,normal,2026-06-26 09:38:00
DOC046,10.0,533.0,16,3,1,0,0,0,0,0,normal,2026-06-26 10:17:00
DOC046,10.44,587.0,19,5,1,0,0,0,0,0,normal,2026-06-25 10:33:00
DOC046,10.17,526.0,24,4,1,0,0,0,0,0,normal,2026-06-24 10:54:00
DOC046,9.92,570.0,21,5,1,0,0,0,0,0,normal,2026-06-24 09:02:00
DOC046,10.75,489.0,15,3,1,0,0,0,0,0,normal,2026-06-24 10:51:00
DOC046,9.58,514.0,15,3,1,0,0,0,0,0,normal,2026-06-23 09:31:00
DOC046,9.43,553.0,19,5,1,0,0,0,0,0,normal,2026-06-23 09:34:00
DOC046,9.82,489.0,22,5,1,0,0,0,0,0,normal,2026-06-23 09:14:00
DOC046,10.24,499.0,24,3,1,0,0,0,0,0,normal,2026-06-22 10:05:00
DOC046,9.5,521.0,23,3,1,0,0,0,0,0,normal,2026-06-20 09:24:00
DOC046,9.7,588.0,18,5,1,0,0,0,0,0,normal,2026-06-19 09:46:00
DOC046,10.55,509.0,23,3,1,0,0,0,0,0,normal,2026-06-18 10:41:00
DOC046,9.61,516.0,19,3,1,0,0,0,0,0,normal,2026-06-18 09:17:00
DOC046,10.06,532.0,17,3,1,0,0,0,0,0,normal,2026-06-17 10:30:00
DOC046,9.51,538.0,24,3,1,0,0,0,0,0,normal,2026-06-17 09:57:00
DOC046,10.02,476.0,25,5,1,0,0,0,0,0,normal,2026-06-16 10:07:00
DOC046,9.93,500.0,14,3,1,0,0,0,0,0,normal,2026-06-15 09:19:00
DOC046,9.73,477.0,25,3,1,0,0,0,0,0,normal,2026-06-15 09:29:00
DOC046,10.33,492.0,17,4,1,0,0,0,0,0,normal,2026-06-15 10:13:00
DOC046,9.78,507.0,22,4,1,0,0,0,0,0,normal,2026-06-13 09:18:00
DOC046,10.38,574.0,17,5,1,0,0,0,0,0,normal,2026-06-12 10:00:00
DOC046,9.53,590.0,17,5,1,0,0,0,0,0,normal,2026-06-12 09:08:00
DOC046,10.63,591.0,19,3,1,0,0,0,0,0,normal,2026-06-12 10:30:00
DOC046,10.54,578.0,14,4,1,0,0,0,0,0,normal,2026-06-11 10:02:00
DOC046,10.27,555.0,14,4,1,0,0,0,0,0,normal,2026-06-11 10:37:00
DOC046,10.04,552.0,15,4,1,0,0,0,0,0,normal,2026-06-10 10:38:00
DOC046,10.02,476.0,23,5,1,0,0,0,0,0,normal,2026-06-10 10:16:00
DOC046,10.35,494.0,23,4,1,0,0,0,0,0,normal,2026-06-09 10:09:00
DOC046,10.72,488.0,14,3,1,0,0,0,0,0,normal,2026-06-09 10:55:00
DOC046,10.2,580.0,24,5,1,0,0,0,0,0,normal,2026-06-09 10:41:00
DOC046,10.04,522.0,18,3,1,0,0,0,0,0,normal,2026-06-08 10:10:00
DOC046,10.74,487.0,20,4,1,0,0,0,0,0,normal,2026-06-08 10:25:00
DOC046,9.63,549.0,24,5,1,0,0,0,0,0,normal,2026-06-08 09:53:00
DOC046,9.47,584.0,17,4,1,0,0,0,0,0,normal,2026-06-06 09:40:00
DOC046,10.65,581.0,16,3,1,0,0,0,0,0,normal,2026-06-06 10:32:00
DOC046,10.52,516.0,23,5,1,0,0,0,0,0,normal,2026-06-05 10:25:00
DOC046,9.69,543.0,21,4,1,0,0,0,0,0,normal,2026-06-04 09:00:00
DOC046,10.7,570.0,13,5,1,0,0,0,0,0,normal,2026-06-04 10:48:00
DOC046,10.44,538.0,18,5,1,0,0,0,0,0,normal,2026-06-04 10:46:00
DOC046,10.52,547.0,17,4,1,0,0,0,0,0,normal,2026-06-03 10:18:00
DOC046,9.48,572.0,25,5,1,0,0,0,0,0,normal,2026-06-02 09:40:00
DOC046,9.99,514.0,16,4,1,0,0,0,0,0,normal,2026-06-01 09:40:00
DOC046,10.78,567.0,15,5,1,0,0,0,0,0,normal,2026-05-30 10:41:00
DOC046,9.76,540.0,16,4,1,0,0,0,0,0,normal,2026-05-30 09:03:00
DOC046,9.92,490.0,24,5,1,0,0,0,0,0,normal,2026-05-29 09:05:00
DOC046,10.19,580.0,20,4,1,0,0,0,0,0,normal,2026-05-29 10:05:00
DOC046,10.62,525.0,22,5,1,0,0,0,0,0,normal,2026-05-28 10:43:00
DOC046,10.02,565.0,14,4,1,0,0,0,0,0,normal,2026-05-28 10:28:00
DOC046,10.09,568.0,22,4,1,0,0,0,0,0,normal,2026-05-27 10:41:00
DOC047,8.64,457.0,35,4,1,0,0,0,0,0,normal,2026-07-25 08:02:00
DOC047,8.42,479.0,38,3,1,0,0,0,0,0,normal,2026-07-25 08:16:00
DOC047,8.77,483.0,29,4,1,0,0,0,0,0,normal,2026-07-25 08:10:00
DOC047,7.79,539.0,31,5,1,0,0,0,0,0,normal,2026-07-24 07:33:00
DOC047,7.5,463.0,38,5,1,0,0,0,0,0,normal,2026-07-24 07:29:00
DOC047,7.69,444.0,33,4,1,0,0,0,0,0,normal,2026-07-23 07:05:00
DOC047,8.47,489.0,38,3,1,0,0,0,0,0,normal,2026-07-23 08:04:00
DOC047,8.48,500.0,36,5,1,0,0,0,0,0,normal,2026-07-22 08:40:00
DOC047,7.57,442.0,37,5,1,0,0,0,0,0,normal,2026-07-21 07:06:00
DOC047,7.56,498.0,35,3,1,0,0,0,0,0,normal,2026-07-21 07:38:00
DOC047,7.5,451.0,39,4,1,0,0,0,0,0,normal,2026-07-20 07:07:00
DOC047,7.52,526.0,39,3,1,0,0,0,0,0,normal,2026-07-20 07:56:00
DOC047,8.47,540.0,29,4,1,0,0,0,0,0,normal,2026-07-18 08:34:00
DOC047,8.4,536.0,39,5,1,0,0,0,0,0,normal,2026-07-18 08:13:00
DOC047,8.68,434.0,30,5,1,0,0,0,0,0,normal,2026-07-18 08:56:00
DOC047,8.18,465.0,40,5,1,0,0,0,0,0,normal,2026-07-17 08:19:00
DOC047,7.65,517.0,33,5,1,0,0,0,0,0,normal,2026-07-17 07:34:00
DOC047,7.69,484.0,29,4,1,0,0,0,0,0,normal,2026-07-16 07:14:00
DOC047,8.22,430.0,35,4,1,0,0,0,0,0,normal,2026-07-16 08:54:00
DOC047,8.5,472.0,31,3,1,0,0,0,0,0,normal,2026-07-16 08:05:00
DOC047,8.84,509.0,35,3,1,0,0,0,0,0,normal,2026-07-15 08:58:00
DOC047,7.61,468.0,37,5,1,0,0,0,0,0,normal,2026-07-15 07:08:00
DOC047,7.93,543.0,36,5,1,0,0,0,0,0,normal,2026-07-14 07:22:00
DOC047,7.64,506.0,31,5,1,0,0,0,0,0,normal,2026-07-14 07:32:00
DOC047,7.66,502.0,29,4,1,0,0,0,0,0,normal,2026-07-14 07:59:00
DOC047,8.07,508.0,38,5,1,0,0,0,0,0,normal,2026-07-13 08:57:00
DOC047,8.03,456.0,34,5,1,0,0,0,0,0,normal,2026-07-11 08:14:00
DOC047,7.86,540.0,35,4,1,0,0,0,0,0,normal,2026-07-10 07:24:00
DOC047,8.69,461.0,30,3,1,0,0,0,0,0,normal,2026-07-09 08:02:00
DOC047,8.48,480.0,39,3,1,0,0,0,0,0,normal,2026-07-09 08:39:00
DOC047,8.19,485.0,33,3,1,0,0,0,0,0,normal,2026-07-08 08:04:00
DOC047,8.71,497.0,30,3,1,0,0,0,0,0,normal,2026-07-07 08:03:00
DOC047,8.45,457.0,40,4,1,0,0,0,0,0,normal,2026-07-06 08:20:00
DOC047,8.59,521.0,29,5,1,0,0,0,0,0,normal,2026-07-06 08:28:00
DOC047,8.41,522.0,36,4,1,0,0,0,0,0,normal,2026-07-04 08:28:00
DOC047,7.47,501.0,32,4,1,0,0,0,0,0,normal,2026-07-03 07:07:00
DOC047,8.3,464.0,35,4,1,0,0,0,0,0,normal,2026-07-03 08:46:00
DOC047,8.85,439.0,29,4,1,0,0,0,0,0,normal,2026-07-03 08:16:00
DOC047,7.5,449.0,31,3,1,0,0,0,0,0,normal,2026-07-02 07:28:00
DOC047,8.58,468.0,31,5,1,0,0,0,0,0,normal,2026-07-02 08:32:00
DOC047,7.65,435.0,38,5,1,0,0,0,0,0,normal,2026-07-02 07:23:00
DOC047,8.15,547.0,29,4,1,0,0,0,0,0,normal,2026-07-01 08:24:00
DOC047,8.08,463.0,37,3,1,0,0,0,0,0,normal,2026-06-30 08:27:00
DOC047,8.0,489.0,33,3,1,0,0,0,0,0,normal,2026-06-30 08:36:00
DOC047,8.44,431.0,32,3,1,0,0,0,0,0,normal,2026-06-29 08:23:00
DOC047,8.01,526.0,37,3,1,0,0,0,0,0,normal,2026-06-27 08:49:00
DOC047,8.44,484.0,37,4,1,0,0,0,0,0,normal,2026-06-26 08:06:00
DOC047,7.75,493.0,32,4,1,0,0,0,0,0,normal,2026-06-26 07:56:00
DOC047,8.51,485.0,33,5,1,0,0,0,0,0,normal,2026-06-25 08:48:00
DOC047,8.22,505.0,39,3,1,0,0,0,0,0,normal,2026-06-25 08:58:00
DOC047,8.86,520.0,33,4,1,0,0,0,0,0,normal,2026-06-25 08:20:00
DOC047,7.78,488.0,30,5,1,0,0,0,0,0,normal,2026-06-24 07:37:00
DOC047,7.56,537.0,38,4,1,0,0,0,0,0,normal,2026-06-24 07:04:00
DOC047,7.61,437.0,39,3,1,0,0,0,0,0,normal,2026-06-23 07:55:00
DOC047,7.55,462.0,31,3,1,0,0,0,0,0,normal,2026-06-23 07:47:00
DOC047,8.51,474.0,33,4,1,0,0,0,0,0,normal,2026-06-23 08:30:00
DOC047,7.52,471.0,32,3,1,0,0,0,0,0,normal,2026-06-22 07:08:00
DOC047,8.19,465.0,39,4,1,0,0,0,0,0,normal,2026-06-22 08:21:00
DOC047,7.83,441.0,35,4,1,0,0,0,0,0,normal,2026-06-20 07:00:00
DOC047,7.79,431.0,31,3,1,0,0,0,0,0,normal,2026-06-20 07:32:00
DOC047,7.7,488.0,29,3,1,0,0,0,0,0,normal,2026-06-20 07:55:00
DOC047,7.55,484.0,40,4,1,0,0,0,0,0,normal,2026-06-19 07:02:00
DOC047,7.53,511.0,31,3,1,0,0,0,0,0,normal,2026-06-19 07:57:00
DOC047,8.42,458.0,34,5,1,0,0,0,0,0,normal,2026-06-18 08:13:00
DOC047,8.28,520.0,30,3,1,0,0,0,0,0,normal,2026-06-18 08:58:00
DOC047,7.76,476.0,34,3,1,0,0,0,0,0,normal,2026-06-17 07:14:00
DOC047,7.93,432.0,29,4,1,0,0,0,0,0,normal,2026-06-16 07:37:00
DOC047,8.29,526.0,34,4,1,0,0,0,0,0,normal,2026-06-16 08:50:00
DOC047,8.52,525.0,36,3,1,0,0,0,0,0,normal,2026-06-15 08:42:00
DOC047,7.86,442.0,36,4,1,0,0,0,0,0,normal,2026-06-15 07:30:00
DOC047,8.67,499.0,32,5,1,0,0,0,0,0,normal,2026-06-13 08:16:00
DOC047,7.63,521.0,39,4,1,0,0,0,0,0,normal,2026-06-13 07:11:00
DOC047,8.35,511.0,32,3,1,0,0,0,0,0,normal,2026-06-12 08:39:00
DOC047,7.59,459.0,29,4,1,0,0,0,0,0,normal,2026-06-12 07:26:00
DOC047,7.52,513.0,30,4,1,0,0,0,0,0,normal,2026-06-11 07:03:00
DOC047,8.43,440.0,39,4,1,0,0,0,0,0,normal,2026-06-10 08:57:00
DOC047,7.86,538.0,29,3,1,0,0,0,0,0,normal,2026-06-09 07:32:00
DOC047,8.73,513.0,35,3,1,0,0,0,0,0,normal,2026-06-09 08:31:00
DOC047,7.56,482.0,38,3,1,0,0,0,0,0,normal,2026-06-09 07:16:00
DOC047,8.39,525.0,32,4,1,0,0,0,0,0,normal,2026-06-08 08:15:00
DOC047,7.9,513.0,34,4,1,0,0,0,0,0,normal,2026-06-08 07:57:00
DOC047,7.92,535.0,29,4,1,0,0,0,0,0,normal,2026-06-06 07:23:00
DOC047,8.1,500.0,33,4,1,0,0,0,0,0,normal,2026-06-06 08:44:00
DOC047,7.93,445.0,37,4,1,0,0,0,0,0,normal,2026-06-05 07:17:00
DOC047,7.67,538.0,38,5,1,0,0,0,0,0,normal,2026-06-05 07:41:00
DOC047,8.52,497.0,34,4,1,0,0,0,0,0,normal,2026-06-04 08:05:00
DOC047,8.43,460.0,32,5,1,0,0,0,0,0,normal,2026-06-04 08:27:00
DOC047,7.93,519.0,30,5,1,0,0,0,0,0,normal,2026-06-04 07:56:00
DOC047,8.25,455.0,34,4,1,0,0,0,0,0,normal,2026-06-03 08:58:00
DOC047,8.76,441.0,38,3,1,0,0,0,0,0,normal,2026-06-03 08:49:00
DOC047,8.78,546.0,32,5,1,0,0,0,0,0,normal,2026-06-02 08:12:00
DOC047,7.95,534.0,29,4,1,0,0,0,0,0,normal,2026-06-02 07:26:00
DOC047,8.22,452.0,33,5,1,0,0,0,0,0,normal,2026-06-02 08:03:00
DOC047,8.37,476.0,30,4,1,0,0,0,0,0,normal,2026-06-01 08:48:00
DOC047,7.56,435.0,30,5,1,0,0,0,0,0,normal,2026-06-01 07:12:00
DOC047,8.25,453.0,37,4,1,0,0,0,0,0,normal,2026-05-30 08:57:00
DOC047,8.4,538.0,34,4,1,0,0,0,0,0,normal,2026-05-30 08:58:00
DOC047,7.57,451.0,40,3,1,0,0,0,0,0,normal,2026-05-29 07:57:00
DOC047,8.1,506.0,38,4,1,0,0,0,0,0,normal,2026-05-29 08:38:00
DOC047,8.2,513.0,36,4,1,0,0,0,0,0,normal,2026-05-29 08:52:00
DOC047,7.75,542.0,38,4,1,0,0,0,0,0,normal,2026-05-28 07:32:00
DOC047,8.21,481.0,37,3,1,0,0,0,0,0,normal,2026-05-28 08:52:00
DOC047,8.58,475.0,32,4,1,0,0,0,0,0,normal,2026-05-28 08:24:00
DOC047,8.78,529.0,29,4,1,0,0,0,0,0,normal,2026-05-27 08:46:00
DOC048,8.04,552.0,23,3,1,0,0,0,0,0,normal,2026-07-25 08:38:00
DOC048,9.08,524.0,22,3,1,0,0,0,0,0,normal,2026-07-25 09:39:00
DOC048,8.29,562.0,23,2,1,0,0,0,0,0,normal,2026-07-25 08:33:00
DOC048,9.13,532.0,17,4,1,0,0,0,0,0,normal,2026-07-24 09:57:00
DOC048,8.68,518.0,26,2,1,0,0,0,0,0,normal,2026-07-24 08:25:00
DOC048,8.1,577.0,25,2,1,0,0,0,0,0,normal,2026-07-24 08:40:00
DOC048,8.88,499.0,26,3,1,0,0,0,0,0,normal,2026-07-23 08:36:00
DOC048,9.1,469.0,17,2,1,0,0,0,0,0,normal,2026-07-23 09:45:00
DOC048,8.87,559.0,27,2,1,0,0,0,0,0,normal,2026-07-23 08:26:00
DOC048,8.92,577.0,18,4,1,0,0,0,0,0,normal,2026-07-22 08:12:00
DOC048,8.0,558.0,28,4,1,0,0,0,0,0,normal,2026-07-22 08:57:00
DOC048,7.82,571.0,18,4,1,0,0,0,0,0,normal,2026-07-22 07:24:00
DOC048,9.09,556.0,26,3,1,0,0,0,0,0,normal,2026-07-21 09:21:00
DOC048,8.59,568.0,28,3,1,0,0,0,0,0,normal,2026-07-21 08:02:00
DOC048,8.28,575.0,23,4,1,0,0,0,0,0,normal,2026-07-20 08:28:00
DOC048,8.91,559.0,28,2,1,0,0,0,0,0,normal,2026-07-20 08:09:00
DOC048,8.22,466.0,20,2,1,0,0,0,0,0,normal,2026-07-18 08:36:00
DOC048,8.8,557.0,20,3,1,0,0,0,0,0,normal,2026-07-18 08:01:00
DOC048,8.46,487.0,21,2,1,0,0,0,0,0,normal,2026-07-17 08:43:00
DOC048,8.23,516.0,22,4,1,0,0,0,0,0,normal,2026-07-16 08:53:00
DOC048,8.25,477.0,17,3,1,0,0,0,0,0,normal,2026-07-16 08:27:00
DOC048,9.06,547.0,26,2,1,0,0,0,0,0,normal,2026-07-16 09:51:00
DOC048,8.47,575.0,21,2,1,0,0,0,0,0,normal,2026-07-15 08:59:00
DOC048,8.03,523.0,25,4,1,0,0,0,0,0,normal,2026-07-15 08:40:00
DOC048,8.31,494.0,22,4,1,0,0,0,0,0,normal,2026-07-14 08:32:00
DOC048,8.71,490.0,23,2,1,0,0,0,0,0,normal,2026-07-13 08:45:00
DOC048,8.91,506.0,28,3,1,0,0,0,0,0,normal,2026-07-13 08:54:00
DOC048,8.98,526.0,22,4,1,0,0,0,0,0,normal,2026-07-13 08:44:00
DOC048,8.83,517.0,23,2,1,0,0,0,0,0,normal,2026-07-11 08:25:00
DOC048,8.31,531.0,28,2,1,0,0,0,0,0,normal,2026-07-11 08:53:00
DOC048,7.97,571.0,26,2,1,0,0,0,0,0,normal,2026-07-10 07:03:00
DOC048,9.12,490.0,20,3,1,0,0,0,0,0,normal,2026-07-10 09:20:00
DOC048,9.17,517.0,23,3,1,0,0,0,0,0,normal,2026-07-09 09:50:00
DOC048,8.43,497.0,17,4,1,0,0,0,0,0,normal,2026-07-08 08:49:00
DOC048,9.06,493.0,19,3,1,0,0,0,0,0,normal,2026-07-08 09:19:00
DOC048,7.86,546.0,21,2,1,0,0,0,0,0,normal,2026-07-07 07:01:00
DOC048,8.65,575.0,17,2,1,0,0,0,0,0,normal,2026-07-07 08:55:00
DOC048,8.8,529.0,26,4,1,0,0,0,0,0,normal,2026-07-07 08:45:00
DOC048,9.04,514.0,18,3,1,0,0,0,0,0,normal,2026-07-06 09:58:00
DOC048,8.95,533.0,27,4,1,0,0,0,0,0,normal,2026-07-06 08:50:00
DOC048,8.74,527.0,21,3,1,0,0,0,0,0,normal,2026-07-04 08:56:00
DOC048,9.05,570.0,24,4,1,0,0,0,0,0,normal,2026-07-03 09:26:00
DOC048,8.13,565.0,22,3,1,0,0,0,0,0,normal,2026-07-03 08:24:00
DOC048,8.18,543.0,21,4,1,0,0,0,0,0,normal,2026-07-03 08:10:00
DOC048,8.1,503.0,18,2,1,0,0,0,0,0,normal,2026-07-02 08:16:00
DOC048,9.08,491.0,24,4,1,0,0,0,0,0,normal,2026-07-02 09:59:00
DOC048,8.51,518.0,18,2,1,0,0,0,0,0,normal,2026-07-01 08:20:00
DOC048,8.23,502.0,28,4,1,0,0,0,0,0,normal,2026-07-01 08:24:00
DOC048,8.52,514.0,25,2,1,0,0,0,0,0,normal,2026-07-01 08:20:00
DOC048,7.83,517.0,17,3,1,0,0,0,0,0,normal,2026-06-30 07:31:00
DOC048,8.44,505.0,26,4,1,0,0,0,0,0,normal,2026-06-29 08:52:00
DOC048,7.93,505.0,26,3,1,0,0,0,0,0,normal,2026-06-29 07:08:00
DOC048,8.12,521.0,26,2,1,0,0,0,0,0,normal,2026-06-29 08:00:00
DOC048,8.28,528.0,22,2,1,0,0,0,0,0,normal,2026-06-27 08:55:00
DOC048,9.2,474.0,26,4,1,0,0,0,0,0,normal,2026-06-27 09:19:00
DOC048,8.06,499.0,24,3,1,0,0,0,0,0,normal,2026-06-27 08:23:00
DOC048,7.93,485.0,23,4,1,0,0,0,0,0,normal,2026-06-26 07:12:00
DOC048,7.96,514.0,20,3,1,0,0,0,0,0,normal,2026-06-26 07:53:00
DOC048,7.98,517.0,25,4,1,0,0,0,0,0,normal,2026-06-25 07:39:00
DOC048,8.42,491.0,22,4,1,0,0,0,0,0,normal,2026-06-25 08:18:00
DOC048,8.28,540.0,27,4,1,0,0,0,0,0,normal,2026-06-25 08:36:00
DOC048,8.87,538.0,27,3,1,0,0,0,0,0,normal,2026-06-24 08:41:00
DOC048,8.67,559.0,18,2,1,0,0,0,0,0,normal,2026-06-24 08:28:00
DOC048,8.42,498.0,18,2,1,0,0,0,0,0,normal,2026-06-24 08:04:00
DOC048,8.37,491.0,29,3,1,0,0,0,0,0,normal,2026-06-23 08:35:00
DOC048,8.74,538.0,22,3,1,0,0,0,0,0,normal,2026-06-23 08:38:00
DOC048,7.88,532.0,28,3,1,0,0,0,0,0,normal,2026-06-23 07:16:00
DOC048,8.48,487.0,28,4,1,0,0,0,0,0,normal,2026-06-22 08:57:00
DOC048,8.47,486.0,25,3,1,0,0,0,0,0,normal,2026-06-22 08:32:00
DOC048,8.11,582.0,24,2,1,0,0,0,0,0,normal,2026-06-22 08:19:00
DOC048,8.85,481.0,23,4,1,0,0,0,0,0,normal,2026-06-20 08:03:00
DOC048,8.69,583.0,18,3,1,0,0,0,0,0,normal,2026-06-20 08:35:00
DOC048,8.15,479.0,26,3,1,0,0,0,0,0,normal,2026-06-19 08:17:00
DOC048,8.32,578.0,20,4,1,0,0,0,0,0,normal,2026-06-18 08:37:00
DOC048,8.87,579.0,19,2,1,0,0,0,0,0,normal,2026-06-17 08:49:00
DOC048,7.94,512.0,29,3,1,0,0,0,0,0,normal,2026-06-17 07:55:00
DOC048,8.4,548.0,17,4,1,0,0,0,0,0,normal,2026-06-17 08:44:00
DOC048,9.14,469.0,26,3,1,0,0,0,0,0,normal,2026-06-16 09:45:00
DOC048,8.58,563.0,20,3,1,0,0,0,0,0,normal,2026-06-15 08:47:00
DOC048,8.41,528.0,28,2,1,0,0,0,0,0,normal,2026-06-13 08:43:00
DOC048,8.42,514.0,29,3,1,0,0,0,0,0,normal,2026-06-13 08:24:00
DOC048,7.91,508.0,27,3,1,0,0,0,0,0,normal,2026-06-12 07:03:00
DOC048,8.48,554.0,23,3,1,0,0,0,0,0,normal,2026-06-11 08:49:00
DOC048,8.05,504.0,19,2,1,0,0,0,0,0,normal,2026-06-11 08:18:00
DOC048,8.08,534.0,28,4,1,0,0,0,0,0,normal,2026-06-10 08:35:00
DOC048,7.82,496.0,18,3,1,0,0,0,0,0,normal,2026-06-10 07:21:00
DOC048,8.02,554.0,24,2,1,0,0,0,0,0,normal,2026-06-09 08:14:00
DOC048,8.47,546.0,22,3,1,0,0,0,0,0,normal,2026-06-08 08:44:00
DOC048,7.92,517.0,18,2,1,0,0,0,0,0,normal,2026-06-06 07:23:00
DOC048,8.82,537.0,22,2,1,0,0,0,0,0,normal,2026-06-05 08:58:00
DOC048,8.15,510.0,29,2,1,0,0,0,0,0,normal,2026-06-05 08:08:00
DOC048,8.43,583.0,26,3,1,0,0,0,0,0,normal,2026-06-04 08:48:00
DOC048,7.85,489.0,28,4,1,0,0,0,0,0,normal,2026-06-04 07:43:00
DOC048,7.9,524.0,21,3,1,0,0,0,0,0,normal,2026-06-03 07:27:00
DOC048,8.37,550.0,18,4,1,0,0,0,0,0,normal,2026-06-02 08:35:00
DOC048,8.09,536.0,23,4,1,0,0,0,0,0,normal,2026-06-02 08:13:00
DOC048,9.14,494.0,25,2,1,0,0,0,0,0,normal,2026-06-01 09:37:00
DOC048,8.14,568.0,21,3,1,0,0,0,0,0,normal,2026-06-01 08:07:00
DOC048,9.07,560.0,28,2,1,0,0,0,0,0,normal,2026-05-30 09:25:00
DOC048,9.2,517.0,17,4,1,0,0,0,0,0,normal,2026-05-30 09:19:00
DOC048,8.03,496.0,20,4,1,0,0,0,0,0,normal,2026-05-30 08:35:00
DOC048,8.18,465.0,25,2,1,0,0,0,0,0,normal,2026-05-29 08:20:00
DOC048,8.73,470.0,17,2,1,0,0,0,0,0,normal,2026-05-29 08:13:00
DOC048,8.24,491.0,22,2,1,0,0,0,0,0,normal,2026-05-28 08:55:00
DOC048,8.78,549.0,26,3,1,0,0,0,0,0,normal,2026-05-28 08:09:00
DOC048,8.52,549.0,18,2,1,0,0,0,0,0,normal,2026-05-28 08:50:00
DOC048,8.12,514.0,21,2,1,0,0,0,0,0,normal,2026-05-27 08:53:00
DOC048,7.87,517.0,27,2,1,0,0,0,0,0,normal,2026-05-27 07:30:00
DOC049,8.93,509.0,37,4,1,0,0,0,0,0,normal,2026-07-25 08:22:00
DOC049,8.52,462.0,41,4,1,0,0,0,0,0,normal,2026-07-24 08:25:00
DOC049,8.81,515.0,35,5,1,0,0,0,0,0,normal,2026-07-24 08:00:00
DOC049,8.68,452.0,41,3,1,0,0,0,0,0,normal,2026-07-23 08:34:00
DOC049,8.0,505.0,35,3,1,0,0,0,0,0,normal,2026-07-22 08:11:00
DOC049,7.83,480.0,46,3,1,0,0,0,0,0,normal,2026-07-22 07:08:00
DOC049,8.87,505.0,38,4,1,0,0,0,0,0,normal,2026-07-21 08:44:00
DOC049,8.9,453.0,37,3,1,0,0,0,0,0,normal,2026-07-21 08:56:00
DOC049,8.79,473.0,43,3,1,0,0,0,0,0,normal,2026-07-20 08:53:00
DOC049,8.07,510.0,41,3,1,0,0,0,0,0,normal,2026-07-20 08:46:00
DOC049,8.98,412.0,34,4,1,0,0,0,0,0,normal,2026-07-20 08:24:00
DOC049,8.68,515.0,37,5,1,0,0,0,0,0,normal,2026-07-18 08:56:00
DOC049,8.05,512.0,39,3,1,0,0,0,0,0,normal,2026-07-18 08:14:00
DOC049,7.82,448.0,42,4,1,0,0,0,0,0,normal,2026-07-17 07:19:00
DOC049,7.67,470.0,37,5,1,0,0,0,0,0,normal,2026-07-16 07:05:00
DOC049,7.61,509.0,46,5,1,0,0,0,0,0,normal,2026-07-15 07:31:00
DOC049,7.77,423.0,37,4,1,0,0,0,0,0,normal,2026-07-15 07:25:00
DOC049,8.35,528.0,41,3,1,0,0,0,0,0,normal,2026-07-15 08:57:00
DOC049,8.27,435.0,44,5,1,0,0,0,0,0,normal,2026-07-14 08:56:00
DOC049,8.41,418.0,39,4,1,0,0,0,0,0,normal,2026-07-14 08:07:00
DOC049,8.19,508.0,45,5,1,0,0,0,0,0,normal,2026-07-14 08:37:00
DOC049,8.97,487.0,39,3,1,0,0,0,0,0,normal,2026-07-13 08:52:00
DOC049,8.12,524.0,35,3,1,0,0,0,0,0,normal,2026-07-13 08:37:00
DOC049,8.58,467.0,36,3,1,0,0,0,0,0,normal,2026-07-13 08:56:00
DOC049,7.62,509.0,40,4,1,0,0,0,0,0,normal,2026-07-11 07:17:00
DOC049,8.39,449.0,37,3,1,0,0,0,0,0,normal,2026-07-11 08:04:00
DOC049,8.07,468.0,39,4,1,0,0,0,0,0,normal,2026-07-10 08:07:00
DOC049,8.05,493.0,42,3,1,0,0,0,0,0,normal,2026-07-09 08:47:00
DOC049,8.85,418.0,40,4,1,0,0,0,0,0,normal,2026-07-09 08:33:00
DOC049,8.27,449.0,45,5,1,0,0,0,0,0,normal,2026-07-08 08:25:00
DOC049,8.82,424.0,41,3,1,0,0,0,0,0,normal,2026-07-07 08:22:00
DOC049,7.95,468.0,38,5,1,0,0,0,0,0,normal,2026-07-06 07:54:00
DOC049,8.51,474.0,42,4,1,0,0,0,0,0,normal,2026-07-04 08:07:00
DOC049,8.55,507.0,34,5,1,0,0,0,0,0,normal,2026-07-04 08:21:00
DOC049,7.88,477.0,42,4,1,0,0,0,0,0,normal,2026-07-04 07:44:00
DOC049,8.44,478.0,38,5,1,0,0,0,0,0,normal,2026-07-03 08:25:00
DOC049,8.61,459.0,40,4,1,0,0,0,0,0,normal,2026-07-03 08:31:00
DOC049,8.14,513.0,41,3,1,0,0,0,0,0,normal,2026-07-02 08:14:00
DOC049,8.31,514.0,44,5,1,0,0,0,0,0,normal,2026-07-02 08:53:00
DOC049,8.39,466.0,35,3,1,0,0,0,0,0,normal,2026-07-01 08:15:00
DOC049,8.59,507.0,45,3,1,0,0,0,0,0,normal,2026-07-01 08:40:00
DOC049,8.16,436.0,43,4,1,0,0,0,0,0,normal,2026-06-30 08:18:00
DOC049,7.8,424.0,45,3,1,0,0,0,0,0,normal,2026-06-30 07:39:00
DOC049,8.58,456.0,34,3,1,0,0,0,0,0,normal,2026-06-30 08:33:00
DOC049,8.66,436.0,42,3,1,0,0,0,0,0,normal,2026-06-29 08:13:00
DOC049,8.78,427.0,38,3,1,0,0,0,0,0,normal,2026-06-29 08:36:00
DOC049,8.14,480.0,44,3,1,0,0,0,0,0,normal,2026-06-29 08:44:00
DOC049,8.91,431.0,44,3,1,0,0,0,0,0,normal,2026-06-27 08:22:00
DOC049,8.16,485.0,37,3,1,0,0,0,0,0,normal,2026-06-26 08:33:00
DOC049,8.4,457.0,36,4,1,0,0,0,0,0,normal,2026-06-25 08:39:00
DOC049,7.72,466.0,40,4,1,0,0,0,0,0,normal,2026-06-25 07:41:00
DOC049,8.24,469.0,36,5,1,0,0,0,0,0,normal,2026-06-25 08:48:00
DOC049,8.69,507.0,44,4,1,0,0,0,0,0,normal,2026-06-24 08:41:00
DOC049,8.7,495.0,39,3,1,0,0,0,0,0,normal,2026-06-24 08:51:00
DOC049,7.73,435.0,44,5,1,0,0,0,0,0,normal,2026-06-23 07:10:00
DOC049,8.1,415.0,41,3,1,0,0,0,0,0,normal,2026-06-23 08:19:00
DOC049,8.28,461.0,40,4,1,0,0,0,0,0,normal,2026-06-22 08:38:00
DOC049,7.62,474.0,36,3,1,0,0,0,0,0,normal,2026-06-20 07:39:00
DOC049,8.41,495.0,37,4,1,0,0,0,0,0,normal,2026-06-19 08:05:00
DOC049,8.3,425.0,39,5,1,0,0,0,0,0,normal,2026-06-19 08:51:00
DOC049,7.81,417.0,45,3,1,0,0,0,0,0,normal,2026-06-19 07:15:00
DOC049,8.23,520.0,38,5,1,0,0,0,0,0,normal,2026-06-18 08:51:00
DOC049,8.08,495.0,44,4,1,0,0,0,0,0,normal,2026-06-17 08:44:00
DOC049,7.63,409.0,36,5,1,0,0,0,0,0,normal,2026-06-17 07:03:00
DOC049,8.59,491.0,36,4,1,0,0,0,0,0,normal,2026-06-16 08:34:00
DOC049,8.08,414.0,36,5,1,0,0,0,0,0,normal,2026-06-16 08:51:00
DOC049,7.97,528.0,38,4,1,0,0,0,0,0,normal,2026-06-16 07:36:00
DOC049,7.95,428.0,46,5,1,0,0,0,0,0,normal,2026-06-15 07:17:00
DOC049,8.15,504.0,39,5,1,0,0,0,0,0,normal,2026-06-15 08:05:00
DOC049,8.94,445.0,40,4,1,0,0,0,0,0,normal,2026-06-15 08:01:00
DOC049,8.53,442.0,46,3,1,0,0,0,0,0,normal,2026-06-13 08:49:00
DOC049,8.77,476.0,35,3,1,0,0,0,0,0,normal,2026-06-12 08:28:00
DOC049,8.4,447.0,40,4,1,0,0,0,0,0,normal,2026-06-12 08:30:00
DOC049,7.8,463.0,37,4,1,0,0,0,0,0,normal,2026-06-12 07:41:00
DOC049,8.97,485.0,35,3,1,0,0,0,0,0,normal,2026-06-11 08:30:00
DOC049,8.66,470.0,35,3,1,0,0,0,0,0,normal,2026-06-11 08:11:00
DOC049,8.75,494.0,38,3,1,0,0,0,0,0,normal,2026-06-11 08:37:00
DOC049,8.02,503.0,42,5,1,0,0,0,0,0,normal,2026-06-10 08:41:00
DOC049,8.48,436.0,39,5,1,0,0,0,0,0,normal,2026-06-10 08:08:00
DOC049,7.74,444.0,42,5,1,0,0,0,0,0,normal,2026-06-10 07:41:00
DOC049,8.5,506.0,35,4,1,0,0,0,0,0,normal,2026-06-09 08:55:00
DOC049,8.59,425.0,39,4,1,0,0,0,0,0,normal,2026-06-09 08:27:00
DOC049,7.98,525.0,41,5,1,0,0,0,0,0,normal,2026-06-09 07:14:00
DOC049,8.04,472.0,43,4,1,0,0,0,0,0,normal,2026-06-08 08:41:00
DOC049,8.74,507.0,37,4,1,0,0,0,0,0,normal,2026-06-08 08:51:00
DOC049,8.3,489.0,39,5,1,0,0,0,0,0,normal,2026-06-06 08:19:00
DOC049,7.86,421.0,42,5,1,0,0,0,0,0,normal,2026-06-05 07:56:00
DOC049,8.92,467.0,40,5,1,0,0,0,0,0,normal,2026-06-04 08:32:00
DOC049,8.83,433.0,34,5,1,0,0,0,0,0,normal,2026-06-04 08:02:00
DOC049,7.73,497.0,35,5,1,0,0,0,0,0,normal,2026-06-03 07:11:00
DOC049,7.68,511.0,37,4,1,0,0,0,0,0,normal,2026-06-03 07:10:00
DOC049,8.63,444.0,46,3,1,0,0,0,0,0,normal,2026-06-02 08:05:00
DOC049,8.01,515.0,44,5,1,0,0,0,0,0,normal,2026-06-02 08:47:00
DOC049,8.43,426.0,43,4,1,0,0,0,0,0,normal,2026-06-02 08:26:00
DOC049,8.19,471.0,35,3,1,0,0,0,0,0,normal,2026-06-01 08:15:00
DOC049,8.51,503.0,37,4,1,0,0,0,0,0,normal,2026-06-01 08:15:00
DOC049,8.95,516.0,36,3,1,0,0,0,0,0,normal,2026-06-01 08:15:00
DOC049,7.92,436.0,39,5,1,0,0,0,0,0,normal,2026-05-30 07:02:00
DOC049,8.87,463.0,37,3,1,0,0,0,0,0,normal,2026-05-30 08:26:00
DOC049,8.85,478.0,40,3,1,0,0,0,0,0,normal,2026-05-30 08:22:00
DOC049,8.51,499.0,45,4,1,0,0,0,0,0,normal,2026-05-29 08:55:00
DOC049,8.65,456.0,40,5,1,0,0,0,0,0,normal,2026-05-29 08:06:00
DOC049,8.29,525.0,44,5,1,0,0,0,0,0,normal,2026-05-29 08:05:00
DOC049,8.14,440.0,34,3,1,0,0,0,0,0,normal,2026-05-28 08:45:00
DOC049,8.11,466.0,34,5,1,0,0,0,0,0,normal,2026-05-28 08:34:00
DOC049,7.8,483.0,43,4,1,0,0,0,0,0,normal,2026-05-27 07:31:00
DOC049,7.61,417.0,43,5,1,0,0,0,0,0,normal,2026-05-27 07:56:00
DOC050,8.49,429.0,22,5,1,0,0,0,0,0,normal,2026-07-25 08:17:00
DOC050,9.5,399.0,22,4,1,0,0,0,0,0,normal,2026-07-24 09:11:00
DOC050,8.93,435.0,24,5,1,0,0,0,0,0,normal,2026-07-24 08:08:00
DOC050,8.58,411.0,27,3,1,0,0,0,0,0,normal,2026-07-24 08:06:00
DOC050,9.01,440.0,21,4,1,0,0,0,0,0,normal,2026-07-23 09:47:00
DOC050,8.86,402.0,22,3,1,0,0,0,0,0,normal,2026-07-23 08:19:00
DOC050,8.53,442.0,19,4,1,0,0,0,0,0,normal,2026-07-23 08:34:00
DOC050,8.15,405.0,22,5,1,0,0,0,0,0,normal,2026-07-22 08:49:00
DOC050,9.03,374.0,26,4,1,0,0,0,0,0,normal,2026-07-21 09:31:00
DOC050,9.02,357.0,24,3,1,0,0,0,0,0,normal,2026-07-21 09:36:00
DOC050,8.65,413.0,20,3,1,0,0,0,0,0,normal,2026-07-21 08:01:00
DOC050,8.9,383.0,18,4,1,0,0,0,0,0,normal,2026-07-20 08:17:00
DOC050,9.3,372.0,19,3,1,0,0,0,0,0,normal,2026-07-20 09:03:00
DOC050,8.16,406.0,21,4,1,0,0,0,0,0,normal,2026-07-20 08:24:00
DOC050,8.94,372.0,20,3,1,0,0,0,0,0,normal,2026-07-18 08:05:00
DOC050,9.52,411.0,28,5,1,0,0,0,0,0,normal,2026-07-18 09:46:00
DOC050,9.18,417.0,26,5,1,0,0,0,0,0,normal,2026-07-17 09:05:00
DOC050,8.69,431.0,19,3,1,0,0,0,0,0,normal,2026-07-16 08:25:00
DOC050,9.04,365.0,26,4,1,0,0,0,0,0,normal,2026-07-15 09:18:00
DOC050,9.48,401.0,29,5,1,0,0,0,0,0,normal,2026-07-14 09:42:00
DOC050,8.85,447.0,26,5,1,0,0,0,0,0,normal,2026-07-14 08:57:00
DOC050,8.29,413.0,25,3,1,0,0,0,0,0,normal,2026-07-13 08:46:00
DOC050,8.86,393.0,21,5,1,0,0,0,0,0,normal,2026-07-13 08:50:00
DOC050,9.29,344.0,28,5,1,0,0,0,0,0,normal,2026-07-11 09:56:00
DOC050,9.35,449.0,25,3,1,0,0,0,0,0,normal,2026-07-10 09:43:00
DOC050,9.29,381.0,26,5,1,0,0,0,0,0,normal,2026-07-10 09:03:00
DOC050,8.15,339.0,24,3,1,0,0,0,0,0,normal,2026-07-09 08:12:00
DOC050,9.27,370.0,27,5,1,0,0,0,0,0,normal,2026-07-08 09:14:00
DOC050,8.13,363.0,30,4,1,0,0,0,0,0,normal,2026-07-08 08:30:00
DOC050,9.44,378.0,30,5,1,0,0,0,0,0,normal,2026-07-08 09:40:00
DOC050,8.75,421.0,19,5,1,0,0,0,0,0,normal,2026-07-07 08:47:00
DOC050,8.22,386.0,25,5,1,0,0,0,0,0,normal,2026-07-06 08:53:00
DOC050,8.72,377.0,28,5,1,0,0,0,0,0,normal,2026-07-06 08:28:00
DOC050,8.53,348.0,29,5,1,0,0,0,0,0,normal,2026-07-04 08:31:00
DOC050,8.77,333.0,22,5,1,0,0,0,0,0,normal,2026-07-04 08:42:00
DOC050,9.27,383.0,30,3,1,0,0,0,0,0,normal,2026-07-04 09:45:00
DOC050,8.26,404.0,30,5,1,0,0,0,0,0,normal,2026-07-03 08:17:00
DOC050,8.41,400.0,24,3,1,0,0,0,0,0,normal,2026-07-03 08:34:00
DOC050,8.29,434.0,30,3,1,0,0,0,0,0,normal,2026-07-02 08:55:00
DOC050,9.11,388.0,30,5,1,0,0,0,0,0,normal,2026-07-02 09:55:00
DOC050,8.63,427.0,29,3,1,0,0,0,0,0,normal,2026-07-01 08:05:00
DOC050,9.27,431.0,19,4,1,0,0,0,0,0,normal,2026-06-30 09:31:00
DOC050,9.07,433.0,24,3,1,0,0,0,0,0,normal,2026-06-30 09:08:00
DOC050,8.92,444.0,29,3,1,0,0,0,0,0,normal,2026-06-29 08:44:00
DOC050,8.33,429.0,25,5,1,0,0,0,0,0,normal,2026-06-29 08:51:00
DOC050,9.37,395.0,19,4,1,0,0,0,0,0,normal,2026-06-29 09:26:00
DOC050,8.71,421.0,28,5,1,0,0,0,0,0,normal,2026-06-27 08:35:00
DOC050,8.96,416.0,24,4,1,0,0,0,0,0,normal,2026-06-27 08:08:00
DOC050,9.12,372.0,20,3,1,0,0,0,0,0,normal,2026-06-26 09:52:00
DOC050,8.33,381.0,20,5,1,0,0,0,0,0,normal,2026-06-26 08:06:00
DOC050,9.06,399.0,19,4,1,0,0,0,0,0,normal,2026-06-26 09:43:00
DOC050,8.99,385.0,25,4,1,0,0,0,0,0,normal,2026-06-25 08:08:00
DOC050,8.58,438.0,26,5,1,0,0,0,0,0,normal,2026-06-24 08:29:00
DOC050,9.33,344.0,26,5,1,0,0,0,0,0,normal,2026-06-24 09:42:00
DOC050,9.36,418.0,19,4,1,0,0,0,0,0,normal,2026-06-23 09:02:00
DOC050,8.94,379.0,26,5,1,0,0,0,0,0,normal,2026-06-22 08:55:00
DOC050,8.66,408.0,27,5,1,0,0,0,0,0,normal,2026-06-22 08:36:00
DOC050,9.28,338.0,19,3,1,0,0,0,0,0,normal,2026-06-20 09:03:00
DOC050,8.68,352.0,25,5,1,0,0,0,0,0,normal,2026-06-19 08:06:00
DOC050,8.59,417.0,28,3,1,0,0,0,0,0,normal,2026-06-18 08:03:00
DOC050,9.12,414.0,18,4,1,0,0,0,0,0,normal,2026-06-18 09:34:00
DOC050,8.17,400.0,20,5,1,0,0,0,0,0,normal,2026-06-18 08:23:00
DOC050,9.27,445.0,22,3,1,0,0,0,0,0,normal,2026-06-17 09:03:00
DOC050,8.48,347.0,19,3,1,0,0,0,0,0,normal,2026-06-17 08:16:00
DOC050,9.31,337.0,19,5,1,0,0,0,0,0,normal,2026-06-16 09:01:00
DOC050,9.38,422.0,30,4,1,0,0,0,0,0,normal,2026-06-15 09:05:00
DOC050,9.26,344.0,21,3,1,0,0,0,0,0,normal,2026-06-15 09:51:00
DOC050,8.53,348.0,20,5,1,0,0,0,0,0,normal,2026-06-15 08:37:00
DOC050,9.44,441.0,28,5,1,0,0,0,0,0,normal,2026-06-13 09:54:00
DOC050,8.67,391.0,29,5,1,0,0,0,0,0,normal,2026-06-13 08:54:00
DOC050,8.23,390.0,18,3,1,0,0,0,0,0,normal,2026-06-13 08:17:00
DOC050,9.38,403.0,19,4,1,0,0,0,0,0,normal,2026-06-12 09:34:00
DOC050,8.27,415.0,28,3,1,0,0,0,0,0,normal,2026-06-11 08:54:00
DOC050,8.38,421.0,21,3,1,0,0,0,0,0,normal,2026-06-11 08:41:00
DOC050,9.4,335.0,20,4,1,0,0,0,0,0,normal,2026-06-10 09:26:00
DOC050,8.37,376.0,18,4,1,0,0,0,0,0,normal,2026-06-09 08:34:00
DOC050,8.89,411.0,26,5,1,0,0,0,0,0,normal,2026-06-09 08:24:00
DOC050,9.07,423.0,20,3,1,0,0,0,0,0,normal,2026-06-09 09:07:00
DOC050,8.59,336.0,24,3,1,0,0,0,0,0,normal,2026-06-08 08:09:00
DOC050,9.04,370.0,27,3,1,0,0,0,0,0,normal,2026-06-06 09:24:00
DOC050,8.44,380.0,22,3,1,0,0,0,0,0,normal,2026-06-06 08:54:00
DOC050,8.44,403.0,24,4,1,0,0,0,0,0,normal,2026-06-05 08:15:00
DOC050,9.47,406.0,21,5,1,0,0,0,0,0,normal,2026-06-05 09:59:00
DOC050,9.46,391.0,19,4,1,0,0,0,0,0,normal,2026-06-04 09:42:00
DOC050,8.68,385.0,26,5,1,0,0,0,0,0,normal,2026-06-04 08:44:00
DOC050,8.66,358.0,20,5,1,0,0,0,0,0,normal,2026-06-03 08:26:00
DOC050,8.82,355.0,18,3,1,0,0,0,0,0,normal,2026-06-03 08:39:00
DOC050,8.83,382.0,20,3,1,0,0,0,0,0,normal,2026-06-03 08:42:00
DOC050,9.04,426.0,19,3,1,0,0,0,0,0,normal,2026-06-02 09:10:00
DOC050,9.44,442.0,23,3,1,0,0,0,0,0,normal,2026-06-02 09:48:00
DOC050,9.01,403.0,28,3,1,0,0,0,0,0,normal,2026-06-02 09:05:00
DOC050,9.1,448.0,21,5,1,0,0,0,0,0,normal,2026-06-01 09:17:00
DOC050,8.12,423.0,25,5,1,0,0,0,0,0,normal,2026-05-30 08:13:00
DOC050,9.04,366.0,24,4,1,0,0,0,0,0,normal,2026-05-29 09:46:00
DOC050,8.32,451.0,21,3,1,0,0,0,0,0,normal,2026-05-29 08:04:00
DOC050,9.05,400.0,28,5,1,0,0,0,0,0,normal,2026-05-28 09:41:00
DOC050,9.3,439.0,27,5,1,0,0,0,0,0,normal,2026-05-28 09:56:00
DOC050,9.31,355.0,19,5,1,0,0,0,0,0,normal,2026-05-27 09:36:00
